timestamp,q1,q2,q3,q4,q5,q6,qdot1,qdot2,qdot3,qdot4,qdot5,qdot6,current1,current2,current3,current4,current5,current6,qddot1,qddot2,qddot3,qddot4,qddot5,qddot6,experiment_id,trajectory_id,run_id,commanded_speed,payload_g,contact_label,grasp_context,thermal_condition
508832.3073142,45.06,-8.02,111.95,0.24,64.87,-0.1,0.0,0.0,0.0,0.0,0.0,0.0,0.0,0.0,33.0,0.0,0.0,0.0,0.0,0.0,0.0,0.0,0.0,0.0,ID_NORMAL_001,JOINT2_SWEEP_MEDIUM,RUN_01,50.0,0.0,NORMAL,NONE,COLD
508832.350044,45.06,-8.02,111.95,0.24,64.87,-0.1,0.0,0.0,0.0,0.0,0.0,0.0,0.0,0.0,33.0,0.0,0.0,0.0,0.0,0.0,0.0,0.0,0.0,0.0,ID_NORMAL_001,JOINT2_SWEEP_MEDIUM,RUN_01,50.0,0.0,NORMAL,NONE,COLD
508832.4037435,45.06,-8.02,111.95,0.24,64.87,-0.1,0.0,0.0,0.0,0.0,0.0,0.0,0.0,0.0,33.0,0.0,0.0,0.0,0.0,0.0,0.0,0.0,0.0,0.0,ID_NORMAL_001,JOINT2_SWEEP_MEDIUM,RUN_01,50.0,0.0,NORMAL,NONE,COLD
508832.4037435,45.06,-8.02,111.95,0.24,64.87,-0.1,0.0,0.0,0.0,0.0,0.0,0.0,0.0,0.0,34.0,0.0,0.0,0.0,0.0,0.0,0.0,0.0,0.0,0.0,ID_NORMAL_001,JOINT2_SWEEP_MEDIUM,RUN_01,50.0,0.0,NORMAL,NONE,COLD
508832.4448425,45.06,-8.02,111.95,0.24,64.87,-0.1,0.0,0.0,0.0,0.0,0.0,0.0,0.0,0.0,35.0,0.0,0.0,0.0,0.0,0.0,0.0,0.0,0.0,0.0,ID_NORMAL_001,JOINT2_SWEEP_MEDIUM,RUN_01,50.0,0.0,NORMAL,NONE,COLD
508832.4448425,45.06,-8.02,111.95,0.24,64.87,-0.1,0.0,0.0,0.0,0.0,0.0,0.0,0.0,0.0,33.0,0.0,0.0,0.0,0.0,0.0,0.0,0.0,0.0,0.0,ID_NORMAL_001,JOINT2_SWEEP_MEDIUM,RUN_01,50.0,0.0,NORMAL,NONE,COLD
508832.4923962,45.06,-8.02,111.95,0.24,64.87,-0.1,0.0,0.0,0.0,0.0,0.0,0.0,0.0,0.0,32.0,0.0,0.0,0.0,0.0,0.0,0.0,0.0,0.0,0.0,ID_NORMAL_001,JOINT2_SWEEP_MEDIUM,RUN_01,50.0,0.0,NORMAL,NONE,COLD
508832.4987449,45.06,-8.02,111.95,0.24,64.87,-0.1,0.0,0.0,0.0,0.0,0.0,0.0,0.0,0.0,34.0,0.0,0.0,0.0,0.0,0.0,0.0,0.0,0.0,0.0,ID_NORMAL_001,JOINT2_SWEEP_MEDIUM,RUN_01,50.0,0.0,NORMAL,NONE,COLD
508832.5402543,45.06,-8.02,111.95,0.24,64.87,-0.1,0.0,0.0,0.0,0.0,0.0,0.0,0.0,0.0,34.0,0.0,0.0,0.0,0.0,0.0,0.0,0.0,0.0,0.0,ID_NORMAL_001,JOINT2_SWEEP_MEDIUM,RUN_01,50.0,0.0,NORMAL,NONE,COLD
508832.5885316,45.06,-8.02,111.95,0.24,64.87,-0.1,0.0,0.0,0.0,0.0,0.0,0.0,0.0,0.0,33.0,0.0,0.0,0.0,0.0,0.0,0.0,0.0,0.0,0.0,ID_NORMAL_001,JOINT2_SWEEP_MEDIUM,RUN_01,50.0,0.0,NORMAL,NONE,COLD
508832.5885316,45.06,-8.02,111.95,0.24,64.87,-0.1,0.0,0.0,0.0,0.0,0.0,0.0,0.0,0.0,33.0,0.0,0.0,0.0,0.0,0.0,0.0,0.0,0.0,0.0,ID_NORMAL_001,JOINT2_SWEEP_MEDIUM,RUN_01,50.0,0.0,NORMAL,NONE,COLD
508832.6354482,45.06,-8.02,111.95,0.24,64.87,-0.1,0.0,0.0,0.0,0.0,0.0,0.0,0.0,0.0,33.0,0.0,0.0,0.0,0.0,0.0,0.0,0.0,0.0,0.0,ID_NORMAL_001,JOINT2_SWEEP_MEDIUM,RUN_01,50.0,0.0,NORMAL,NONE,COLD
508832.6828088,45.06,-8.02,111.95,0.24,64.87,-0.1,0.0,0.0,0.0,0.0,0.0,0.0,0.0,0.0,33.0,0.0,0.0,0.0,0.0,0.0,0.0,0.0,0.0,0.0,ID_NORMAL_001,JOINT2_SWEEP_MEDIUM,RUN_01,50.0,0.0,NORMAL,NONE,COLD
508832.6828088,45.06,-8.02,111.95,0.24,64.87,-0.1,0.0,0.0,0.0,0.0,0.0,0.0,0.0,0.0,32.0,0.0,0.0,0.0,0.0,0.0,0.0,0.0,0.0,0.0,ID_NORMAL_001,JOINT2_SWEEP_MEDIUM,RUN_01,50.0,0.0,NORMAL,NONE,COLD
508832.7017475,45.06,-8.02,111.95,0.24,64.87,-0.1,0.0,0.0,0.0,0.0,0.0,0.0,0.0,0.0,34.0,0.0,0.0,0.0,0.0,0.0,0.0,0.0,0.0,0.0,ID_NORMAL_001,JOINT2_SWEEP_MEDIUM,RUN_01,50.0,0.0,NORMAL,NONE,COLD
508832.7450512,45.06,-8.02,111.95,0.24,64.87,-0.1,0.0,0.0,0.0,0.0,0.0,0.0,0.0,0.0,33.0,0.0,0.0,0.0,0.0,0.0,0.0,0.0,0.0,0.0,ID_NORMAL_001,JOINT2_SWEEP_MEDIUM,RUN_01,50.0,0.0,NORMAL,NONE,COLD
508832.7450512,45.06,-8.02,111.95,0.24,64.87,-0.1,0.0,0.0,0.0,0.0,0.0,0.0,0.0,0.0,33.0,0.0,0.0,0.0,0.0,0.0,0.0,0.0,0.0,0.0,ID_NORMAL_001,JOINT2_SWEEP_MEDIUM,RUN_01,50.0,0.0,NORMAL,NONE,COLD
508832.7942613,45.06,-8.02,111.95,0.24,64.87,-0.1,0.0,0.0,0.0,0.0,0.0,0.0,0.0,0.0,33.0,0.0,0.0,0.0,0.0,0.0,0.0,0.0,0.0,0.0,ID_NORMAL_001,JOINT2_SWEEP_MEDIUM,RUN_01,50.0,0.0,NORMAL,NONE,COLD
508832.8393864,45.06,-8.02,111.95,0.24,64.87,-0.1,0.0,0.0,0.0,0.0,0.0,0.0,0.0,0.0,33.0,0.0,0.0,0.0,0.0,0.0,0.0,0.0,0.0,0.0,ID_NORMAL_001,JOINT2_SWEEP_MEDIUM,RUN_01,50.0,0.0,NORMAL,NONE,COLD
508832.8393864,45.06,-8.02,111.95,0.24,64.87,-0.1,0.0,0.0,0.0,0.0,0.0,0.0,0.0,0.0,33.0,0.0,0.0,0.0,0.0,0.0,0.0,0.0,0.0,0.0,ID_NORMAL_001,JOINT2_SWEEP_MEDIUM,RUN_01,50.0,0.0,NORMAL,NONE,COLD
508832.880611,45.06,-8.02,111.95,0.24,64.87,-0.1,0.0,0.0,0.0,0.0,0.0,0.0,0.0,0.0,35.0,0.0,0.0,0.0,0.0,0.0,0.0,0.0,0.0,0.0,ID_NORMAL_001,JOINT2_SWEEP_MEDIUM,RUN_01,50.0,0.0,NORMAL,NONE,COLD
508832.880611,45.06,-8.02,111.95,0.24,64.87,-0.1,0.0,0.0,0.0,0.0,0.0,0.0,0.0,0.0,33.0,0.0,0.0,0.0,0.0,0.0,0.0,0.0,0.0,0.0,ID_NORMAL_001,JOINT2_SWEEP_MEDIUM,RUN_01,50.0,0.0,NORMAL,NONE,COLD
508832.9092007,45.06,-8.02,111.95,0.24,64.87,-0.1,0.0,0.0,0.0,0.0,0.0,0.0,0.0,0.0,33.0,0.0,0.0,0.0,0.0,0.0,0.0,0.0,0.0,0.0,ID_NORMAL_001,JOINT2_SWEEP_MEDIUM,RUN_01,50.0,0.0,NORMAL,NONE,COLD
508832.9532341,45.06,-8.02,111.95,0.24,64.87,-0.1,0.0,0.0,0.0,0.0,0.0,0.0,0.0,0.0,33.0,0.0,0.0,0.0,0.0,0.0,0.0,0.0,0.0,0.0,ID_NORMAL_001,JOINT2_SWEEP_MEDIUM,RUN_01,50.0,0.0,NORMAL,NONE,COLD
508833.0002937,45.06,-8.02,111.95,0.24,64.87,-0.1,0.0,0.0,0.0,0.0,0.0,0.0,0.0,0.0,34.0,0.0,0.0,0.0,0.0,0.0,0.0,0.0,0.0,0.0,ID_NORMAL_001,JOINT2_SWEEP_MEDIUM,RUN_01,50.0,0.0,NORMAL,NONE,COLD
508833.0002937,45.06,-8.02,111.95,0.24,64.87,-0.1,0.0,0.0,0.0,0.0,0.0,0.0,0.0,0.0,33.0,0.0,0.0,0.0,0.0,0.0,0.0,0.0,0.0,0.0,ID_NORMAL_001,JOINT2_SWEEP_MEDIUM,RUN_01,50.0,0.0,NORMAL,NONE,COLD
508833.0446913,45.06,-8.02,111.95,0.24,64.87,-0.1,0.0,0.0,0.0,0.0,0.0,0.0,0.0,0.0,33.0,0.0,0.0,0.0,0.0,0.0,0.0,0.0,0.0,0.0,ID_NORMAL_001,JOINT2_SWEEP_MEDIUM,RUN_01,50.0,0.0,NORMAL,NONE,COLD
508833.0897684,45.06,-8.02,111.95,0.24,64.87,-0.1,0.0,0.0,0.0,0.0,0.0,0.0,0.0,0.0,33.0,0.0,0.0,0.0,0.0,0.0,0.0,0.0,0.0,0.0,ID_NORMAL_001,JOINT2_SWEEP_MEDIUM,RUN_01,50.0,0.0,NORMAL,NONE,COLD
508833.0897684,45.06,-8.02,111.95,0.24,64.87,-0.1,0.0,0.0,0.0,0.0,0.0,0.0,0.0,0.0,33.0,0.0,0.0,0.0,0.0,0.0,0.0,0.0,0.0,0.0,ID_NORMAL_001,JOINT2_SWEEP_MEDIUM,RUN_01,50.0,0.0,NORMAL,NONE,COLD
508833.1043066,45.06,-8.02,111.95,0.24,64.87,-0.1,0.0,0.0,0.0,0.0,0.0,0.0,0.0,0.0,33.0,0.0,0.0,0.0,0.0,0.0,0.0,0.0,0.0,0.0,ID_NORMAL_001,JOINT2_SWEEP_MEDIUM,RUN_01,50.0,0.0,NORMAL,NONE,COLD
508833.1561378,45.06,-8.02,111.95,0.24,64.87,-0.1,0.0,0.0,0.0,0.0,0.0,0.0,0.0,0.0,33.0,0.0,0.0,0.0,0.0,0.0,0.0,0.0,0.0,0.0,ID_NORMAL_001,JOINT2_SWEEP_MEDIUM,RUN_01,50.0,0.0,NORMAL,NONE,COLD
508833.2000652,45.06,-8.02,111.95,0.24,64.87,-0.1,0.0,0.0,0.0,0.0,0.0,0.0,0.0,0.0,35.0,0.0,0.0,0.0,0.0,0.0,0.0,0.0,0.0,0.0,ID_NORMAL_001,JOINT2_SWEEP_MEDIUM,RUN_01,50.0,0.0,NORMAL,NONE,COLD
508833.2000652,45.06,-8.02,111.95,0.24,64.87,-0.1,0.0,0.0,0.0,0.0,0.0,0.0,0.0,0.0,33.0,0.0,0.0,0.0,0.0,0.0,0.0,0.0,0.0,0.0,ID_NORMAL_001,JOINT2_SWEEP_MEDIUM,RUN_01,50.0,0.0,NORMAL,NONE,COLD
508833.2463251,45.06,-8.02,111.95,0.24,64.87,-0.1,0.0,0.0,0.0,0.0,0.0,0.0,0.0,0.0,33.0,0.0,0.0,0.0,0.0,0.0,0.0,0.0,0.0,0.0,ID_NORMAL_001,JOINT2_SWEEP_MEDIUM,RUN_01,50.0,0.0,NORMAL,NONE,COLD
508833.2463251,45.06,-8.02,111.95,0.24,64.87,-0.1,0.0,0.0,0.0,0.0,0.0,0.0,0.0,0.0,34.0,0.0,0.0,0.0,0.0,0.0,0.0,0.0,0.0,0.0,ID_NORMAL_001,JOINT2_SWEEP_MEDIUM,RUN_01,50.0,0.0,NORMAL,NONE,COLD
508833.2934689,45.06,-8.02,111.95,0.24,64.87,-0.1,0.0,0.0,0.0,0.0,0.0,0.0,0.0,0.0,33.0,0.0,0.0,0.0,0.0,0.0,0.0,0.0,0.0,0.0,ID_NORMAL_001,JOINT2_SWEEP_MEDIUM,RUN_01,50.0,0.0,NORMAL,NONE,COLD
508833.2934689,45.06,-8.02,111.95,0.24,64.87,-0.1,0.0,0.0,0.0,0.0,0.0,0.0,0.0,0.0,33.0,0.0,0.0,0.0,0.0,0.0,0.0,0.0,0.0,0.0,ID_NORMAL_001,JOINT2_SWEEP_MEDIUM,RUN_01,50.0,0.0,NORMAL,NONE,COLD
508833.3210798,45.06,-8.02,111.95,0.24,64.87,-0.1,0.0,0.0,0.0,0.0,0.0,0.0,0.0,0.0,33.0,0.0,0.0,0.0,0.0,0.0,0.0,0.0,0.0,0.0,ID_NORMAL_001,JOINT2_SWEEP_MEDIUM,RUN_01,50.0,0.0,NORMAL,NONE,COLD
508833.3701065,45.06,-8.02,111.95,0.24,64.87,-0.1,0.0,0.0,0.0,0.0,0.0,0.0,0.0,0.0,33.0,0.0,0.0,0.0,0.0,0.0,0.0,0.0,0.0,0.0,ID_NORMAL_001,JOINT2_SWEEP_MEDIUM,RUN_01,50.0,0.0,NORMAL,NONE,COLD
508833.4006772,45.06,-8.02,111.95,0.24,64.87,-0.1,0.0,0.0,0.0,0.0,0.0,0.0,0.0,0.0,34.0,0.0,0.0,0.0,0.0,0.0,0.0,0.0,0.0,0.0,ID_NORMAL_001,JOINT2_SWEEP_MEDIUM,RUN_01,50.0,0.0,NORMAL,NONE,COLD
508833.4006772,45.06,-8.02,111.95,0.24,64.87,-0.1,0.0,0.0,0.0,0.0,0.0,0.0,0.0,0.0,33.0,0.0,0.0,0.0,0.0,0.0,0.0,0.0,0.0,0.0,ID_NORMAL_001,JOINT2_SWEEP_MEDIUM,RUN_01,50.0,0.0,NORMAL,NONE,COLD
508833.4495489,45.06,-8.02,111.95,0.24,64.87,-0.1,0.0,0.0,0.0,0.0,0.0,0.0,0.0,0.0,36.0,0.0,0.0,0.0,0.0,0.0,0.0,0.0,0.0,0.0,ID_NORMAL_001,JOINT2_SWEEP_MEDIUM,RUN_01,50.0,0.0,NORMAL,NONE,COLD
508833.4982767,45.06,-8.02,111.95,0.24,64.87,-0.1,0.0,0.0,0.0,0.0,0.0,0.0,0.0,0.0,33.0,0.0,0.0,0.0,0.0,0.0,0.0,0.0,0.0,0.0,ID_NORMAL_001,JOINT2_SWEEP_MEDIUM,RUN_01,50.0,0.0,NORMAL,NONE,COLD
508833.4982767,45.06,-8.02,111.95,0.24,64.87,-0.1,0.0,0.0,0.0,0.0,0.0,0.0,0.0,0.0,34.0,0.0,0.0,0.0,0.0,0.0,0.0,0.0,0.0,0.0,ID_NORMAL_001,JOINT2_SWEEP_MEDIUM,RUN_01,50.0,0.0,NORMAL,NONE,COLD
508833.5126489,45.06,-8.02,111.95,0.24,64.87,-0.1,0.0,0.0,0.0,0.0,0.0,0.0,0.0,0.0,33.0,0.0,0.0,0.0,0.0,0.0,0.0,0.0,0.0,0.0,ID_NORMAL_001,JOINT2_SWEEP_MEDIUM,RUN_01,50.0,0.0,NORMAL,NONE,COLD
508833.5705447,45.06,-8.02,111.95,0.24,64.87,-0.1,0.0,0.0,0.0,0.0,0.0,0.0,0.0,0.0,33.0,0.0,0.0,0.0,0.0,0.0,0.0,0.0,0.0,0.0,ID_NORMAL_001,JOINT2_SWEEP_MEDIUM,RUN_01,50.0,0.0,NORMAL,NONE,COLD
508833.6033754,45.06,-8.02,111.95,0.24,64.87,-0.1,0.0,0.0,0.0,0.0,0.0,0.0,0.0,0.0,34.0,0.0,0.0,0.0,0.0,0.0,0.0,0.0,0.0,0.0,ID_NORMAL_001,JOINT2_SWEEP_MEDIUM,RUN_01,50.0,0.0,NORMAL,NONE,COLD
508833.6033754,45.06,-8.02,111.95,0.24,64.87,-0.1,0.0,0.0,0.0,0.0,0.0,0.0,0.0,0.0,34.0,0.0,0.0,0.0,0.0,0.0,0.0,0.0,0.0,0.0,ID_NORMAL_001,JOINT2_SWEEP_MEDIUM,RUN_01,50.0,0.0,NORMAL,NONE,COLD
508833.653027,45.06,-8.02,111.95,0.24,64.87,-0.1,0.0,0.0,0.0,0.0,0.0,0.0,0.0,0.0,34.0,0.0,0.0,0.0,0.0,0.0,0.0,0.0,0.0,0.0,ID_NORMAL_001,JOINT2_SWEEP_MEDIUM,RUN_01,50.0,0.0,NORMAL,NONE,COLD
508833.653027,45.06,-8.02,111.95,0.24,64.87,-0.1,0.0,0.0,0.0,0.0,0.0,0.0,0.0,0.0,32.0,0.0,0.0,0.0,0.0,0.0,0.0,0.0,0.0,0.0,ID_NORMAL_001,JOINT2_SWEEP_MEDIUM,RUN_01,50.0,0.0,NORMAL,NONE,COLD
508833.6982049,45.06,-8.02,111.95,0.24,64.87,-0.1,0.0,0.0,0.0,0.0,0.0,0.0,0.0,0.0,33.0,0.0,0.0,0.0,0.0,0.0,0.0,0.0,0.0,0.0,ID_NORMAL_001,JOINT2_SWEEP_MEDIUM,RUN_01,50.0,0.0,NORMAL,NONE,COLD
508833.7107732,45.06,-8.02,111.95,0.24,64.87,-0.1,0.0,0.0,0.0,0.0,0.0,0.0,0.0,0.0,33.0,0.0,0.0,0.0,0.0,0.0,0.0,0.0,0.0,0.0,ID_NORMAL_001,JOINT2_SWEEP_MEDIUM,RUN_01,50.0,0.0,NORMAL,NONE,COLD
508833.7667104,45.06,-8.02,111.95,0.24,64.87,-0.1,0.0,0.0,0.0,0.0,0.0,0.0,0.0,0.0,34.0,0.0,0.0,0.0,0.0,0.0,0.0,0.0,0.0,0.0,ID_NORMAL_001,JOINT2_SWEEP_MEDIUM,RUN_01,50.0,0.0,NORMAL,NONE,COLD
508833.7667104,45.06,-8.02,111.95,0.24,64.87,-0.1,0.0,0.0,0.0,0.0,0.0,0.0,0.0,0.0,34.0,0.0,0.0,0.0,0.0,0.0,0.0,0.0,0.0,0.0,ID_NORMAL_001,JOINT2_SWEEP_MEDIUM,RUN_01,50.0,0.0,NORMAL,NONE,COLD
508833.8104467,45.06,-8.02,111.95,0.24,64.87,-0.1,0.0,0.0,0.0,0.0,0.0,0.0,0.0,0.0,33.0,0.0,0.0,0.0,0.0,0.0,0.0,0.0,0.0,0.0,ID_NORMAL_001,JOINT2_SWEEP_MEDIUM,RUN_01,50.0,0.0,NORMAL,NONE,COLD
508833.8582379,45.06,-8.02,111.95,0.24,64.87,-0.1,0.0,0.0,0.0,0.0,0.0,0.0,0.0,0.0,34.0,0.0,0.0,0.0,0.0,0.0,0.0,0.0,0.0,0.0,ID_NORMAL_001,JOINT2_SWEEP_MEDIUM,RUN_01,50.0,0.0,NORMAL,NONE,COLD
508833.8582379,45.06,-8.02,111.95,0.24,64.87,-0.1,0.0,0.0,0.0,0.0,0.0,0.0,0.0,0.0,33.0,0.0,0.0,0.0,0.0,0.0,0.0,0.0,0.0,0.0,ID_NORMAL_001,JOINT2_SWEEP_MEDIUM,RUN_01,50.0,0.0,NORMAL,NONE,COLD
508833.9054028,45.06,-8.02,111.95,0.24,64.87,-0.1,0.0,0.0,0.0,0.0,0.0,0.0,0.0,0.0,34.0,0.0,0.0,0.0,0.0,0.0,0.0,0.0,0.0,0.0,ID_NORMAL_001,JOINT2_SWEEP_MEDIUM,RUN_01,50.0,0.0,NORMAL,NONE,COLD
508833.9054028,45.06,-8.02,111.95,0.24,64.87,-0.1,0.0,0.0,0.0,0.0,0.0,0.0,0.0,0.0,34.0,0.0,0.0,0.0,0.0,0.0,0.0,0.0,0.0,0.0,ID_NORMAL_001,JOINT2_SWEEP_MEDIUM,RUN_01,50.0,0.0,NORMAL,NONE,COLD
508833.9265285,45.06,-8.02,111.95,0.24,64.87,-0.1,0.0,0.0,0.0,0.0,0.0,0.0,0.0,0.0,33.0,0.0,0.0,0.0,0.0,0.0,0.0,0.0,0.0,0.0,ID_NORMAL_001,JOINT2_SWEEP_MEDIUM,RUN_01,50.0,0.0,NORMAL,NONE,COLD
508833.9675525,45.06,-8.02,111.95,0.24,64.87,-0.1,0.0,0.0,0.0,0.0,0.0,0.0,0.0,0.0,33.0,0.0,0.0,0.0,0.0,0.0,0.0,0.0,0.0,0.0,ID_NORMAL_001,JOINT2_SWEEP_MEDIUM,RUN_01,50.0,0.0,NORMAL,NONE,COLD
508834.0164176,45.06,-8.02,111.95,0.24,64.87,-0.1,0.0,0.0,0.0,0.0,0.0,0.0,0.0,0.0,33.0,0.0,0.0,0.0,0.0,0.0,0.0,0.0,0.0,0.0,ID_NORMAL_001,JOINT2_SWEEP_MEDIUM,RUN_01,50.0,0.0,NORMAL,NONE,COLD
508834.0164176,45.06,-8.02,111.95,0.24,64.87,-0.1,0.0,0.0,0.0,0.0,0.0,0.0,0.0,0.0,32.0,0.0,0.0,0.0,0.0,0.0,0.0,0.0,0.0,0.0,ID_NORMAL_001,JOINT2_SWEEP_MEDIUM,RUN_01,50.0,0.0,NORMAL,NONE,COLD
508834.0651169,45.06,-8.02,111.95,0.24,64.87,-0.1,0.0,0.0,0.0,0.0,0.0,0.0,0.0,0.0,33.0,0.0,0.0,0.0,0.0,0.0,0.0,0.0,0.0,0.0,ID_NORMAL_001,JOINT2_SWEEP_MEDIUM,RUN_01,50.0,0.0,NORMAL,NONE,COLD
508834.0651169,45.06,-8.02,111.95,0.24,64.87,-0.1,0.0,0.0,0.0,0.0,0.0,0.0,0.0,0.0,33.0,0.0,0.0,0.0,0.0,0.0,0.0,0.0,0.0,0.0,ID_NORMAL_001,JOINT2_SWEEP_MEDIUM,RUN_01,50.0,0.0,NORMAL,NONE,COLD
508834.1076142,45.06,-8.02,111.95,0.24,64.87,-0.1,0.0,0.0,0.0,0.0,0.0,0.0,0.0,0.0,33.0,0.0,0.0,0.0,0.0,0.0,0.0,0.0,0.0,0.0,ID_NORMAL_001,JOINT2_SWEEP_MEDIUM,RUN_01,50.0,0.0,NORMAL,NONE,COLD
508834.1171165,45.06,-8.02,111.95,0.24,64.87,-0.1,0.0,0.0,0.0,0.0,0.0,0.0,0.0,0.0,33.0,0.0,0.0,0.0,0.0,0.0,0.0,0.0,0.0,0.0,ID_NORMAL_001,JOINT2_SWEEP_MEDIUM,RUN_01,50.0,0.0,NORMAL,NONE,COLD
508834.1695587,45.06,-8.02,111.95,0.24,64.87,-0.1,0.0,0.0,0.0,0.0,0.0,0.0,0.0,0.0,33.0,0.0,0.0,0.0,0.0,0.0,0.0,0.0,0.0,0.0,ID_NORMAL_001,JOINT2_SWEEP_MEDIUM,RUN_01,50.0,0.0,NORMAL,NONE,COLD
508834.1695587,45.06,-8.02,111.95,0.24,64.87,-0.1,0.0,0.0,0.0,0.0,0.0,0.0,0.0,0.0,34.0,0.0,0.0,0.0,0.0,0.0,0.0,0.0,0.0,0.0,ID_NORMAL_001,JOINT2_SWEEP_MEDIUM,RUN_01,50.0,0.0,NORMAL,NONE,COLD
508834.221817,45.06,-8.02,111.95,0.24,64.87,-0.1,0.0,0.0,0.0,0.0,0.0,0.0,0.0,0.0,33.0,0.0,0.0,0.0,0.0,0.0,0.0,0.0,0.0,0.0,ID_NORMAL_001,JOINT2_SWEEP_MEDIUM,RUN_01,50.0,0.0,NORMAL,NONE,COLD
508834.2633227,45.06,-8.02,111.95,0.24,64.87,-0.1,0.0,0.0,0.0,0.0,0.0,0.0,0.0,0.0,34.0,0.0,0.0,0.0,0.0,0.0,0.0,0.0,0.0,0.0,ID_NORMAL_001,JOINT2_SWEEP_MEDIUM,RUN_01,50.0,0.0,NORMAL,NONE,COLD
508834.2633227,45.06,-8.02,111.95,0.24,64.87,-0.1,0.0,0.0,0.0,0.0,0.0,0.0,0.0,0.0,33.0,0.0,0.0,0.0,0.0,0.0,0.0,0.0,0.0,0.0,ID_NORMAL_001,JOINT2_SWEEP_MEDIUM,RUN_01,50.0,0.0,NORMAL,NONE,COLD
508834.313586,45.06,-8.02,111.95,0.24,64.87,-0.1,0.0,0.0,0.0,0.0,0.0,0.0,0.0,0.0,34.0,0.0,0.0,0.0,0.0,0.0,0.0,0.0,0.0,0.0,ID_NORMAL_001,JOINT2_SWEEP_MEDIUM,RUN_01,50.0,0.0,NORMAL,NONE,COLD
508834.313586,45.06,-8.02,111.95,0.24,64.87,-0.1,0.0,0.0,0.0,0.0,0.0,0.0,0.0,0.0,33.0,0.0,0.0,0.0,0.0,0.0,0.0,0.0,0.0,0.0,ID_NORMAL_001,JOINT2_SWEEP_MEDIUM,RUN_01,50.0,0.0,NORMAL,NONE,COLD
508834.3319994,45.06,-8.02,111.95,0.24,64.87,-0.1,0.0,0.0,0.0,0.0,0.0,0.0,0.0,0.0,33.0,0.0,0.0,0.0,0.0,0.0,0.0,0.0,0.0,0.0,ID_NORMAL_001,JOINT2_SWEEP_MEDIUM,RUN_01,50.0,0.0,NORMAL,NONE,COLD
508834.3750317,45.06,-8.02,111.95,0.24,64.87,-0.1,0.0,0.0,0.0,0.0,0.0,0.0,0.0,0.0,33.0,0.0,0.0,0.0,0.0,0.0,0.0,0.0,0.0,0.0,ID_NORMAL_001,JOINT2_SWEEP_MEDIUM,RUN_01,50.0,0.0,NORMAL,NONE,COLD
508834.4192584,45.06,-8.02,111.95,0.24,64.87,-0.1,0.0,0.0,0.0,0.0,0.0,0.0,0.0,0.0,35.0,0.0,0.0,0.0,0.0,0.0,0.0,0.0,0.0,0.0,ID_NORMAL_001,JOINT2_SWEEP_MEDIUM,RUN_01,50.0,0.0,NORMAL,NONE,COLD
508834.4192584,45.06,-8.02,111.95,0.24,64.87,-0.1,0.0,0.0,0.0,0.0,0.0,0.0,0.0,0.0,33.0,0.0,0.0,0.0,0.0,0.0,0.0,0.0,0.0,0.0,ID_NORMAL_001,JOINT2_SWEEP_MEDIUM,RUN_01,50.0,0.0,NORMAL,NONE,COLD
508834.4652365,45.06,-8.02,111.95,0.24,64.87,-0.1,0.0,0.0,0.0,0.0,0.0,0.0,0.0,0.0,34.0,0.0,0.0,0.0,0.0,0.0,0.0,0.0,0.0,0.0,ID_NORMAL_001,JOINT2_SWEEP_MEDIUM,RUN_01,50.0,0.0,NORMAL,NONE,COLD
508834.4945101,45.06,-8.02,111.95,0.24,64.87,-0.1,0.0,0.0,0.0,0.0,0.0,0.0,0.0,0.0,33.0,0.0,0.0,0.0,0.0,0.0,0.0,0.0,0.0,0.0,ID_NORMAL_001,JOINT2_SWEEP_MEDIUM,RUN_01,50.0,0.0,NORMAL,NONE,COLD
508834.4945101,45.06,-8.02,111.95,0.24,64.87,-0.1,0.0,0.0,0.0,0.0,0.0,0.0,0.0,0.0,34.0,0.0,0.0,0.0,0.0,0.0,0.0,0.0,0.0,0.0,ID_NORMAL_001,JOINT2_SWEEP_MEDIUM,RUN_01,50.0,0.0,NORMAL,NONE,COLD
508834.5216649,45.06,-8.02,111.95,0.24,64.87,-0.1,0.0,0.0,0.0,0.0,0.0,0.0,0.0,0.0,33.0,0.0,0.0,0.0,0.0,0.0,0.0,0.0,0.0,0.0,ID_NORMAL_001,JOINT2_SWEEP_MEDIUM,RUN_01,50.0,0.0,NORMAL,NONE,COLD
508834.5728348,45.06,-8.02,111.95,0.24,64.87,-0.1,0.0,0.0,0.0,0.0,0.0,0.0,0.0,0.0,34.0,0.0,0.0,0.0,0.0,0.0,0.0,0.0,0.0,0.0,ID_NORMAL_001,JOINT2_SWEEP_MEDIUM,RUN_01,50.0,0.0,NORMAL,NONE,COLD
508834.6186583,45.06,-8.02,111.95,0.24,64.87,-0.1,0.0,0.0,0.0,0.0,0.0,0.0,0.0,0.0,33.0,0.0,0.0,0.0,0.0,0.0,0.0,0.0,0.0,0.0,ID_NORMAL_001,JOINT2_SWEEP_MEDIUM,RUN_01,50.0,0.0,NORMAL,NONE,COLD
508834.6186583,45.06,-8.02,111.95,0.24,64.87,-0.1,0.0,0.0,0.0,0.0,0.0,0.0,0.0,0.0,32.0,0.0,0.0,0.0,0.0,0.0,0.0,0.0,0.0,0.0,ID_NORMAL_001,JOINT2_SWEEP_MEDIUM,RUN_01,50.0,0.0,NORMAL,NONE,COLD
508834.6648912,45.06,-8.02,111.95,0.24,64.87,-0.1,0.0,0.0,0.0,0.0,0.0,0.0,0.0,0.0,34.0,0.0,0.0,0.0,0.0,0.0,0.0,0.0,0.0,0.0,ID_NORMAL_001,JOINT2_SWEEP_MEDIUM,RUN_01,50.0,0.0,NORMAL,NONE,COLD
508834.6648912,45.06,-8.02,111.95,0.24,64.87,-0.1,0.0,0.0,0.0,0.0,0.0,0.0,0.0,0.0,33.0,0.0,0.0,0.0,0.0,0.0,0.0,0.0,0.0,0.0,ID_NORMAL_001,JOINT2_SWEEP_MEDIUM,RUN_01,50.0,0.0,NORMAL,NONE,COLD
508834.7112202,45.06,-8.02,111.95,0.24,64.87,-0.1,0.0,0.0,0.0,0.0,0.0,0.0,0.0,0.0,34.0,0.0,0.0,0.0,0.0,0.0,0.0,0.0,0.0,0.0,ID_NORMAL_001,JOINT2_SWEEP_MEDIUM,RUN_01,50.0,0.0,NORMAL,NONE,COLD
508834.7205102,45.06,-8.02,111.95,0.24,64.87,-0.1,0.0,0.0,0.0,0.0,0.0,0.0,0.0,0.0,33.0,0.0,0.0,0.0,0.0,0.0,0.0,0.0,0.0,0.0,ID_NORMAL_001,JOINT2_SWEEP_MEDIUM,RUN_01,50.0,0.0,NORMAL,NONE,COLD
508834.7608067,45.06,-8.02,111.95,0.24,64.87,-0.1,0.0,0.0,0.0,0.0,0.0,0.0,0.0,0.0,35.0,0.0,0.0,0.0,0.0,0.0,0.0,0.0,0.0,0.0,ID_NORMAL_001,JOINT2_SWEEP_MEDIUM,RUN_01,50.0,0.0,NORMAL,NONE,COLD
508834.8056691,45.06,-8.02,111.95,0.24,64.87,-0.1,0.0,0.0,0.0,0.0,0.0,0.0,0.0,0.0,33.0,0.0,0.0,0.0,0.0,0.0,0.0,0.0,0.0,0.0,ID_NORMAL_001,JOINT2_SWEEP_MEDIUM,RUN_01,50.0,0.0,NORMAL,NONE,COLD
508834.8056691,45.06,-8.02,111.95,0.24,64.87,-0.1,0.0,0.0,0.0,0.0,0.0,0.0,0.0,0.0,34.0,0.0,0.0,0.0,0.0,0.0,0.0,0.0,0.0,0.0,ID_NORMAL_001,JOINT2_SWEEP_MEDIUM,RUN_01,50.0,0.0,NORMAL,NONE,COLD
508834.8538273,45.06,-8.02,111.95,0.24,64.87,-0.1,0.0,0.0,0.0,0.0,0.0,0.0,0.0,0.0,33.0,0.0,0.0,0.0,0.0,0.0,0.0,0.0,0.0,0.0,ID_NORMAL_001,JOINT2_SWEEP_MEDIUM,RUN_01,50.0,0.0,NORMAL,NONE,COLD
508834.8538273,45.06,-8.02,111.95,0.24,64.87,-0.1,0.0,0.0,0.0,0.0,0.0,0.0,0.0,0.0,34.0,0.0,0.0,0.0,0.0,0.0,0.0,0.0,0.0,0.0,ID_NORMAL_001,JOINT2_SWEEP_MEDIUM,RUN_01,50.0,0.0,NORMAL,NONE,COLD
508834.8999524,45.06,-8.02,111.95,0.24,64.87,-0.1,0.0,0.0,0.0,0.0,0.0,0.0,0.0,0.0,33.0,0.0,0.0,0.0,0.0,0.0,0.0,0.0,0.0,0.0,ID_NORMAL_001,JOINT2_SWEEP_MEDIUM,RUN_01,50.0,0.0,NORMAL,NONE,COLD
508834.9265252,45.06,-8.02,111.95,0.24,64.87,-0.1,0.0,0.0,0.0,0.0,0.0,0.0,0.0,0.0,35.0,0.0,0.0,0.0,0.0,0.0,0.0,0.0,0.0,0.0,ID_NORMAL_001,JOINT2_SWEEP_MEDIUM,RUN_01,50.0,0.0,NORMAL,NONE,COLD
508834.978386,45.06,-8.02,111.95,0.24,64.87,-0.1,0.0,0.0,0.0,0.0,0.0,0.0,0.0,0.0,33.0,0.0,0.0,0.0,0.0,0.0,0.0,0.0,0.0,0.0,ID_NORMAL_001,JOINT2_SWEEP_MEDIUM,RUN_01,50.0,0.0,NORMAL,NONE,COLD
508834.978386,45.06,-8.02,111.95,0.24,64.87,-0.1,0.0,0.0,0.0,0.0,0.0,0.0,0.0,0.0,33.0,0.0,0.0,0.0,0.0,0.0,0.0,0.0,0.0,0.0,ID_NORMAL_001,JOINT2_SWEEP_MEDIUM,RUN_01,50.0,0.0,NORMAL,NONE,COLD
508835.0255187,45.06,-8.02,111.95,0.24,64.87,-0.1,0.0,0.0,0.0,0.0,0.0,0.0,0.0,0.0,32.0,0.0,0.0,0.0,0.0,0.0,0.0,0.0,0.0,0.0,ID_NORMAL_001,JOINT2_SWEEP_MEDIUM,RUN_01,50.0,0.0,NORMAL,NONE,COLD
508835.0255187,45.06,-8.02,111.95,0.24,64.87,-0.1,0.0,0.0,0.0,0.0,0.0,0.0,0.0,0.0,33.0,0.0,0.0,0.0,0.0,0.0,0.0,0.0,0.0,0.0,ID_NORMAL_001,JOINT2_SWEEP_MEDIUM,RUN_01,50.0,0.0,NORMAL,NONE,COLD
508835.0726195,45.06,-8.02,111.95,0.24,64.87,-0.1,0.0,0.0,0.0,0.0,0.0,0.0,0.0,0.0,34.0,0.0,0.0,0.0,0.0,0.0,0.0,0.0,0.0,0.0,ID_NORMAL_001,JOINT2_SWEEP_MEDIUM,RUN_01,50.0,0.0,NORMAL,NONE,COLD
508835.0726195,45.06,-8.02,111.95,0.24,64.87,-0.1,0.0,0.0,0.0,0.0,0.0,0.0,0.0,0.0,33.0,0.0,0.0,0.0,0.0,0.0,0.0,0.0,0.0,0.0,ID_NORMAL_001,JOINT2_SWEEP_MEDIUM,RUN_01,50.0,0.0,NORMAL,NONE,COLD
508835.1196794,45.06,-8.02,111.95,0.24,64.87,-0.1,0.0,0.0,0.0,0.0,0.0,0.0,0.0,0.0,33.0,0.0,0.0,0.0,0.0,0.0,0.0,0.0,0.0,0.0,ID_NORMAL_001,JOINT2_SWEEP_MEDIUM,RUN_01,50.0,0.0,NORMAL,NONE,COLD
508835.123475,45.06,-8.02,111.95,0.24,64.87,-0.1,0.0,0.0,0.0,0.0,0.0,0.0,0.0,0.0,33.0,0.0,0.0,0.0,0.0,0.0,0.0,0.0,0.0,0.0,ID_NORMAL_001,JOINT2_SWEEP_MEDIUM,RUN_01,50.0,0.0,NORMAL,NONE,COLD
508835.170591,45.06,-8.02,111.95,0.24,64.87,-0.1,0.0,0.0,0.0,0.0,0.0,0.0,0.0,0.0,34.0,0.0,0.0,0.0,0.0,0.0,0.0,0.0,0.0,0.0,ID_NORMAL_001,JOINT2_SWEEP_MEDIUM,RUN_01,50.0,0.0,NORMAL,NONE,COLD
508835.2125149,45.06,-8.02,111.95,0.24,64.87,-0.1,0.0,0.0,0.0,0.0,0.0,0.0,0.0,0.0,33.0,0.0,0.0,0.0,0.0,0.0,0.0,0.0,0.0,0.0,ID_NORMAL_001,JOINT2_SWEEP_MEDIUM,RUN_01,50.0,0.0,NORMAL,NONE,COLD
508835.2125149,45.06,-8.02,111.95,0.24,64.87,-0.1,0.0,0.0,0.0,0.0,0.0,0.0,0.0,0.0,34.0,0.0,0.0,0.0,0.0,0.0,0.0,0.0,0.0,0.0,ID_NORMAL_001,JOINT2_SWEEP_MEDIUM,RUN_01,50.0,0.0,NORMAL,NONE,COLD
508835.2607873,45.06,-8.02,111.95,0.24,64.87,-0.1,0.0,0.0,0.0,0.0,0.0,0.0,0.0,0.0,34.0,0.0,0.0,0.0,0.0,0.0,0.0,0.0,0.0,0.0,ID_NORMAL_001,JOINT2_SWEEP_MEDIUM,RUN_01,50.0,0.0,NORMAL,NONE,COLD
508835.2607873,45.06,-8.02,111.95,0.24,64.87,-0.1,0.0,0.0,0.0,0.0,0.0,0.0,0.0,0.0,34.0,0.0,0.0,0.0,0.0,0.0,0.0,0.0,0.0,0.0,ID_NORMAL_001,JOINT2_SWEEP_MEDIUM,RUN_01,50.0,0.0,NORMAL,NONE,COLD
508835.3075189,45.06,-8.02,111.95,0.24,64.87,-0.1,0.0,0.0,0.0,0.0,0.0,0.0,0.0,0.0,33.0,0.0,0.0,0.0,0.0,0.0,0.0,0.0,0.0,0.0,ID_NORMAL_001,JOINT2_SWEEP_MEDIUM,RUN_01,50.0,0.0,NORMAL,NONE,COLD
508835.3245307,45.06,-8.02,111.95,0.24,64.87,-0.1,0.0,0.0,0.0,0.0,0.0,0.0,0.0,0.0,32.0,0.0,0.0,0.0,0.0,0.0,0.0,0.0,0.0,0.0,ID_NORMAL_001,JOINT2_SWEEP_MEDIUM,RUN_01,50.0,0.0,NORMAL,NONE,COLD
508835.3692527,45.06,-8.02,111.95,0.24,64.87,-0.1,0.0,0.0,0.0,0.0,0.0,0.0,0.0,0.0,32.0,0.0,0.0,0.0,0.0,0.0,0.0,0.0,0.0,0.0,ID_NORMAL_001,JOINT2_SWEEP_MEDIUM,RUN_01,50.0,0.0,NORMAL,NONE,COLD
508835.3692527,45.06,-8.02,111.95,0.24,64.87,-0.1,0.0,0.0,0.0,0.0,0.0,0.0,0.0,0.0,33.0,0.0,0.0,0.0,0.0,0.0,0.0,0.0,0.0,0.0,ID_NORMAL_001,JOINT2_SWEEP_MEDIUM,RUN_01,50.0,0.0,NORMAL,NONE,COLD
508835.4182481,45.06,-8.02,111.95,0.24,64.87,-0.1,0.0,0.0,0.0,0.0,0.0,0.0,0.0,0.0,34.0,0.0,0.0,0.0,0.0,0.0,0.0,0.0,0.0,0.0,ID_NORMAL_001,JOINT2_SWEEP_MEDIUM,RUN_01,50.0,0.0,NORMAL,NONE,COLD
508835.4616718,45.06,-8.02,111.95,0.24,64.87,-0.1,0.0,0.0,0.0,0.0,0.0,0.0,0.0,0.0,34.0,0.0,0.0,0.0,0.0,0.0,0.0,0.0,0.0,0.0,ID_NORMAL_001,JOINT2_SWEEP_MEDIUM,RUN_01,50.0,0.0,NORMAL,NONE,COLD
508835.4616718,45.06,-8.02,111.95,0.24,64.87,-0.1,0.0,0.0,0.0,0.0,0.0,0.0,0.0,0.0,33.0,0.0,0.0,0.0,0.0,0.0,0.0,0.0,0.0,0.0,ID_NORMAL_001,JOINT2_SWEEP_MEDIUM,RUN_01,50.0,0.0,NORMAL,NONE,COLD
508835.5078266,45.06,-8.02,111.95,0.24,64.87,-0.1,0.0,0.0,0.0,0.0,0.0,0.0,0.0,0.0,34.0,0.0,0.0,0.0,0.0,0.0,0.0,0.0,0.0,0.0,ID_NORMAL_001,JOINT2_SWEEP_MEDIUM,RUN_01,50.0,0.0,NORMAL,NONE,COLD
508835.5078266,45.06,-8.02,111.95,0.24,64.87,-0.1,0.0,0.0,0.0,0.0,0.0,0.0,0.0,0.0,33.0,0.0,0.0,0.0,0.0,0.0,0.0,0.0,0.0,0.0,ID_NORMAL_001,JOINT2_SWEEP_MEDIUM,RUN_01,50.0,0.0,NORMAL,NONE,COLD
508835.5317368,45.06,-8.02,111.95,0.24,64.87,-0.1,0.0,0.0,0.0,0.0,0.0,0.0,0.0,0.0,34.0,0.0,0.0,0.0,0.0,0.0,0.0,0.0,0.0,0.0,ID_NORMAL_001,JOINT2_SWEEP_MEDIUM,RUN_01,50.0,0.0,NORMAL,NONE,COLD
508835.5852777,45.06,-8.02,111.95,0.24,64.87,-0.1,0.0,0.0,0.0,0.0,0.0,0.0,0.0,0.0,34.0,0.0,0.0,0.0,0.0,0.0,0.0,0.0,0.0,0.0,ID_NORMAL_001,JOINT2_SWEEP_MEDIUM,RUN_01,50.0,0.0,NORMAL,NONE,COLD
508835.5852777,45.06,-8.02,111.95,0.24,64.87,-0.1,0.0,0.0,0.0,0.0,0.0,0.0,0.0,0.0,33.0,0.0,0.0,0.0,0.0,0.0,0.0,0.0,0.0,0.0,ID_NORMAL_001,JOINT2_SWEEP_MEDIUM,RUN_01,50.0,0.0,NORMAL,NONE,COLD
508835.6205225,45.06,-8.02,111.95,0.24,64.87,-0.1,0.0,0.0,0.0,0.0,0.0,0.0,0.0,0.0,33.0,0.0,0.0,0.0,0.0,0.0,0.0,0.0,0.0,0.0,ID_NORMAL_001,JOINT2_SWEEP_MEDIUM,RUN_01,50.0,0.0,NORMAL,NONE,COLD
508835.6640232,45.06,-8.02,111.95,0.24,64.87,-0.1,0.0,0.0,0.0,0.0,0.0,0.0,0.0,0.0,33.0,0.0,0.0,0.0,0.0,0.0,0.0,0.0,0.0,0.0,ID_NORMAL_001,JOINT2_SWEEP_MEDIUM,RUN_01,50.0,0.0,NORMAL,NONE,COLD
508835.7108972,45.06,-8.02,111.95,0.24,64.87,-0.1,0.0,0.0,0.0,0.0,0.0,0.0,0.0,0.0,32.0,0.0,0.0,0.0,0.0,0.0,0.0,0.0,0.0,0.0,ID_NORMAL_001,JOINT2_SWEEP_MEDIUM,RUN_01,50.0,0.0,NORMAL,NONE,COLD
508835.7108972,45.06,-8.02,111.95,0.24,64.87,-0.1,0.0,0.0,0.0,0.0,0.0,0.0,0.0,0.0,34.0,0.0,0.0,0.0,0.0,0.0,0.0,0.0,0.0,0.0,ID_NORMAL_001,JOINT2_SWEEP_MEDIUM,RUN_01,50.0,0.0,NORMAL,NONE,COLD
508835.727287,45.06,-8.02,111.95,0.24,64.87,-0.1,0.0,0.0,0.0,0.0,0.0,0.0,0.0,0.0,33.0,0.0,0.0,0.0,0.0,0.0,0.0,0.0,0.0,0.0,ID_NORMAL_001,JOINT2_SWEEP_MEDIUM,RUN_01,50.0,0.0,NORMAL,NONE,COLD
508835.77291,45.06,-8.02,111.95,0.24,64.87,-0.1,0.0,0.0,0.0,0.0,0.0,0.0,0.0,0.0,33.0,0.0,0.0,0.0,0.0,0.0,0.0,0.0,0.0,0.0,ID_NORMAL_001,JOINT2_SWEEP_MEDIUM,RUN_01,50.0,0.0,NORMAL,NONE,COLD
508835.8311381,45.06,-8.02,111.95,0.24,64.87,-0.1,0.0,0.0,0.0,0.0,0.0,0.0,0.0,0.0,34.0,0.0,0.0,0.0,0.0,0.0,0.0,0.0,0.0,0.0,ID_NORMAL_001,JOINT2_SWEEP_MEDIUM,RUN_01,50.0,0.0,NORMAL,NONE,COLD
508835.8311381,45.06,-8.02,111.95,0.24,64.87,-0.1,0.0,0.0,0.0,0.0,0.0,0.0,0.0,0.0,34.0,0.0,0.0,0.0,0.0,0.0,0.0,0.0,0.0,0.0,ID_NORMAL_001,JOINT2_SWEEP_MEDIUM,RUN_01,50.0,0.0,NORMAL,NONE,COLD
508835.866476,45.06,-8.02,111.95,0.24,64.87,-0.1,0.0,0.0,0.0,0.0,0.0,0.0,0.0,0.0,35.0,0.0,0.0,0.0,0.0,0.0,0.0,0.0,0.0,0.0,ID_NORMAL_001,JOINT2_SWEEP_MEDIUM,RUN_01,50.0,0.0,NORMAL,NONE,COLD
508835.866476,45.06,-8.02,111.95,0.24,64.87,-0.1,0.0,0.0,0.0,0.0,0.0,0.0,0.0,0.0,33.0,0.0,0.0,0.0,0.0,0.0,0.0,0.0,0.0,0.0,ID_NORMAL_001,JOINT2_SWEEP_MEDIUM,RUN_01,50.0,0.0,NORMAL,NONE,COLD
508835.9138429,45.06,-8.02,111.95,0.24,64.87,-0.1,0.0,0.0,0.0,0.0,0.0,0.0,0.0,0.0,34.0,0.0,0.0,0.0,0.0,0.0,0.0,0.0,0.0,0.0,ID_NORMAL_001,JOINT2_SWEEP_MEDIUM,RUN_01,50.0,0.0,NORMAL,NONE,COLD
508835.936534,45.06,-8.02,111.95,0.24,64.87,-0.1,0.0,0.0,0.0,0.0,0.0,0.0,0.0,0.0,34.0,0.0,0.0,0.0,0.0,0.0,0.0,0.0,0.0,0.0,ID_NORMAL_001,JOINT2_SWEEP_MEDIUM,RUN_01,50.0,0.0,NORMAL,NONE,COLD
508835.9938485,45.06,-8.02,111.95,0.24,64.87,-0.1,0.0,0.0,0.0,0.0,0.0,0.0,0.0,0.0,33.0,0.0,0.0,0.0,0.0,0.0,0.0,0.0,0.0,0.0,ID_NORMAL_001,JOINT2_SWEEP_MEDIUM,RUN_01,50.0,0.0,NORMAL,NONE,COLD
508835.9938485,45.06,-8.02,111.95,0.24,64.87,-0.1,0.0,0.0,0.0,0.0,0.0,0.0,0.0,0.0,34.0,0.0,0.0,0.0,0.0,0.0,0.0,0.0,0.0,0.0,ID_NORMAL_001,JOINT2_SWEEP_MEDIUM,RUN_01,50.0,0.0,NORMAL,NONE,COLD
508836.0494313,45.06,-8.02,111.95,0.24,64.87,-0.1,0.0,0.0,0.0,0.0,0.0,0.0,0.0,0.0,32.0,0.0,0.0,0.0,0.0,0.0,0.0,0.0,0.0,0.0,ID_NORMAL_001,JOINT2_SWEEP_MEDIUM,RUN_01,50.0,0.0,NORMAL,NONE,COLD
508836.0494313,45.06,-8.02,111.95,0.24,64.87,-0.1,0.0,0.0,0.0,0.0,0.0,0.0,0.0,0.0,33.0,0.0,0.0,0.0,0.0,0.0,0.0,0.0,0.0,0.0,ID_NORMAL_001,JOINT2_SWEEP_MEDIUM,RUN_01,50.0,0.0,NORMAL,NONE,COLD
508836.0884349,45.06,-8.02,111.95,0.24,64.87,-0.1,0.0,0.0,0.0,0.0,0.0,0.0,0.0,0.0,34.0,0.0,0.0,0.0,0.0,0.0,0.0,0.0,0.0,0.0,ID_NORMAL_001,JOINT2_SWEEP_MEDIUM,RUN_01,50.0,0.0,NORMAL,NONE,COLD
508836.0884349,45.06,-8.02,111.95,0.24,64.87,-0.1,0.0,0.0,0.0,0.0,0.0,0.0,0.0,0.0,33.0,0.0,0.0,0.0,0.0,0.0,0.0,0.0,0.0,0.0,ID_NORMAL_001,JOINT2_SWEEP_MEDIUM,RUN_01,50.0,0.0,NORMAL,NONE,COLD
508836.1299513,45.06,-8.02,111.95,0.24,64.87,-0.1,0.0,0.0,0.0,0.0,0.0,0.0,0.0,0.0,33.0,0.0,0.0,0.0,0.0,0.0,0.0,0.0,0.0,0.0,ID_NORMAL_001,JOINT2_SWEEP_MEDIUM,RUN_01,50.0,0.0,NORMAL,NONE,COLD
508836.1397611,45.06,-8.02,111.95,0.24,64.87,-0.1,0.0,0.0,0.0,0.0,0.0,0.0,0.0,0.0,33.0,0.0,0.0,0.0,0.0,0.0,0.0,0.0,0.0,0.0,ID_NORMAL_001,JOINT2_SWEEP_MEDIUM,RUN_01,50.0,0.0,NORMAL,NONE,COLD
508836.1956625,45.06,-8.02,111.95,0.24,64.87,-0.1,0.0,0.0,0.0,0.0,0.0,0.0,0.0,0.0,34.0,0.0,0.0,0.0,0.0,0.0,0.0,0.0,0.0,0.0,ID_NORMAL_001,JOINT2_SWEEP_MEDIUM,RUN_01,50.0,0.0,NORMAL,NONE,COLD
508836.1956625,45.06,-8.02,111.95,0.24,64.87,-0.1,0.0,0.0,0.0,0.0,0.0,0.0,0.0,0.0,33.0,0.0,0.0,0.0,0.0,0.0,0.0,0.0,0.0,0.0,ID_NORMAL_001,JOINT2_SWEEP_MEDIUM,RUN_01,50.0,0.0,NORMAL,NONE,COLD
508836.240325,45.06,-8.02,111.95,0.24,64.87,-0.1,0.0,0.0,0.0,0.0,0.0,0.0,0.0,0.0,34.0,0.0,0.0,0.0,0.0,0.0,0.0,0.0,0.0,0.0,ID_NORMAL_001,JOINT2_SWEEP_MEDIUM,RUN_01,50.0,0.0,NORMAL,NONE,COLD
508836.2869088,45.06,-8.02,111.95,0.24,64.87,-0.1,0.0,0.0,0.0,0.0,0.0,0.0,0.0,0.0,33.0,0.0,0.0,0.0,0.0,0.0,0.0,0.0,0.0,0.0,ID_NORMAL_001,JOINT2_SWEEP_MEDIUM,RUN_01,50.0,0.0,NORMAL,NONE,COLD
508836.2869088,45.06,-8.02,111.95,0.24,64.87,-0.1,0.0,0.0,0.0,0.0,0.0,0.0,0.0,0.0,33.0,0.0,0.0,0.0,0.0,0.0,0.0,0.0,0.0,0.0,ID_NORMAL_001,JOINT2_SWEEP_MEDIUM,RUN_01,50.0,0.0,NORMAL,NONE,COLD
508836.3352217,45.06,-8.02,111.95,0.24,64.87,-0.1,0.0,0.0,0.0,0.0,0.0,0.0,0.0,0.0,33.0,0.0,0.0,0.0,0.0,0.0,0.0,0.0,0.0,0.0,ID_NORMAL_001,JOINT2_SWEEP_MEDIUM,RUN_01,50.0,0.0,NORMAL,NONE,COLD
508836.3352217,45.06,-8.02,111.95,0.24,64.87,-0.1,0.0,0.0,0.0,0.0,0.0,0.0,0.0,0.0,33.0,0.0,0.0,0.0,0.0,0.0,0.0,0.0,0.0,0.0,ID_NORMAL_001,JOINT2_SWEEP_MEDIUM,RUN_01,50.0,0.0,NORMAL,NONE,COLD
508836.3512692,45.06,-8.02,111.95,0.24,64.87,-0.1,0.0,0.0,0.0,0.0,0.0,0.0,0.0,0.0,34.0,0.0,0.0,0.0,0.0,0.0,0.0,0.0,0.0,0.0,ID_NORMAL_001,JOINT2_SWEEP_MEDIUM,RUN_01,50.0,0.0,NORMAL,NONE,COLD
508836.3972244,45.06,-8.02,111.95,0.24,64.87,-0.1,0.0,0.0,0.0,0.0,0.0,0.0,0.0,0.0,33.0,0.0,0.0,0.0,0.0,0.0,0.0,0.0,0.0,0.0,ID_NORMAL_001,JOINT2_SWEEP_MEDIUM,RUN_01,50.0,0.0,NORMAL,NONE,COLD
508836.4467763,45.06,-8.02,111.95,0.24,64.87,-0.1,0.0,0.0,0.0,0.0,0.0,0.0,0.0,0.0,34.0,0.0,0.0,0.0,0.0,0.0,0.0,0.0,0.0,0.0,ID_NORMAL_001,JOINT2_SWEEP_MEDIUM,RUN_01,50.0,0.0,NORMAL,NONE,COLD
508836.4467763,45.06,-8.02,111.95,0.24,64.87,-0.1,0.0,0.0,0.0,0.0,0.0,0.0,0.0,0.0,34.0,0.0,0.0,0.0,0.0,0.0,0.0,0.0,0.0,0.0,ID_NORMAL_001,JOINT2_SWEEP_MEDIUM,RUN_01,50.0,0.0,NORMAL,NONE,COLD
508836.4904539,45.06,-8.02,111.95,0.24,64.87,-0.1,0.0,0.0,0.0,0.0,0.0,0.0,0.0,0.0,33.0,0.0,0.0,0.0,0.0,0.0,0.0,0.0,0.0,0.0,ID_NORMAL_001,JOINT2_SWEEP_MEDIUM,RUN_01,50.0,0.0,NORMAL,NONE,COLD
508836.4904539,45.06,-8.02,111.95,0.24,64.87,-0.1,0.0,0.0,0.0,0.0,0.0,0.0,0.0,0.0,34.0,0.0,0.0,0.0,0.0,0.0,0.0,0.0,0.0,0.0,ID_NORMAL_001,JOINT2_SWEEP_MEDIUM,RUN_01,50.0,0.0,NORMAL,NONE,COLD
508836.5384244,45.06,-8.02,111.95,0.24,64.87,-0.1,0.0,0.0,0.0,0.0,0.0,0.0,0.0,0.0,33.0,0.0,0.0,0.0,0.0,0.0,0.0,0.0,0.0,0.0,ID_NORMAL_001,JOINT2_SWEEP_MEDIUM,RUN_01,50.0,0.0,NORMAL,NONE,COLD
508836.5460576,45.06,-8.02,111.95,0.24,64.87,-0.1,0.0,0.0,0.0,0.0,0.0,0.0,0.0,0.0,33.0,0.0,0.0,0.0,0.0,0.0,0.0,0.0,0.0,0.0,ID_NORMAL_001,JOINT2_SWEEP_MEDIUM,RUN_01,50.0,0.0,NORMAL,NONE,COLD
508836.6009282,45.06,-8.02,111.95,0.24,64.87,-0.1,0.0,0.0,0.0,0.0,0.0,0.0,0.0,0.0,33.0,0.0,0.0,0.0,0.0,0.0,0.0,0.0,0.0,0.0,ID_NORMAL_001,JOINT2_SWEEP_MEDIUM,RUN_01,50.0,0.0,NORMAL,NONE,COLD
508836.6009282,45.06,-8.02,111.95,0.24,64.87,-0.1,0.0,0.0,0.0,0.0,0.0,0.0,0.0,0.0,34.0,0.0,0.0,0.0,0.0,0.0,0.0,0.0,0.0,0.0,ID_NORMAL_001,JOINT2_SWEEP_MEDIUM,RUN_01,50.0,0.0,NORMAL,NONE,COLD
508836.6497155,45.06,-8.02,111.95,0.24,64.87,-0.1,0.0,0.0,0.0,0.0,0.0,0.0,0.0,0.0,33.0,0.0,0.0,0.0,0.0,0.0,0.0,0.0,0.0,0.0,ID_NORMAL_001,JOINT2_SWEEP_MEDIUM,RUN_01,50.0,0.0,NORMAL,NONE,COLD
508836.67796,45.06,-8.02,111.95,0.24,64.87,-0.1,0.0,0.0,0.0,0.0,0.0,0.0,0.0,0.0,33.0,0.0,0.0,0.0,0.0,0.0,0.0,0.0,0.0,0.0,ID_NORMAL_001,JOINT2_SWEEP_MEDIUM,RUN_01,50.0,0.0,NORMAL,NONE,COLD
508836.67796,45.06,-8.02,111.95,0.24,64.87,-0.1,0.0,0.0,0.0,0.0,0.0,0.0,0.0,0.0,33.0,0.0,0.0,0.0,0.0,0.0,0.0,0.0,0.0,0.0,ID_NORMAL_001,JOINT2_SWEEP_MEDIUM,RUN_01,50.0,0.0,NORMAL,NONE,COLD
508836.725785,45.06,-8.02,111.95,0.24,64.87,-0.1,0.0,0.0,0.0,0.0,0.0,0.0,0.0,0.0,33.0,0.0,0.0,0.0,0.0,0.0,0.0,0.0,0.0,0.0,ID_NORMAL_001,JOINT2_SWEEP_MEDIUM,RUN_01,50.0,0.0,NORMAL,NONE,COLD
508836.7483036,45.06,-8.02,111.95,0.24,64.87,-0.1,0.0,0.0,0.0,0.0,0.0,0.0,0.0,0.0,35.0,0.0,0.0,0.0,0.0,0.0,0.0,0.0,0.0,0.0,ID_NORMAL_001,JOINT2_SWEEP_MEDIUM,RUN_01,50.0,0.0,NORMAL,NONE,COLD
508836.803302,45.06,-8.02,111.95,0.24,64.87,-0.1,0.0,0.0,0.0,0.0,0.0,0.0,0.0,0.0,33.0,0.0,0.0,0.0,0.0,0.0,0.0,0.0,0.0,0.0,ID_NORMAL_001,JOINT2_SWEEP_MEDIUM,RUN_01,50.0,0.0,NORMAL,NONE,COLD
508836.803302,45.06,-8.02,111.95,0.24,64.87,-0.1,0.0,0.0,0.0,0.0,0.0,0.0,0.0,0.0,33.0,0.0,0.0,0.0,0.0,0.0,0.0,0.0,0.0,0.0,ID_NORMAL_001,JOINT2_SWEEP_MEDIUM,RUN_01,50.0,0.0,NORMAL,NONE,COLD
508836.8518148,45.06,-8.02,111.95,0.24,64.87,-0.1,0.0,0.0,0.0,0.0,0.0,0.0,0.0,0.0,34.0,0.0,0.0,0.0,0.0,0.0,0.0,0.0,0.0,0.0,ID_NORMAL_001,JOINT2_SWEEP_MEDIUM,RUN_01,50.0,0.0,NORMAL,NONE,COLD
508836.8518148,45.06,-8.02,111.95,0.24,64.87,-0.1,0.0,0.0,0.0,0.0,0.0,0.0,0.0,0.0,34.0,0.0,0.0,0.0,0.0,0.0,0.0,0.0,0.0,0.0,ID_NORMAL_001,JOINT2_SWEEP_MEDIUM,RUN_01,50.0,0.0,NORMAL,NONE,COLD
508836.8970072,45.06,-8.02,111.95,0.24,64.87,-0.1,0.0,0.0,0.0,0.0,0.0,0.0,0.0,0.0,33.0,0.0,0.0,0.0,0.0,0.0,0.0,0.0,0.0,0.0,ID_NORMAL_001,JOINT2_SWEEP_MEDIUM,RUN_01,50.0,0.0,NORMAL,NONE,COLD
508836.9445108,45.06,-8.02,111.95,0.24,64.87,-0.1,0.0,0.0,0.0,0.0,0.0,0.0,0.0,0.0,32.0,0.0,0.0,0.0,0.0,0.0,0.0,0.0,0.0,0.0,ID_NORMAL_001,JOINT2_SWEEP_MEDIUM,RUN_01,50.0,0.0,NORMAL,NONE,COLD
508836.9445108,45.06,-8.02,111.95,0.24,64.87,-0.1,0.0,0.0,0.0,0.0,0.0,0.0,0.0,0.0,33.0,0.0,0.0,0.0,0.0,0.0,0.0,0.0,0.0,0.0,ID_NORMAL_001,JOINT2_SWEEP_MEDIUM,RUN_01,50.0,0.0,NORMAL,NONE,COLD
508836.954222,45.06,-8.02,111.95,0.24,64.87,-0.1,0.0,0.0,0.0,0.0,0.0,0.0,0.0,0.0,34.0,0.0,0.0,0.0,0.0,0.0,0.0,0.0,0.0,0.0,ID_NORMAL_001,JOINT2_SWEEP_MEDIUM,RUN_01,50.0,0.0,NORMAL,NONE,COLD
508837.0141901,45.06,-8.02,111.95,0.24,64.87,-0.1,0.0,0.0,0.0,0.0,0.0,0.0,0.0,0.0,33.0,0.0,0.0,0.0,0.0,0.0,0.0,0.0,0.0,0.0,ID_NORMAL_001,JOINT2_SWEEP_MEDIUM,RUN_01,50.0,0.0,NORMAL,NONE,COLD
508837.0141901,45.06,-8.02,111.95,0.24,64.87,-0.1,0.0,0.0,0.0,0.0,0.0,0.0,0.0,0.0,35.0,0.0,0.0,0.0,0.0,0.0,0.0,0.0,0.0,0.0,ID_NORMAL_001,JOINT2_SWEEP_MEDIUM,RUN_01,50.0,0.0,NORMAL,NONE,COLD
508837.0537735,45.06,-8.02,111.95,0.24,64.87,-0.1,0.0,0.0,0.0,0.0,0.0,0.0,0.0,0.0,35.0,0.0,0.0,0.0,0.0,0.0,0.0,0.0,0.0,0.0,ID_NORMAL_001,JOINT2_SWEEP_MEDIUM,RUN_01,50.0,0.0,NORMAL,NONE,COLD
508837.1105534,45.06,-8.02,111.95,0.24,64.87,-0.1,0.0,0.0,0.0,0.0,0.0,0.0,0.0,0.0,33.0,0.0,0.0,0.0,0.0,0.0,0.0,0.0,0.0,0.0,ID_NORMAL_001,JOINT2_SWEEP_MEDIUM,RUN_01,50.0,0.0,NORMAL,NONE,COLD
508837.1105534,45.06,-8.02,111.95,0.24,64.87,-0.1,0.0,0.0,0.0,0.0,0.0,0.0,0.0,0.0,32.0,0.0,0.0,0.0,0.0,0.0,0.0,0.0,0.0,0.0,ID_NORMAL_001,JOINT2_SWEEP_MEDIUM,RUN_01,50.0,0.0,NORMAL,NONE,COLD
508837.14881,45.06,-8.02,111.95,0.24,64.87,-0.1,0.0,0.0,0.0,0.0,0.0,0.0,0.0,0.0,34.0,0.0,0.0,0.0,0.0,0.0,0.0,0.0,0.0,0.0,ID_NORMAL_001,JOINT2_SWEEP_MEDIUM,RUN_01,50.0,0.0,NORMAL,NONE,COLD
508837.14881,45.06,-8.02,111.95,0.24,64.87,-0.1,0.0,0.0,0.0,0.0,0.0,0.0,0.0,0.0,33.0,0.0,0.0,0.0,0.0,0.0,0.0,0.0,0.0,0.0,ID_NORMAL_001,JOINT2_SWEEP_MEDIUM,RUN_01,50.0,0.0,NORMAL,NONE,COLD
508837.1717945,45.06,-8.02,111.95,0.24,64.87,-0.1,0.0,0.0,0.0,0.0,0.0,0.0,0.0,0.0,33.0,0.0,0.0,0.0,0.0,0.0,0.0,0.0,0.0,0.0,ID_NORMAL_001,JOINT2_SWEEP_MEDIUM,RUN_01,50.0,0.0,NORMAL,NONE,COLD
508837.2116538,45.06,-8.02,111.95,0.24,64.87,-0.1,0.0,0.0,0.0,0.0,0.0,0.0,0.0,0.0,33.0,0.0,0.0,0.0,0.0,0.0,0.0,0.0,0.0,0.0,ID_NORMAL_001,JOINT2_SWEEP_MEDIUM,RUN_01,50.0,0.0,NORMAL,NONE,COLD
508837.2540601,45.06,-8.02,111.95,0.24,64.87,-0.1,0.0,0.0,0.0,0.0,0.0,0.0,0.0,0.0,34.0,0.0,0.0,0.0,0.0,0.0,0.0,0.0,0.0,0.0,ID_NORMAL_001,JOINT2_SWEEP_MEDIUM,RUN_01,50.0,0.0,NORMAL,NONE,COLD
508837.2540601,45.06,-8.02,111.95,0.24,64.87,-0.1,0.0,0.0,0.0,0.0,0.0,0.0,0.0,0.0,33.0,0.0,0.0,0.0,0.0,0.0,0.0,0.0,0.0,0.0,ID_NORMAL_001,JOINT2_SWEEP_MEDIUM,RUN_01,50.0,0.0,NORMAL,NONE,COLD
508837.3043093,45.06,-8.02,111.95,0.24,64.87,-0.1,0.0,0.0,0.0,0.0,0.0,0.0,0.0,0.0,33.0,0.0,0.0,0.0,0.0,0.0,0.0,0.0,0.0,0.0,ID_NORMAL_001,JOINT2_SWEEP_MEDIUM,RUN_01,50.0,0.0,NORMAL,NONE,COLD
508837.3573682,45.06,-8.02,111.95,0.24,64.87,-0.1,0.0,0.0,0.0,0.0,0.0,0.0,0.0,0.0,31.0,0.0,0.0,0.0,0.0,0.0,0.0,0.0,0.0,0.0,ID_NORMAL_001,JOINT2_SWEEP_MEDIUM,RUN_01,50.0,0.0,NORMAL,NONE,COLD
508837.3573682,45.06,-8.02,111.95,0.24,64.87,-0.1,0.0,0.0,0.0,0.0,0.0,0.0,0.0,0.0,34.0,0.0,0.0,0.0,0.0,0.0,0.0,0.0,0.0,0.0,ID_NORMAL_001,JOINT2_SWEEP_MEDIUM,RUN_01,50.0,0.0,NORMAL,NONE,COLD
508837.3612686,45.06,-8.02,111.95,0.24,64.87,-0.1,0.0,0.0,0.0,0.0,0.0,0.0,0.0,0.0,33.0,0.0,0.0,0.0,0.0,0.0,0.0,0.0,0.0,0.0,ID_NORMAL_001,JOINT2_SWEEP_MEDIUM,RUN_01,50.0,0.0,NORMAL,NONE,COLD
508837.4137231,45.06,-8.02,111.95,0.24,64.87,-0.1,0.0,0.0,0.0,0.0,0.0,0.0,0.0,0.0,34.0,0.0,0.0,0.0,0.0,0.0,0.0,0.0,0.0,0.0,ID_NORMAL_001,JOINT2_SWEEP_MEDIUM,RUN_01,50.0,0.0,NORMAL,NONE,COLD
508837.4595817,45.06,-8.02,111.95,0.24,64.87,-0.1,0.0,0.0,0.0,0.0,0.0,0.0,0.0,0.0,33.0,0.0,0.0,0.0,0.0,0.0,0.0,0.0,0.0,0.0,ID_NORMAL_001,JOINT2_SWEEP_MEDIUM,RUN_01,50.0,0.0,NORMAL,NONE,COLD
508837.4595817,45.06,-8.02,111.95,0.24,64.87,-0.1,0.0,0.0,0.0,0.0,0.0,0.0,0.0,0.0,35.0,0.0,0.0,0.0,0.0,0.0,0.0,0.0,0.0,0.0,ID_NORMAL_001,JOINT2_SWEEP_MEDIUM,RUN_01,50.0,0.0,NORMAL,NONE,COLD
508837.5072782,45.06,-8.02,111.95,0.24,64.87,-0.1,0.0,0.0,0.0,0.0,0.0,0.0,0.0,0.0,32.0,0.0,0.0,0.0,0.0,0.0,0.0,0.0,0.0,0.0,ID_NORMAL_001,JOINT2_SWEEP_MEDIUM,RUN_01,50.0,0.0,NORMAL,NONE,COLD
508837.5072782,45.06,-8.02,111.95,0.24,64.87,-0.1,0.0,0.0,0.0,0.0,0.0,0.0,0.0,0.0,35.0,0.0,0.0,0.0,0.0,0.0,0.0,0.0,0.0,0.0,ID_NORMAL_001,JOINT2_SWEEP_MEDIUM,RUN_01,50.0,0.0,NORMAL,NONE,COLD
508837.5539686,45.06,-8.02,111.95,0.24,64.87,-0.1,0.0,0.0,0.0,0.0,0.0,0.0,0.0,0.0,33.0,0.0,0.0,0.0,0.0,0.0,0.0,0.0,0.0,0.0,ID_NORMAL_001,JOINT2_SWEEP_MEDIUM,RUN_01,50.0,0.0,NORMAL,NONE,COLD
508837.5621553,45.06,-8.02,111.95,0.24,64.87,-0.1,0.0,0.0,0.0,0.0,0.0,0.0,0.0,0.0,33.0,0.0,0.0,0.0,0.0,0.0,0.0,0.0,0.0,0.0,ID_NORMAL_001,JOINT2_SWEEP_MEDIUM,RUN_01,50.0,0.0,NORMAL,NONE,COLD
508837.6141695,45.06,-8.02,111.95,0.24,64.87,-0.1,0.0,0.0,0.0,0.0,0.0,0.0,0.0,0.0,34.0,0.0,0.0,0.0,0.0,0.0,0.0,0.0,0.0,0.0,ID_NORMAL_001,JOINT2_SWEEP_MEDIUM,RUN_01,50.0,0.0,NORMAL,NONE,COLD
508837.6141695,45.06,-8.02,111.95,0.24,64.87,-0.1,0.0,0.0,0.0,0.0,0.0,0.0,0.0,0.0,34.0,0.0,0.0,0.0,0.0,0.0,0.0,0.0,0.0,0.0,ID_NORMAL_001,JOINT2_SWEEP_MEDIUM,RUN_01,50.0,0.0,NORMAL,NONE,COLD
508837.663917,45.06,-8.02,111.95,0.24,64.87,-0.1,0.0,0.0,0.0,0.0,0.0,0.0,0.0,0.0,34.0,0.0,0.0,0.0,0.0,0.0,0.0,0.0,0.0,0.0,ID_NORMAL_001,JOINT2_SWEEP_MEDIUM,RUN_01,50.0,0.0,NORMAL,NONE,COLD
508837.710206,45.06,-8.02,111.95,0.24,64.87,-0.1,0.0,0.0,0.0,0.0,0.0,0.0,0.0,0.0,36.0,0.0,0.0,0.0,0.0,0.0,0.0,0.0,0.0,0.0,ID_NORMAL_001,JOINT2_SWEEP_MEDIUM,RUN_01,50.0,0.0,NORMAL,NONE,COLD
508837.710206,45.06,-8.02,111.95,0.24,64.87,-0.1,0.0,0.0,0.0,0.0,0.0,0.0,0.0,0.0,34.0,0.0,0.0,0.0,0.0,0.0,0.0,0.0,0.0,0.0,ID_NORMAL_001,JOINT2_SWEEP_MEDIUM,RUN_01,50.0,0.0,NORMAL,NONE,COLD
508837.7546863,45.06,-8.02,111.95,0.24,64.87,-0.1,0.0,0.0,0.0,0.0,0.0,0.0,0.0,0.0,34.0,0.0,0.0,0.0,0.0,0.0,0.0,0.0,0.0,0.0,ID_NORMAL_001,JOINT2_SWEEP_MEDIUM,RUN_01,50.0,0.0,NORMAL,NONE,COLD
508837.7546863,45.06,-8.02,111.95,0.24,64.87,-0.1,0.0,0.0,0.0,0.0,0.0,0.0,0.0,0.0,32.0,0.0,0.0,0.0,0.0,0.0,0.0,0.0,0.0,0.0,ID_NORMAL_001,JOINT2_SWEEP_MEDIUM,RUN_01,50.0,0.0,NORMAL,NONE,COLD
508837.7721282,45.06,-8.02,111.95,0.24,64.87,-0.1,0.0,0.0,0.0,0.0,0.0,0.0,0.0,0.0,35.0,0.0,0.0,0.0,0.0,0.0,0.0,0.0,0.0,0.0,ID_NORMAL_001,JOINT2_SWEEP_MEDIUM,RUN_01,50.0,0.0,NORMAL,NONE,COLD
508837.8164104,45.06,-8.02,111.95,0.24,64.87,-0.1,0.0,0.0,0.0,0.0,0.0,0.0,0.0,0.0,33.0,0.0,0.0,0.0,0.0,0.0,0.0,0.0,0.0,0.0,ID_NORMAL_001,JOINT2_SWEEP_MEDIUM,RUN_01,50.0,0.0,NORMAL,NONE,COLD
508837.8631264,45.06,-8.02,111.95,0.24,64.87,-0.1,0.0,0.0,0.0,0.0,0.0,0.0,0.0,0.0,34.0,0.0,0.0,0.0,0.0,0.0,0.0,0.0,0.0,0.0,ID_NORMAL_001,JOINT2_SWEEP_MEDIUM,RUN_01,50.0,0.0,NORMAL,NONE,COLD
508837.8631264,45.06,-8.02,111.95,0.24,64.87,-0.1,0.0,0.0,0.0,0.0,0.0,0.0,0.0,0.0,33.0,0.0,0.0,0.0,0.0,0.0,0.0,0.0,0.0,0.0,ID_NORMAL_001,JOINT2_SWEEP_MEDIUM,RUN_01,50.0,0.0,NORMAL,NONE,COLD
508837.9115141,45.06,-8.02,111.95,0.24,64.87,-0.1,0.0,0.0,0.0,0.0,0.0,0.0,0.0,0.0,34.0,0.0,0.0,0.0,0.0,0.0,0.0,0.0,0.0,0.0,ID_NORMAL_001,JOINT2_SWEEP_MEDIUM,RUN_01,50.0,0.0,NORMAL,NONE,COLD
508837.9115141,45.06,-8.02,111.95,0.24,64.87,-0.1,0.0,0.0,0.0,0.0,0.0,0.0,0.0,0.0,33.0,0.0,0.0,0.0,0.0,0.0,0.0,0.0,0.0,0.0,ID_NORMAL_001,JOINT2_SWEEP_MEDIUM,RUN_01,50.0,0.0,NORMAL,NONE,COLD
508837.957112,45.06,-8.02,111.95,0.24,64.87,-0.1,0.0,0.0,0.0,0.0,0.0,0.0,0.0,0.0,34.0,0.0,0.0,0.0,0.0,0.0,0.0,0.0,0.0,0.0,ID_NORMAL_001,JOINT2_SWEEP_MEDIUM,RUN_01,50.0,0.0,NORMAL,NONE,COLD
508837.9757576,45.06,-8.02,111.95,0.24,64.87,-0.1,0.0,0.0,0.0,0.0,0.0,0.0,0.0,0.0,33.0,0.0,0.0,0.0,0.0,0.0,0.0,0.0,0.0,0.0,ID_NORMAL_001,JOINT2_SWEEP_MEDIUM,RUN_01,50.0,0.0,NORMAL,NONE,COLD
508838.0204954,45.06,-8.02,111.95,0.24,64.87,-0.1,0.0,0.0,0.0,0.0,0.0,0.0,0.0,0.0,34.0,0.0,0.0,0.0,0.0,0.0,0.0,0.0,0.0,0.0,ID_NORMAL_001,JOINT2_SWEEP_MEDIUM,RUN_01,50.0,0.0,NORMAL,NONE,COLD
508838.0204954,45.06,-8.02,111.95,0.24,64.87,-0.1,0.0,0.0,0.0,0.0,0.0,0.0,0.0,0.0,34.0,0.0,0.0,0.0,0.0,0.0,0.0,0.0,0.0,0.0,ID_NORMAL_001,JOINT2_SWEEP_MEDIUM,RUN_01,50.0,0.0,NORMAL,NONE,COLD
508838.066729,45.06,-8.02,111.95,0.24,64.87,-0.1,0.0,0.0,0.0,0.0,0.0,0.0,0.0,0.0,33.0,0.0,0.0,0.0,0.0,0.0,0.0,0.0,0.0,0.0,ID_NORMAL_001,JOINT2_SWEEP_MEDIUM,RUN_01,50.0,0.0,NORMAL,NONE,COLD
508838.1134681,45.06,-8.02,111.95,0.24,64.87,-0.1,0.0,0.0,0.0,0.0,0.0,0.0,0.0,0.0,34.0,0.0,0.0,0.0,0.0,0.0,0.0,0.0,0.0,0.0,ID_NORMAL_001,JOINT2_SWEEP_MEDIUM,RUN_01,50.0,0.0,NORMAL,NONE,COLD
508838.1134681,45.06,-8.02,111.95,0.24,64.87,-0.1,0.0,0.0,0.0,0.0,0.0,0.0,0.0,0.0,34.0,0.0,0.0,0.0,0.0,0.0,0.0,0.0,0.0,0.0,ID_NORMAL_001,JOINT2_SWEEP_MEDIUM,RUN_01,50.0,0.0,NORMAL,NONE,COLD
508838.159939,45.06,-8.02,111.95,0.24,64.87,-0.1,0.0,0.0,0.0,0.0,0.0,0.0,0.0,0.0,34.0,0.0,0.0,0.0,0.0,0.0,0.0,0.0,0.0,0.0,ID_NORMAL_001,JOINT2_SWEEP_MEDIUM,RUN_01,50.0,0.0,NORMAL,NONE,COLD
508838.159939,45.06,-8.02,111.95,0.24,64.87,-0.1,0.0,0.0,0.0,0.0,0.0,0.0,0.0,0.0,34.0,0.0,0.0,0.0,0.0,0.0,0.0,0.0,0.0,0.0,ID_NORMAL_001,JOINT2_SWEEP_MEDIUM,RUN_01,50.0,0.0,NORMAL,NONE,COLD
508838.1829166,45.06,-8.02,111.95,0.24,64.87,-0.1,0.0,0.0,0.0,0.0,0.0,0.0,0.0,0.0,32.0,0.0,0.0,0.0,0.0,0.0,0.0,0.0,0.0,0.0,ID_NORMAL_001,JOINT2_SWEEP_MEDIUM,RUN_01,50.0,0.0,NORMAL,NONE,COLD
508838.2364113,45.06,-8.02,111.95,0.24,64.87,-0.1,0.0,0.0,0.0,0.0,0.0,0.0,0.0,0.0,34.0,0.0,0.0,0.0,0.0,0.0,0.0,0.0,0.0,0.0,ID_NORMAL_001,JOINT2_SWEEP_MEDIUM,RUN_01,50.0,0.0,NORMAL,NONE,COLD
508838.2364113,45.06,-8.02,111.95,0.24,64.87,-0.1,0.0,0.0,0.0,0.0,0.0,0.0,0.0,0.0,34.0,0.0,0.0,0.0,0.0,0.0,0.0,0.0,0.0,0.0,ID_NORMAL_001,JOINT2_SWEEP_MEDIUM,RUN_01,50.0,0.0,NORMAL,NONE,COLD
508838.2923373,45.06,-8.02,111.95,0.24,64.87,-0.1,0.0,0.0,0.0,0.0,0.0,0.0,0.0,0.0,33.0,0.0,0.0,0.0,0.0,0.0,0.0,0.0,0.0,0.0,ID_NORMAL_001,JOINT2_SWEEP_MEDIUM,RUN_01,50.0,0.0,NORMAL,NONE,COLD
508838.326483,45.06,-8.02,111.95,0.24,64.87,-0.1,0.0,0.0,0.0,0.0,0.0,0.0,0.0,0.0,32.0,0.0,0.0,0.0,0.0,0.0,0.0,0.0,0.0,0.0,ID_NORMAL_001,JOINT2_SWEEP_MEDIUM,RUN_01,50.0,0.0,NORMAL,NONE,COLD
508838.326483,45.06,-8.02,111.95,0.24,64.87,-0.1,0.0,0.0,0.0,0.0,0.0,0.0,0.0,0.0,35.0,0.0,0.0,0.0,0.0,0.0,0.0,0.0,0.0,0.0,ID_NORMAL_001,JOINT2_SWEEP_MEDIUM,RUN_01,50.0,0.0,NORMAL,NONE,COLD
508838.3635769,45.06,-8.02,111.95,0.24,64.87,-0.1,0.0,0.0,0.0,0.0,0.0,0.0,0.0,0.0,33.0,0.0,0.0,0.0,0.0,0.0,0.0,0.0,0.0,0.0,ID_NORMAL_001,JOINT2_SWEEP_MEDIUM,RUN_01,50.0,0.0,NORMAL,NONE,COLD
508838.3753846,45.06,-8.02,111.95,0.24,64.87,-0.1,0.0,0.0,0.0,0.0,0.0,0.0,0.0,0.0,33.0,0.0,0.0,0.0,0.0,0.0,0.0,0.0,0.0,0.0,ID_NORMAL_001,JOINT2_SWEEP_MEDIUM,RUN_01,50.0,0.0,NORMAL,NONE,COLD
508838.4269371,45.06,-8.02,111.95,0.24,64.87,-0.1,0.0,0.0,0.0,0.0,0.0,0.0,0.0,0.0,33.0,0.0,0.0,0.0,0.0,0.0,0.0,0.0,0.0,0.0,ID_NORMAL_001,JOINT2_SWEEP_MEDIUM,RUN_01,50.0,0.0,NORMAL,NONE,COLD
508838.4760123,45.06,-8.02,111.95,0.24,64.87,-0.1,0.0,0.0,0.0,0.0,0.0,0.0,0.0,0.0,34.0,0.0,0.0,0.0,0.0,0.0,0.0,0.0,0.0,0.0,ID_NORMAL_001,JOINT2_SWEEP_MEDIUM,RUN_01,50.0,0.0,NORMAL,NONE,COLD
508838.4760123,45.06,-8.02,111.95,0.24,64.87,-0.1,0.0,0.0,0.0,0.0,0.0,0.0,0.0,0.0,32.0,0.0,0.0,0.0,0.0,0.0,0.0,0.0,0.0,0.0,ID_NORMAL_001,JOINT2_SWEEP_MEDIUM,RUN_01,50.0,0.0,NORMAL,NONE,COLD
508838.5189847,45.06,-8.02,111.95,0.24,64.87,-0.1,0.0,0.0,0.0,0.0,0.0,0.0,0.0,0.0,33.0,0.0,0.0,0.0,0.0,0.0,0.0,0.0,0.0,0.0,ID_NORMAL_001,JOINT2_SWEEP_MEDIUM,RUN_01,50.0,0.0,NORMAL,NONE,COLD
508838.5189847,45.06,-8.02,111.95,0.24,64.87,-0.1,0.0,0.0,0.0,0.0,0.0,0.0,0.0,0.0,33.0,0.0,0.0,0.0,0.0,0.0,0.0,0.0,0.0,0.0,ID_NORMAL_001,JOINT2_SWEEP_MEDIUM,RUN_01,50.0,0.0,NORMAL,NONE,COLD
508838.5668936,45.06,-8.02,111.95,0.24,64.87,-0.1,0.0,0.0,0.0,0.0,0.0,0.0,0.0,0.0,34.0,0.0,0.0,0.0,0.0,0.0,0.0,0.0,0.0,0.0,ID_NORMAL_001,JOINT2_SWEEP_MEDIUM,RUN_01,50.0,0.0,NORMAL,NONE,COLD
508838.5668936,45.06,-8.02,111.95,0.24,64.87,-0.1,0.0,0.0,0.0,0.0,0.0,0.0,0.0,0.0,34.0,0.0,0.0,0.0,0.0,0.0,0.0,0.0,0.0,0.0,ID_NORMAL_001,JOINT2_SWEEP_MEDIUM,RUN_01,50.0,0.0,NORMAL,NONE,COLD
508838.5918084,45.06,-8.02,111.95,0.24,64.87,-0.1,0.0,0.0,0.0,0.0,0.0,0.0,0.0,0.0,33.0,0.0,0.0,0.0,0.0,0.0,0.0,0.0,0.0,0.0,ID_NORMAL_001,JOINT2_SWEEP_MEDIUM,RUN_01,50.0,0.0,NORMAL,NONE,COLD
508838.6476609,45.06,-8.02,111.95,0.24,64.87,-0.1,0.0,0.0,0.0,0.0,0.0,0.0,0.0,0.0,33.0,0.0,0.0,0.0,0.0,0.0,0.0,0.0,0.0,0.0,ID_NORMAL_001,JOINT2_SWEEP_MEDIUM,RUN_01,50.0,0.0,NORMAL,NONE,COLD
508838.6913093,45.06,-8.02,111.95,0.24,64.87,-0.1,0.0,0.0,0.0,0.0,0.0,0.0,0.0,0.0,33.0,0.0,0.0,0.0,0.0,0.0,0.0,0.0,0.0,0.0,ID_NORMAL_001,JOINT2_SWEEP_MEDIUM,RUN_01,50.0,0.0,NORMAL,NONE,COLD
508838.6913093,45.06,-8.02,111.95,0.24,64.87,-0.1,0.0,0.0,0.0,0.0,0.0,0.0,0.0,0.0,32.0,0.0,0.0,0.0,0.0,0.0,0.0,0.0,0.0,0.0,ID_NORMAL_001,JOINT2_SWEEP_MEDIUM,RUN_01,50.0,0.0,NORMAL,NONE,COLD
508838.7385803,45.06,-8.02,111.95,0.24,64.87,-0.1,0.0,0.0,0.0,0.0,0.0,0.0,0.0,0.0,34.0,0.0,0.0,0.0,0.0,0.0,0.0,0.0,0.0,0.0,ID_NORMAL_001,JOINT2_SWEEP_MEDIUM,RUN_01,50.0,0.0,NORMAL,NONE,COLD
508838.7385803,45.06,-8.02,111.95,0.24,64.87,-0.1,0.0,0.0,0.0,0.0,0.0,0.0,0.0,0.0,34.0,0.0,0.0,0.0,0.0,0.0,0.0,0.0,0.0,0.0,ID_NORMAL_001,JOINT2_SWEEP_MEDIUM,RUN_01,50.0,0.0,NORMAL,NONE,COLD
508838.7815428,45.06,-8.02,111.95,0.24,64.87,-0.1,0.0,0.0,0.0,0.0,0.0,0.0,0.0,0.0,34.0,0.0,0.0,0.0,0.0,0.0,0.0,0.0,0.0,0.0,ID_NORMAL_001,JOINT2_SWEEP_MEDIUM,RUN_01,50.0,0.0,NORMAL,NONE,COLD
508838.837882,45.06,-8.02,111.95,0.24,64.87,-0.1,0.0,0.0,0.0,0.0,0.0,0.0,0.0,0.0,33.0,0.0,0.0,0.0,0.0,0.0,0.0,0.0,0.0,0.0,ID_NORMAL_001,JOINT2_SWEEP_MEDIUM,RUN_01,50.0,0.0,NORMAL,NONE,COLD
508838.837882,45.06,-8.02,111.95,0.24,64.87,-0.1,0.0,0.0,0.0,0.0,0.0,0.0,0.0,0.0,34.0,0.0,0.0,0.0,0.0,0.0,0.0,0.0,0.0,0.0,ID_NORMAL_001,JOINT2_SWEEP_MEDIUM,RUN_01,50.0,0.0,NORMAL,NONE,COLD
508838.8719366,45.06,-8.02,111.95,0.24,64.87,-0.1,0.0,0.0,0.0,0.0,0.0,0.0,0.0,0.0,34.0,0.0,0.0,0.0,0.0,0.0,0.0,0.0,0.0,0.0,ID_NORMAL_001,JOINT2_SWEEP_MEDIUM,RUN_01,50.0,0.0,NORMAL,NONE,COLD
508838.8719366,45.06,-8.02,111.95,0.24,64.87,-0.1,0.0,0.0,0.0,0.0,0.0,0.0,0.0,0.0,33.0,0.0,0.0,0.0,0.0,0.0,0.0,0.0,0.0,0.0,ID_NORMAL_001,JOINT2_SWEEP_MEDIUM,RUN_01,50.0,0.0,NORMAL,NONE,COLD
508838.9101235,45.06,-8.02,111.95,0.24,64.87,-0.1,0.0,0.0,0.0,0.0,0.0,0.0,0.0,0.0,33.0,0.0,0.0,0.0,0.0,0.0,0.0,0.0,0.0,0.0,ID_NORMAL_001,JOINT2_SWEEP_MEDIUM,RUN_01,50.0,0.0,NORMAL,NONE,COLD
508838.9622918,45.06,-8.02,111.95,0.24,64.87,-0.1,0.0,0.0,0.0,0.0,0.0,0.0,0.0,0.0,34.0,0.0,0.0,0.0,0.0,0.0,0.0,0.0,0.0,0.0,ID_NORMAL_001,JOINT2_SWEEP_MEDIUM,RUN_01,50.0,0.0,NORMAL,NONE,COLD
508838.9622918,45.06,-8.02,111.95,0.24,64.87,-0.1,0.0,0.0,0.0,0.0,0.0,0.0,0.0,0.0,34.0,0.0,0.0,0.0,0.0,0.0,0.0,0.0,0.0,0.0,ID_NORMAL_001,JOINT2_SWEEP_MEDIUM,RUN_01,50.0,0.0,NORMAL,NONE,COLD
508838.9834531,45.06,-8.02,111.95,0.24,64.87,-0.1,0.0,0.0,0.0,0.0,0.0,0.0,0.0,0.0,33.0,0.0,0.0,0.0,0.0,0.0,0.0,0.0,0.0,0.0,ID_NORMAL_001,JOINT2_SWEEP_MEDIUM,RUN_01,50.0,0.0,NORMAL,NONE,COLD
508839.03522,45.06,-8.02,111.95,0.24,64.87,-0.1,0.0,0.0,0.0,0.0,0.0,0.0,0.0,0.0,33.0,0.0,0.0,0.0,0.0,0.0,0.0,0.0,0.0,0.0,ID_NORMAL_001,JOINT2_SWEEP_MEDIUM,RUN_01,50.0,0.0,NORMAL,NONE,COLD
508839.03522,45.06,-8.02,111.95,0.24,64.87,-0.1,0.0,0.0,0.0,0.0,0.0,0.0,0.0,0.0,33.0,0.0,0.0,0.0,0.0,0.0,0.0,0.0,0.0,0.0,ID_NORMAL_001,JOINT2_SWEEP_MEDIUM,RUN_01,50.0,0.0,NORMAL,NONE,COLD
508839.0821372,45.06,-8.02,111.95,0.24,64.87,-0.1,0.0,0.0,0.0,0.0,0.0,0.0,0.0,0.0,34.0,0.0,0.0,0.0,0.0,0.0,0.0,0.0,0.0,0.0,ID_NORMAL_001,JOINT2_SWEEP_MEDIUM,RUN_01,50.0,0.0,NORMAL,NONE,COLD
508839.1283028,45.06,-8.02,111.95,0.24,64.87,-0.1,0.0,0.0,0.0,0.0,0.0,0.0,0.0,0.0,32.0,0.0,0.0,0.0,0.0,0.0,0.0,0.0,0.0,0.0,ID_NORMAL_001,JOINT2_SWEEP_MEDIUM,RUN_01,50.0,0.0,NORMAL,NONE,COLD
508839.1283028,45.06,-8.02,111.95,0.24,64.87,-0.1,0.0,0.0,0.0,0.0,0.0,0.0,0.0,0.0,33.0,0.0,0.0,0.0,0.0,0.0,0.0,0.0,0.0,0.0,ID_NORMAL_001,JOINT2_SWEEP_MEDIUM,RUN_01,50.0,0.0,NORMAL,NONE,COLD
508839.1767735,45.06,-8.02,111.95,0.24,64.87,-0.1,0.0,0.0,0.0,0.0,0.0,0.0,0.0,0.0,34.0,0.0,0.0,0.0,0.0,0.0,0.0,0.0,0.0,0.0,ID_NORMAL_001,JOINT2_SWEEP_MEDIUM,RUN_01,50.0,0.0,NORMAL,NONE,COLD
508839.1767735,45.06,-8.02,111.95,0.24,64.87,-0.1,0.0,0.0,0.0,0.0,0.0,0.0,0.0,0.0,33.0,0.0,0.0,0.0,0.0,0.0,0.0,0.0,0.0,0.0,ID_NORMAL_001,JOINT2_SWEEP_MEDIUM,RUN_01,50.0,0.0,NORMAL,NONE,COLD
508839.1920837,45.06,-8.02,111.95,0.24,64.87,-0.1,0.0,0.0,0.0,0.0,0.0,0.0,0.0,0.0,33.0,0.0,0.0,0.0,0.0,0.0,0.0,0.0,0.0,0.0,ID_NORMAL_001,JOINT2_SWEEP_MEDIUM,RUN_01,50.0,0.0,NORMAL,NONE,COLD
508839.2384283,45.06,-8.02,111.95,0.24,64.87,-0.1,0.0,0.0,0.0,0.0,0.0,0.0,0.0,0.0,33.0,0.0,0.0,0.0,0.0,0.0,0.0,0.0,0.0,0.0,ID_NORMAL_001,JOINT2_SWEEP_MEDIUM,RUN_01,50.0,0.0,NORMAL,NONE,COLD
508839.28517,45.06,-8.02,111.95,0.24,64.87,-0.1,0.0,0.0,0.0,0.0,0.0,0.0,0.0,0.0,33.0,0.0,0.0,0.0,0.0,0.0,0.0,0.0,0.0,0.0,ID_NORMAL_001,JOINT2_SWEEP_MEDIUM,RUN_01,50.0,0.0,NORMAL,NONE,COLD
508839.28517,45.06,-8.02,111.95,0.24,64.87,-0.1,0.0,0.0,0.0,0.0,0.0,0.0,0.0,0.0,33.0,0.0,0.0,0.0,0.0,0.0,0.0,0.0,0.0,0.0,ID_NORMAL_001,JOINT2_SWEEP_MEDIUM,RUN_01,50.0,0.0,NORMAL,NONE,COLD
508839.3377897,45.06,-8.02,111.95,0.24,64.87,-0.1,0.0,0.0,0.0,0.0,0.0,0.0,0.0,0.0,34.0,0.0,0.0,0.0,0.0,0.0,0.0,0.0,0.0,0.0,ID_NORMAL_001,JOINT2_SWEEP_MEDIUM,RUN_01,50.0,0.0,NORMAL,NONE,COLD
508839.3377897,45.06,-8.02,111.95,0.24,64.87,-0.1,0.0,0.0,0.0,0.0,0.0,0.0,0.0,0.0,33.0,0.0,0.0,0.0,0.0,0.0,0.0,0.0,0.0,0.0,ID_NORMAL_001,JOINT2_SWEEP_MEDIUM,RUN_01,50.0,0.0,NORMAL,NONE,COLD
508839.3781623,45.06,-8.02,111.95,0.24,64.87,-0.1,0.0,0.0,0.0,0.0,0.0,0.0,0.0,0.0,33.0,0.0,0.0,0.0,0.0,0.0,0.0,0.0,0.0,0.0,ID_NORMAL_001,JOINT2_SWEEP_MEDIUM,RUN_01,50.0,0.0,NORMAL,NONE,COLD
508839.3860812,45.06,-8.02,111.95,0.24,64.87,-0.1,0.0,0.0,0.0,0.0,0.0,0.0,0.0,0.0,34.0,0.0,0.0,0.0,0.0,0.0,0.0,0.0,0.0,0.0,ID_NORMAL_001,JOINT2_SWEEP_MEDIUM,RUN_01,50.0,0.0,NORMAL,NONE,COLD
508839.4384027,45.06,-8.02,111.95,0.24,64.87,-0.1,0.0,0.0,0.0,0.0,0.0,0.0,0.0,0.0,34.0,0.0,0.0,0.0,0.0,0.0,0.0,0.0,0.0,0.0,ID_NORMAL_001,JOINT2_SWEEP_MEDIUM,RUN_01,50.0,0.0,NORMAL,NONE,COLD
508839.4399755,45.06,-8.02,111.95,0.24,64.87,-0.1,0.0,0.0,0.0,0.0,0.0,0.0,0.0,0.0,33.0,0.0,0.0,0.0,0.0,0.0,0.0,0.0,0.0,0.0,ID_NORMAL_001,JOINT2_SWEEP_MEDIUM,RUN_01,50.0,0.0,NORMAL,NONE,COLD
508839.4891151,45.06,-8.02,111.95,0.24,64.87,-0.1,0.0,0.0,0.0,0.0,0.0,0.0,0.0,0.0,33.0,0.0,0.0,0.0,0.0,0.0,0.0,0.0,0.0,0.0,ID_NORMAL_001,JOINT2_SWEEP_MEDIUM,RUN_01,50.0,0.0,NORMAL,NONE,COLD
508839.5357807,45.06,-8.02,111.95,0.24,64.87,-0.1,0.0,0.0,0.0,0.0,0.0,0.0,0.0,0.0,34.0,0.0,0.0,0.0,0.0,0.0,0.0,0.0,0.0,0.0,ID_NORMAL_001,JOINT2_SWEEP_MEDIUM,RUN_01,50.0,0.0,NORMAL,NONE,COLD
508839.5357807,45.06,-8.02,111.95,0.24,64.87,-0.1,0.0,0.0,0.0,0.0,0.0,0.0,0.0,0.0,33.0,0.0,0.0,0.0,0.0,0.0,0.0,0.0,0.0,0.0,ID_NORMAL_001,JOINT2_SWEEP_MEDIUM,RUN_01,50.0,0.0,NORMAL,NONE,COLD
508839.5827183,45.06,-8.02,111.95,0.24,64.87,-0.1,0.0,0.0,0.0,0.0,0.0,0.0,0.0,0.0,34.0,0.0,0.0,0.0,0.0,0.0,0.0,0.0,0.0,0.0,ID_NORMAL_001,JOINT2_SWEEP_MEDIUM,RUN_01,50.0,0.0,NORMAL,NONE,COLD
508839.5827183,45.06,-8.02,111.95,0.24,64.87,-0.1,0.0,0.0,0.0,0.0,0.0,0.0,0.0,0.0,34.0,0.0,0.0,0.0,0.0,0.0,0.0,0.0,0.0,0.0,ID_NORMAL_001,JOINT2_SWEEP_MEDIUM,RUN_01,50.0,0.0,NORMAL,NONE,COLD
508839.6109699,45.06,-8.02,111.95,0.24,64.87,-0.1,0.0,0.0,0.0,0.0,0.0,0.0,0.0,0.0,34.0,0.0,0.0,0.0,0.0,0.0,0.0,0.0,0.0,0.0,ID_NORMAL_001,JOINT2_SWEEP_MEDIUM,RUN_01,50.0,0.0,NORMAL,NONE,COLD
508839.6471151,45.06,-8.02,111.95,0.24,64.87,-0.1,0.0,0.0,0.0,0.0,0.0,0.0,0.0,0.0,33.0,0.0,0.0,0.0,0.0,0.0,0.0,0.0,0.0,0.0,ID_NORMAL_001,JOINT2_SWEEP_MEDIUM,RUN_01,50.0,0.0,NORMAL,NONE,COLD
508839.6921653,45.06,-8.02,111.95,0.24,64.87,-0.1,0.0,0.0,0.0,0.0,0.0,0.0,0.0,0.0,35.0,0.0,0.0,0.0,0.0,0.0,0.0,0.0,0.0,0.0,ID_NORMAL_001,JOINT2_SWEEP_MEDIUM,RUN_01,50.0,0.0,NORMAL,NONE,COLD
508839.6921653,45.06,-8.02,111.95,0.24,64.87,-0.1,0.0,0.0,0.0,0.0,0.0,0.0,0.0,0.0,33.0,0.0,0.0,0.0,0.0,0.0,0.0,0.0,0.0,0.0,ID_NORMAL_001,JOINT2_SWEEP_MEDIUM,RUN_01,50.0,0.0,NORMAL,NONE,COLD
508839.7396066,45.06,-8.02,111.95,0.24,64.87,-0.1,0.0,0.0,0.0,0.0,0.0,0.0,0.0,0.0,34.0,0.0,0.0,0.0,0.0,0.0,0.0,0.0,0.0,0.0,ID_NORMAL_001,JOINT2_SWEEP_MEDIUM,RUN_01,50.0,0.0,NORMAL,NONE,COLD
508839.7396066,45.06,-8.02,111.95,0.24,64.87,-0.1,0.0,0.0,0.0,0.0,0.0,0.0,0.0,0.0,35.0,0.0,0.0,0.0,0.0,0.0,0.0,0.0,0.0,0.0,ID_NORMAL_001,JOINT2_SWEEP_MEDIUM,RUN_01,50.0,0.0,NORMAL,NONE,COLD
508839.7862526,45.06,-8.02,111.95,0.24,64.87,-0.1,0.0,0.0,0.0,0.0,0.0,0.0,0.0,0.0,34.0,0.0,0.0,0.0,0.0,0.0,0.0,0.0,0.0,0.0,ID_NORMAL_001,JOINT2_SWEEP_MEDIUM,RUN_01,50.0,0.0,NORMAL,NONE,COLD
508839.7932436,45.06,-8.02,111.95,0.24,64.87,-0.1,0.0,0.0,0.0,0.0,0.0,0.0,0.0,0.0,33.0,0.0,0.0,0.0,0.0,0.0,0.0,0.0,0.0,0.0,ID_NORMAL_001,JOINT2_SWEEP_MEDIUM,RUN_01,50.0,0.0,NORMAL,NONE,COLD
508839.850446,45.06,-8.02,111.95,0.24,64.87,-0.1,0.0,0.0,0.0,0.0,0.0,0.0,0.0,0.0,32.0,0.0,0.0,0.0,0.0,0.0,0.0,0.0,0.0,0.0,ID_NORMAL_001,JOINT2_SWEEP_MEDIUM,RUN_01,50.0,0.0,NORMAL,NONE,COLD
508839.850446,45.06,-8.02,111.95,0.24,64.87,-0.1,0.0,0.0,0.0,0.0,0.0,0.0,0.0,0.0,32.0,0.0,0.0,0.0,0.0,0.0,0.0,0.0,0.0,0.0,ID_NORMAL_001,JOINT2_SWEEP_MEDIUM,RUN_01,50.0,0.0,NORMAL,NONE,COLD
508839.8957887,45.06,-8.02,111.95,0.24,64.87,-0.1,0.0,0.0,0.0,0.0,0.0,0.0,0.0,0.0,34.0,0.0,0.0,0.0,0.0,0.0,0.0,0.0,0.0,0.0,ID_NORMAL_001,JOINT2_SWEEP_MEDIUM,RUN_01,50.0,0.0,NORMAL,NONE,COLD
508839.9428861,45.06,-8.02,111.95,0.24,64.87,-0.1,0.0,0.0,0.0,0.0,0.0,0.0,0.0,0.0,35.0,0.0,0.0,0.0,0.0,0.0,0.0,0.0,0.0,0.0,ID_NORMAL_001,JOINT2_SWEEP_MEDIUM,RUN_01,50.0,0.0,NORMAL,NONE,COLD
508839.9428861,45.06,-8.02,111.95,0.24,64.87,-0.1,0.0,0.0,0.0,0.0,0.0,0.0,0.0,0.0,34.0,0.0,0.0,0.0,0.0,0.0,0.0,0.0,0.0,0.0,ID_NORMAL_001,JOINT2_SWEEP_MEDIUM,RUN_01,50.0,0.0,NORMAL,NONE,COLD
508839.9847535,45.06,-8.02,111.95,0.24,64.87,-0.1,0.0,0.0,0.0,0.0,0.0,0.0,0.0,0.0,34.0,0.0,0.0,0.0,0.0,0.0,0.0,0.0,0.0,0.0,ID_NORMAL_001,JOINT2_SWEEP_MEDIUM,RUN_01,50.0,0.0,NORMAL,NONE,COLD
508839.9847535,45.06,-8.02,111.95,0.24,64.87,-0.1,0.0,0.0,0.0,0.0,0.0,0.0,0.0,0.0,34.0,0.0,0.0,0.0,0.0,0.0,0.0,0.0,0.0,0.0,ID_NORMAL_001,JOINT2_SWEEP_MEDIUM,RUN_01,50.0,0.0,NORMAL,NONE,COLD
508840.0164121,45.06,-8.02,111.95,0.24,64.87,-0.1,0.0,0.0,0.0,0.0,0.0,0.0,0.0,0.0,33.0,0.0,0.0,0.0,0.0,0.0,0.0,0.0,0.0,0.0,ID_NORMAL_001,JOINT2_SWEEP_MEDIUM,RUN_01,50.0,0.0,NORMAL,NONE,COLD
508840.0754085,45.06,-8.02,111.95,0.24,64.87,-0.1,0.0,0.0,0.0,0.0,0.0,0.0,0.0,0.0,34.0,0.0,0.0,0.0,0.0,0.0,0.0,0.0,0.0,0.0,ID_NORMAL_001,JOINT2_SWEEP_MEDIUM,RUN_01,50.0,0.0,NORMAL,NONE,COLD
508840.1139723,45.06,-8.02,111.95,0.24,64.87,-0.1,0.0,0.0,0.0,0.0,0.0,0.0,0.0,0.0,34.0,0.0,0.0,0.0,0.0,0.0,0.0,0.0,0.0,0.0,ID_NORMAL_001,JOINT2_SWEEP_MEDIUM,RUN_01,50.0,0.0,NORMAL,NONE,COLD
508840.1139723,45.06,-8.02,111.95,0.24,64.87,-0.1,0.0,0.0,0.0,0.0,0.0,0.0,0.0,0.0,33.0,0.0,0.0,0.0,0.0,0.0,0.0,0.0,0.0,0.0,ID_NORMAL_001,JOINT2_SWEEP_MEDIUM,RUN_01,50.0,0.0,NORMAL,NONE,COLD
508840.1616217,45.06,-8.02,111.95,0.24,64.87,-0.1,0.0,0.0,0.0,0.0,0.0,0.0,0.0,0.0,34.0,0.0,0.0,0.0,0.0,0.0,0.0,0.0,0.0,0.0,ID_NORMAL_001,JOINT2_SWEEP_MEDIUM,RUN_01,50.0,0.0,NORMAL,NONE,COLD
508840.1616217,45.06,-8.02,111.95,0.24,64.87,-0.1,0.0,0.0,0.0,0.0,0.0,0.0,0.0,0.0,33.0,0.0,0.0,0.0,0.0,0.0,0.0,0.0,0.0,0.0,ID_NORMAL_001,JOINT2_SWEEP_MEDIUM,RUN_01,50.0,0.0,NORMAL,NONE,COLD
508840.1972486,45.06,-8.02,111.95,0.24,64.87,-0.1,0.0,0.0,0.0,0.0,0.0,0.0,0.0,0.0,35.0,0.0,0.0,0.0,0.0,0.0,0.0,0.0,0.0,0.0,ID_NORMAL_001,JOINT2_SWEEP_MEDIUM,RUN_01,50.0,0.0,NORMAL,NONE,COLD
508840.238426,45.06,-8.02,111.95,0.24,64.87,-0.1,0.0,0.0,0.0,0.0,0.0,0.0,0.0,0.0,34.0,0.0,0.0,0.0,0.0,0.0,0.0,0.0,0.0,0.0,ID_NORMAL_001,JOINT2_SWEEP_MEDIUM,RUN_01,50.0,0.0,NORMAL,NONE,COLD
508840.238426,45.06,-8.02,111.95,0.24,64.87,-0.1,0.0,0.0,0.0,0.0,0.0,0.0,0.0,0.0,33.0,0.0,0.0,0.0,0.0,0.0,0.0,0.0,0.0,0.0,ID_NORMAL_001,JOINT2_SWEEP_MEDIUM,RUN_01,50.0,0.0,NORMAL,NONE,COLD
508840.2860839,45.06,-8.02,111.95,0.24,64.87,-0.1,0.0,0.0,0.0,0.0,0.0,0.0,0.0,0.0,33.0,0.0,0.0,0.0,0.0,0.0,0.0,0.0,0.0,0.0,ID_NORMAL_001,JOINT2_SWEEP_MEDIUM,RUN_01,50.0,0.0,NORMAL,NONE,COLD
508840.2860839,45.06,-8.02,111.95,0.24,64.87,-0.1,0.0,0.0,0.0,0.0,0.0,0.0,0.0,0.0,33.0,0.0,0.0,0.0,0.0,0.0,0.0,0.0,0.0,0.0,ID_NORMAL_001,JOINT2_SWEEP_MEDIUM,RUN_01,50.0,0.0,NORMAL,NONE,COLD
508840.3328055,45.06,-8.02,111.95,0.24,64.87,-0.1,0.0,0.0,0.0,0.0,0.0,0.0,0.0,0.0,34.0,0.0,0.0,0.0,0.0,0.0,0.0,0.0,0.0,0.0,ID_NORMAL_001,JOINT2_SWEEP_MEDIUM,RUN_01,50.0,0.0,NORMAL,NONE,COLD
508840.3785611,45.06,-8.02,111.95,0.24,64.87,-0.1,0.0,0.0,0.0,0.0,0.0,0.0,0.0,0.0,34.0,0.0,0.0,0.0,0.0,0.0,0.0,0.0,0.0,0.0,ID_NORMAL_001,JOINT2_SWEEP_MEDIUM,RUN_01,50.0,0.0,NORMAL,NONE,COLD
508840.3785611,45.06,-8.02,111.95,0.24,64.87,-0.1,0.0,0.0,0.0,0.0,0.0,0.0,0.0,0.0,35.0,0.0,0.0,0.0,0.0,0.0,0.0,0.0,0.0,0.0,ID_NORMAL_001,JOINT2_SWEEP_MEDIUM,RUN_01,50.0,0.0,NORMAL,NONE,COLD
508840.3990444,45.06,-8.02,111.95,0.24,64.87,-0.1,0.0,0.0,0.0,0.0,0.0,0.0,0.0,0.0,34.0,0.0,0.0,0.0,0.0,0.0,0.0,0.0,0.0,0.0,ID_NORMAL_001,JOINT2_SWEEP_MEDIUM,RUN_01,50.0,0.0,NORMAL,NONE,COLD
508840.4415715,45.06,-8.02,111.95,0.24,64.87,-0.1,0.0,0.0,0.0,0.0,0.0,0.0,0.0,0.0,34.0,0.0,0.0,0.0,0.0,0.0,0.0,0.0,0.0,0.0,ID_NORMAL_001,JOINT2_SWEEP_MEDIUM,RUN_01,50.0,0.0,NORMAL,NONE,COLD
508840.4873052,45.06,-8.02,111.95,0.24,64.87,-0.1,0.0,0.0,0.0,0.0,0.0,0.0,0.0,0.0,35.0,0.0,0.0,0.0,0.0,0.0,0.0,0.0,0.0,0.0,ID_NORMAL_001,JOINT2_SWEEP_MEDIUM,RUN_01,50.0,0.0,NORMAL,NONE,COLD
508840.4873052,45.06,-8.02,111.95,0.24,64.87,-0.1,0.0,0.0,0.0,0.0,0.0,0.0,0.0,0.0,34.0,0.0,0.0,0.0,0.0,0.0,0.0,0.0,0.0,0.0,ID_NORMAL_001,JOINT2_SWEEP_MEDIUM,RUN_01,50.0,0.0,NORMAL,NONE,COLD
508840.5312059,45.06,-8.02,111.95,0.24,64.87,-0.1,0.0,0.0,0.0,0.0,0.0,0.0,0.0,0.0,33.0,0.0,0.0,0.0,0.0,0.0,0.0,0.0,0.0,0.0,ID_NORMAL_001,JOINT2_SWEEP_MEDIUM,RUN_01,50.0,0.0,NORMAL,NONE,COLD
508840.5312059,45.06,-8.02,111.95,0.24,64.87,-0.1,0.0,0.0,0.0,0.0,0.0,0.0,0.0,0.0,33.0,0.0,0.0,0.0,0.0,0.0,0.0,0.0,0.0,0.0,ID_NORMAL_001,JOINT2_SWEEP_MEDIUM,RUN_01,50.0,0.0,NORMAL,NONE,COLD
508840.5802299,45.06,-8.02,111.95,0.24,64.87,-0.1,0.0,0.0,0.0,0.0,0.0,0.0,0.0,0.0,33.0,0.0,0.0,0.0,0.0,0.0,0.0,0.0,0.0,0.0,ID_NORMAL_001,JOINT2_SWEEP_MEDIUM,RUN_01,50.0,0.0,NORMAL,NONE,COLD
508840.6049099,45.06,-8.02,111.95,0.24,64.87,-0.1,0.0,0.0,0.0,0.0,0.0,0.0,0.0,0.0,34.0,0.0,0.0,0.0,0.0,0.0,0.0,0.0,0.0,0.0,ID_NORMAL_001,JOINT2_SWEEP_MEDIUM,RUN_01,50.0,0.0,NORMAL,NONE,COLD
508840.6584795,45.06,-8.02,111.95,0.24,64.87,-0.1,0.0,0.0,0.0,0.0,0.0,0.0,0.0,0.0,33.0,0.0,0.0,0.0,0.0,0.0,0.0,0.0,0.0,0.0,ID_NORMAL_001,JOINT2_SWEEP_MEDIUM,RUN_01,50.0,0.0,NORMAL,NONE,COLD
508840.6584795,45.06,-8.02,111.95,0.24,64.87,-0.1,0.0,0.0,0.0,0.0,0.0,0.0,0.0,0.0,34.0,0.0,0.0,0.0,0.0,0.0,0.0,0.0,0.0,0.0,ID_NORMAL_001,JOINT2_SWEEP_MEDIUM,RUN_01,50.0,0.0,NORMAL,NONE,COLD
508840.7045728,45.06,-8.02,111.95,0.24,64.87,-0.1,0.0,0.0,0.0,0.0,0.0,0.0,0.0,0.0,33.0,0.0,0.0,0.0,0.0,0.0,0.0,0.0,0.0,0.0,ID_NORMAL_001,JOINT2_SWEEP_MEDIUM,RUN_01,50.0,0.0,NORMAL,NONE,COLD
508840.7045728,45.06,-8.02,111.95,0.24,64.87,-0.1,0.0,0.0,0.0,0.0,0.0,0.0,0.0,0.0,34.0,0.0,0.0,0.0,0.0,0.0,0.0,0.0,0.0,0.0,ID_NORMAL_001,JOINT2_SWEEP_MEDIUM,RUN_01,50.0,0.0,NORMAL,NONE,COLD
508840.7531096,45.06,-8.02,111.95,0.24,64.87,-0.1,0.0,0.0,0.0,0.0,0.0,0.0,0.0,0.0,34.0,0.0,0.0,0.0,0.0,0.0,0.0,0.0,0.0,0.0,ID_NORMAL_001,JOINT2_SWEEP_MEDIUM,RUN_01,50.0,0.0,NORMAL,NONE,COLD
508840.7531096,45.06,-8.02,111.95,0.24,64.87,-0.1,0.0,0.0,0.0,0.0,0.0,0.0,0.0,0.0,33.0,0.0,0.0,0.0,0.0,0.0,0.0,0.0,0.0,0.0,ID_NORMAL_001,JOINT2_SWEEP_MEDIUM,RUN_01,50.0,0.0,NORMAL,NONE,COLD
508840.7989169,45.06,-8.02,111.95,0.24,64.87,-0.1,0.0,0.0,0.0,0.0,0.0,0.0,0.0,0.0,34.0,0.0,0.0,0.0,0.0,0.0,0.0,0.0,0.0,0.0,ID_NORMAL_001,JOINT2_SWEEP_MEDIUM,RUN_01,50.0,0.0,NORMAL,NONE,COLD
508840.8051145,45.06,-8.02,111.95,0.24,64.87,-0.1,0.0,0.0,0.0,0.0,0.0,0.0,0.0,0.0,33.0,0.0,0.0,0.0,0.0,0.0,0.0,0.0,0.0,0.0,ID_NORMAL_001,JOINT2_SWEEP_MEDIUM,RUN_01,50.0,0.0,NORMAL,NONE,COLD
508840.847459,45.06,-8.02,111.95,0.24,64.87,-0.1,0.0,0.0,0.0,0.0,0.0,0.0,0.0,0.0,33.0,0.0,0.0,0.0,0.0,0.0,0.0,0.0,0.0,0.0,ID_NORMAL_001,JOINT2_SWEEP_MEDIUM,RUN_01,50.0,0.0,NORMAL,NONE,COLD
508840.8933548,45.06,-8.02,111.95,0.24,64.87,-0.1,0.0,0.0,0.0,0.0,0.0,0.0,0.0,0.0,34.0,0.0,0.0,0.0,0.0,0.0,0.0,0.0,0.0,0.0,ID_NORMAL_001,JOINT2_SWEEP_MEDIUM,RUN_01,50.0,0.0,NORMAL,NONE,COLD
508840.8933548,45.06,-8.02,111.95,0.24,64.87,-0.1,0.0,0.0,0.0,0.0,0.0,0.0,0.0,0.0,34.0,0.0,0.0,0.0,0.0,0.0,0.0,0.0,0.0,0.0,ID_NORMAL_001,JOINT2_SWEEP_MEDIUM,RUN_01,50.0,0.0,NORMAL,NONE,COLD
508840.9402302,45.06,-8.02,111.95,0.24,64.87,-0.1,0.0,0.0,0.0,0.0,0.0,0.0,0.0,0.0,34.0,0.0,0.0,0.0,0.0,0.0,0.0,0.0,0.0,0.0,ID_NORMAL_001,JOINT2_SWEEP_MEDIUM,RUN_01,50.0,0.0,NORMAL,NONE,COLD
508840.9872515,45.06,-8.02,111.95,0.24,64.87,-0.1,0.0,0.0,0.0,0.0,0.0,0.0,0.0,0.0,33.0,0.0,0.0,0.0,0.0,0.0,0.0,0.0,0.0,0.0,ID_NORMAL_001,JOINT2_SWEEP_MEDIUM,RUN_01,50.0,0.0,NORMAL,NONE,COLD
508840.9872515,45.06,-8.02,111.95,0.24,64.87,-0.1,0.0,0.0,0.0,0.0,0.0,0.0,0.0,0.0,33.0,0.0,0.0,0.0,0.0,0.0,0.0,0.0,0.0,0.0,ID_NORMAL_001,JOINT2_SWEEP_MEDIUM,RUN_01,50.0,0.0,NORMAL,NONE,COLD
508841.0058074,45.06,-8.02,111.95,0.24,64.87,-0.1,0.0,0.0,0.0,0.0,0.0,0.0,0.0,0.0,35.0,0.0,0.0,0.0,0.0,0.0,0.0,0.0,0.0,0.0,ID_NORMAL_001,JOINT2_SWEEP_MEDIUM,RUN_01,50.0,0.0,NORMAL,NONE,COLD
508841.0595449,45.06,-8.02,111.95,0.24,64.87,-0.1,0.0,0.0,0.0,0.0,0.0,0.0,0.0,0.0,33.0,0.0,0.0,0.0,0.0,0.0,0.0,0.0,0.0,0.0,ID_NORMAL_001,JOINT2_SWEEP_MEDIUM,RUN_01,50.0,0.0,NORMAL,NONE,COLD
508841.0595449,45.06,-8.02,111.95,0.24,64.87,-0.1,0.0,0.0,0.0,0.0,0.0,0.0,0.0,0.0,33.0,0.0,0.0,0.0,0.0,0.0,0.0,0.0,0.0,0.0,ID_NORMAL_001,JOINT2_SWEEP_MEDIUM,RUN_01,50.0,0.0,NORMAL,NONE,COLD
508841.0804063,45.06,-8.02,111.95,0.24,64.87,-0.1,0.0,0.0,0.0,0.0,0.0,0.0,0.0,0.0,34.0,0.0,0.0,0.0,0.0,0.0,0.0,0.0,0.0,0.0,ID_NORMAL_001,JOINT2_SWEEP_MEDIUM,RUN_01,50.0,0.0,NORMAL,NONE,COLD
508841.1277963,45.06,-8.02,111.95,0.24,64.87,-0.1,0.0,0.0,0.0,0.0,0.0,0.0,0.0,0.0,32.0,0.0,0.0,0.0,0.0,0.0,0.0,0.0,0.0,0.0,ID_NORMAL_001,JOINT2_SWEEP_MEDIUM,RUN_01,50.0,0.0,NORMAL,NONE,COLD
508841.1738795,45.06,-8.02,111.95,0.24,64.87,-0.1,0.0,0.0,0.0,0.0,0.0,0.0,0.0,0.0,33.0,0.0,0.0,0.0,0.0,0.0,0.0,0.0,0.0,0.0,ID_NORMAL_001,JOINT2_SWEEP_MEDIUM,RUN_01,50.0,0.0,NORMAL,NONE,COLD
508841.1738795,45.06,-8.02,111.95,0.24,64.87,-0.1,0.0,0.0,0.0,0.0,0.0,0.0,0.0,0.0,33.0,0.0,0.0,0.0,0.0,0.0,0.0,0.0,0.0,0.0,ID_NORMAL_001,JOINT2_SWEEP_MEDIUM,RUN_01,50.0,0.0,NORMAL,NONE,COLD
508841.2117172,45.06,-8.02,111.95,0.24,64.87,-0.1,0.0,0.0,0.0,0.0,0.0,0.0,0.0,0.0,35.0,0.0,0.0,0.0,0.0,0.0,0.0,0.0,0.0,0.0,ID_NORMAL_001,JOINT2_SWEEP_MEDIUM,RUN_01,50.0,0.0,NORMAL,NONE,COLD
508841.2689681,45.06,-8.02,111.95,0.24,64.87,-0.1,0.0,0.0,0.0,0.0,0.0,0.0,0.0,0.0,33.0,0.0,0.0,0.0,0.0,0.0,0.0,0.0,0.0,0.0,ID_NORMAL_001,JOINT2_SWEEP_MEDIUM,RUN_01,50.0,0.0,NORMAL,NONE,COLD
508841.2689681,45.06,-8.02,111.95,0.24,64.87,-0.1,0.0,0.0,0.0,0.0,0.0,0.0,0.0,0.0,33.0,0.0,0.0,0.0,0.0,0.0,0.0,0.0,0.0,0.0,ID_NORMAL_001,JOINT2_SWEEP_MEDIUM,RUN_01,50.0,0.0,NORMAL,NONE,COLD
508841.3131721,45.06,-8.02,111.95,0.24,64.87,-0.1,0.0,0.0,0.0,0.0,0.0,0.0,0.0,0.0,34.0,0.0,0.0,0.0,0.0,0.0,0.0,0.0,0.0,0.0,ID_NORMAL_001,JOINT2_SWEEP_MEDIUM,RUN_01,50.0,0.0,NORMAL,NONE,COLD
508841.3131721,45.06,-8.02,111.95,0.24,64.87,-0.1,0.0,0.0,0.0,0.0,0.0,0.0,0.0,0.0,33.0,0.0,0.0,0.0,0.0,0.0,0.0,0.0,0.0,0.0,ID_NORMAL_001,JOINT2_SWEEP_MEDIUM,RUN_01,50.0,0.0,NORMAL,NONE,COLD
508841.3598916,45.06,-8.02,111.95,0.24,64.87,-0.1,0.0,0.0,0.0,0.0,0.0,0.0,0.0,0.0,34.0,0.0,0.0,0.0,0.0,0.0,0.0,0.0,0.0,0.0,ID_NORMAL_001,JOINT2_SWEEP_MEDIUM,RUN_01,50.0,0.0,NORMAL,NONE,COLD
508841.3598916,45.06,-8.02,111.95,0.24,64.87,-0.1,0.0,0.0,0.0,0.0,0.0,0.0,0.0,0.0,33.0,0.0,0.0,0.0,0.0,0.0,0.0,0.0,0.0,0.0,ID_NORMAL_001,JOINT2_SWEEP_MEDIUM,RUN_01,50.0,0.0,NORMAL,NONE,COLD
508841.4099246,45.06,-8.02,111.95,0.24,64.87,-0.1,0.0,0.0,0.0,0.0,0.0,0.0,0.0,0.0,34.0,0.0,0.0,0.0,0.0,0.0,0.0,0.0,0.0,0.0,ID_NORMAL_001,JOINT2_SWEEP_MEDIUM,RUN_01,50.0,0.0,NORMAL,NONE,COLD
508841.4099246,45.06,-8.02,111.95,0.24,64.87,-0.1,0.0,0.0,0.0,0.0,0.0,0.0,0.0,0.0,34.0,0.0,0.0,0.0,0.0,0.0,0.0,0.0,0.0,0.0,ID_NORMAL_001,JOINT2_SWEEP_MEDIUM,RUN_01,50.0,0.0,NORMAL,NONE,COLD
508841.4356607,45.06,-8.02,111.95,0.24,64.87,-0.1,0.0,0.0,0.0,0.0,0.0,0.0,0.0,0.0,34.0,0.0,0.0,0.0,0.0,0.0,0.0,0.0,0.0,0.0,ID_NORMAL_001,JOINT2_SWEEP_MEDIUM,RUN_01,50.0,0.0,NORMAL,NONE,COLD
508841.4910075,45.06,-8.02,111.95,0.24,64.87,-0.1,0.0,0.0,0.0,0.0,0.0,0.0,0.0,0.0,33.0,0.0,0.0,0.0,0.0,0.0,0.0,0.0,0.0,0.0,ID_NORMAL_001,JOINT2_SWEEP_MEDIUM,RUN_01,50.0,0.0,NORMAL,NONE,COLD
508841.5319919,45.06,-8.02,111.95,0.24,64.87,-0.1,0.0,0.0,0.0,0.0,0.0,0.0,0.0,0.0,33.0,0.0,0.0,0.0,0.0,0.0,0.0,0.0,0.0,0.0,ID_NORMAL_001,JOINT2_SWEEP_MEDIUM,RUN_01,50.0,0.0,NORMAL,NONE,COLD
508841.5319919,45.06,-8.02,111.95,0.24,64.87,-0.1,0.0,0.0,0.0,0.0,0.0,0.0,0.0,0.0,33.0,0.0,0.0,0.0,0.0,0.0,0.0,0.0,0.0,0.0,ID_NORMAL_001,JOINT2_SWEEP_MEDIUM,RUN_01,50.0,0.0,NORMAL,NONE,COLD
508841.5781389,45.06,-8.02,111.95,0.24,64.87,-0.1,0.0,0.0,0.0,0.0,0.0,0.0,0.0,0.0,33.0,0.0,0.0,0.0,0.0,0.0,0.0,0.0,0.0,0.0,ID_NORMAL_001,JOINT2_SWEEP_MEDIUM,RUN_01,50.0,0.0,NORMAL,NONE,COLD
508841.5781389,45.06,-8.02,111.95,0.24,64.87,-0.1,0.0,0.0,0.0,0.0,0.0,0.0,0.0,0.0,33.0,0.0,0.0,0.0,0.0,0.0,0.0,0.0,0.0,0.0,ID_NORMAL_001,JOINT2_SWEEP_MEDIUM,RUN_01,50.0,0.0,NORMAL,NONE,COLD
508841.6181469,45.06,-8.02,111.95,0.24,64.87,-0.1,0.0,0.0,0.0,0.0,0.0,0.0,0.0,0.0,33.0,0.0,0.0,0.0,0.0,0.0,0.0,0.0,0.0,0.0,ID_NORMAL_001,JOINT2_SWEEP_MEDIUM,RUN_01,50.0,0.0,NORMAL,NONE,COLD
508841.6567629,45.06,-8.02,111.95,0.24,64.87,-0.1,0.0,0.0,0.0,0.0,0.0,0.0,0.0,0.0,35.0,0.0,0.0,0.0,0.0,0.0,0.0,0.0,0.0,0.0,ID_NORMAL_001,JOINT2_SWEEP_MEDIUM,RUN_01,50.0,0.0,NORMAL,NONE,COLD
508841.6567629,45.06,-8.02,111.95,0.24,64.87,-0.1,0.0,0.0,0.0,0.0,0.0,0.0,0.0,0.0,34.0,0.0,0.0,0.0,0.0,0.0,0.0,0.0,0.0,0.0,ID_NORMAL_001,JOINT2_SWEEP_MEDIUM,RUN_01,50.0,0.0,NORMAL,NONE,COLD
508841.7041796,45.06,-8.02,111.95,0.24,64.87,-0.1,0.0,0.0,0.0,0.0,0.0,0.0,0.0,0.0,33.0,0.0,0.0,0.0,0.0,0.0,0.0,0.0,0.0,0.0,ID_NORMAL_001,JOINT2_SWEEP_MEDIUM,RUN_01,50.0,0.0,NORMAL,NONE,COLD
508841.754824,45.06,-8.02,111.95,0.24,64.87,-0.1,0.0,0.0,0.0,0.0,0.0,0.0,0.0,0.0,35.0,0.0,0.0,0.0,0.0,0.0,0.0,0.0,0.0,0.0,ID_NORMAL_001,JOINT2_SWEEP_MEDIUM,RUN_01,50.0,0.0,NORMAL,NONE,COLD
508841.754824,45.06,-8.02,111.95,0.24,64.87,-0.1,0.0,0.0,0.0,0.0,0.0,0.0,0.0,0.0,34.0,0.0,0.0,0.0,0.0,0.0,0.0,0.0,0.0,0.0,ID_NORMAL_001,JOINT2_SWEEP_MEDIUM,RUN_01,50.0,0.0,NORMAL,NONE,COLD
508841.7981964,45.06,-8.02,111.95,0.24,64.87,-0.1,0.0,0.0,0.0,0.0,0.0,0.0,0.0,0.0,33.0,0.0,0.0,0.0,0.0,0.0,0.0,0.0,0.0,0.0,ID_NORMAL_001,JOINT2_SWEEP_MEDIUM,RUN_01,50.0,0.0,NORMAL,NONE,COLD
508841.7981964,45.06,-8.02,111.95,0.24,64.87,-0.1,0.0,0.0,0.0,0.0,0.0,0.0,0.0,0.0,33.0,0.0,0.0,0.0,0.0,0.0,0.0,0.0,0.0,0.0,ID_NORMAL_001,JOINT2_SWEEP_MEDIUM,RUN_01,50.0,0.0,NORMAL,NONE,COLD
508841.8183803,45.06,-8.02,111.95,0.24,64.87,-0.1,0.0,0.0,0.0,0.0,0.0,0.0,0.0,0.0,33.0,0.0,0.0,0.0,0.0,0.0,0.0,0.0,0.0,0.0,ID_NORMAL_001,JOINT2_SWEEP_MEDIUM,RUN_01,50.0,0.0,NORMAL,NONE,COLD
508841.8627884,45.06,-8.02,111.95,0.24,64.87,-0.1,0.0,0.0,0.0,0.0,0.0,0.0,0.0,0.0,34.0,0.0,0.0,0.0,0.0,0.0,0.0,0.0,0.0,0.0,ID_NORMAL_001,JOINT2_SWEEP_MEDIUM,RUN_01,50.0,0.0,NORMAL,NONE,COLD
508841.9115454,45.06,-8.02,111.95,0.24,64.87,-0.1,0.0,0.0,0.0,0.0,0.0,0.0,0.0,0.0,33.0,0.0,0.0,0.0,0.0,0.0,0.0,0.0,0.0,0.0,ID_NORMAL_001,JOINT2_SWEEP_MEDIUM,RUN_01,50.0,0.0,NORMAL,NONE,COLD
508841.9115454,45.06,-8.02,111.95,0.24,64.87,-0.1,0.0,0.0,0.0,0.0,0.0,0.0,0.0,0.0,33.0,0.0,0.0,0.0,0.0,0.0,0.0,0.0,0.0,0.0,ID_NORMAL_001,JOINT2_SWEEP_MEDIUM,RUN_01,50.0,0.0,NORMAL,NONE,COLD
508841.9551311,45.06,-8.02,111.95,0.24,64.87,-0.1,0.0,0.0,0.0,0.0,0.0,0.0,0.0,0.0,32.0,0.0,0.0,0.0,0.0,0.0,0.0,0.0,0.0,0.0,ID_NORMAL_001,JOINT2_SWEEP_MEDIUM,RUN_01,50.0,0.0,NORMAL,NONE,COLD
508841.9551311,45.06,-8.02,111.95,0.24,64.87,-0.1,0.0,0.0,0.0,0.0,0.0,0.0,0.0,0.0,32.0,0.0,0.0,0.0,0.0,0.0,0.0,0.0,0.0,0.0,ID_NORMAL_001,JOINT2_SWEEP_MEDIUM,RUN_01,50.0,0.0,NORMAL,NONE,COLD
508842.0037487,45.06,-8.02,111.95,0.24,64.87,-0.1,0.0,0.0,0.0,0.0,0.0,0.0,0.0,0.0,33.0,0.0,0.0,0.0,0.0,0.0,0.0,0.0,0.0,0.0,ID_NORMAL_001,JOINT2_SWEEP_MEDIUM,RUN_01,50.0,0.0,NORMAL,NONE,COLD
508842.0207845,45.06,-8.02,111.95,0.24,64.87,-0.1,0.0,0.0,0.0,0.0,0.0,0.0,0.0,0.0,32.0,0.0,0.0,0.0,0.0,0.0,0.0,0.0,0.0,0.0,ID_NORMAL_001,JOINT2_SWEEP_MEDIUM,RUN_01,50.0,0.0,NORMAL,NONE,COLD
508842.0693739,45.06,-8.02,111.95,0.24,64.87,-0.1,0.0,0.0,0.0,0.0,0.0,0.0,0.0,0.0,33.0,0.0,0.0,0.0,0.0,0.0,0.0,0.0,0.0,0.0,ID_NORMAL_001,JOINT2_SWEEP_MEDIUM,RUN_01,50.0,0.0,NORMAL,NONE,COLD
508842.0693739,45.06,-8.02,111.95,0.24,64.87,-0.1,0.0,0.0,0.0,0.0,0.0,0.0,0.0,0.0,34.0,0.0,0.0,0.0,0.0,0.0,0.0,0.0,0.0,0.0,ID_NORMAL_001,JOINT2_SWEEP_MEDIUM,RUN_01,50.0,0.0,NORMAL,NONE,COLD
508842.114718,45.06,-8.02,111.95,0.24,64.87,-0.1,0.0,0.0,0.0,0.0,0.0,0.0,0.0,0.0,33.0,0.0,0.0,0.0,0.0,0.0,0.0,0.0,0.0,0.0,ID_NORMAL_001,JOINT2_SWEEP_MEDIUM,RUN_01,50.0,0.0,NORMAL,NONE,COLD
508842.1434794,45.06,-8.02,111.95,0.24,64.87,-0.1,0.0,0.0,0.0,0.0,0.0,0.0,0.0,0.0,35.0,0.0,0.0,0.0,0.0,0.0,0.0,0.0,0.0,0.0,ID_NORMAL_001,JOINT2_SWEEP_MEDIUM,RUN_01,50.0,0.0,NORMAL,NONE,COLD
508842.1434794,45.06,-8.02,111.95,0.24,64.87,-0.1,0.0,0.0,0.0,0.0,0.0,0.0,0.0,0.0,33.0,0.0,0.0,0.0,0.0,0.0,0.0,0.0,0.0,0.0,ID_NORMAL_001,JOINT2_SWEEP_MEDIUM,RUN_01,50.0,0.0,NORMAL,NONE,COLD
508842.1917948,45.06,-8.02,111.95,0.24,64.87,-0.1,0.0,0.0,0.0,0.0,0.0,0.0,0.0,0.0,33.0,0.0,0.0,0.0,0.0,0.0,0.0,0.0,0.0,0.0,ID_NORMAL_001,JOINT2_SWEEP_MEDIUM,RUN_01,50.0,0.0,NORMAL,NONE,COLD
508842.2231246,45.06,-8.02,111.95,0.24,64.87,-0.1,0.0,0.0,0.0,0.0,0.0,0.0,0.0,0.0,34.0,0.0,0.0,0.0,0.0,0.0,0.0,0.0,0.0,0.0,ID_NORMAL_001,JOINT2_SWEEP_MEDIUM,RUN_01,50.0,0.0,NORMAL,NONE,COLD
508842.2701201,45.06,-8.02,111.95,0.24,64.87,-0.1,0.0,0.0,0.0,0.0,0.0,0.0,0.0,0.0,35.0,0.0,0.0,0.0,0.0,0.0,0.0,0.0,0.0,0.0,ID_NORMAL_001,JOINT2_SWEEP_MEDIUM,RUN_01,50.0,0.0,NORMAL,NONE,COLD
508842.2701201,45.06,-8.02,111.95,0.24,64.87,-0.1,0.0,0.0,0.0,0.0,0.0,0.0,0.0,0.0,33.0,0.0,0.0,0.0,0.0,0.0,0.0,0.0,0.0,0.0,ID_NORMAL_001,JOINT2_SWEEP_MEDIUM,RUN_01,50.0,0.0,NORMAL,NONE,COLD
508842.3178923,45.06,-8.02,111.95,0.24,64.87,-0.1,0.0,0.0,0.0,0.0,0.0,0.0,0.0,0.0,33.0,0.0,0.0,0.0,0.0,0.0,0.0,0.0,0.0,0.0,ID_NORMAL_001,JOINT2_SWEEP_MEDIUM,RUN_01,50.0,0.0,NORMAL,NONE,COLD
508842.3178923,45.06,-8.02,111.95,0.24,64.87,-0.1,0.0,0.0,0.0,0.0,0.0,0.0,0.0,0.0,34.0,0.0,0.0,0.0,0.0,0.0,0.0,0.0,0.0,0.0,ID_NORMAL_001,JOINT2_SWEEP_MEDIUM,RUN_01,50.0,0.0,NORMAL,NONE,COLD
508842.3603574,45.06,-8.02,111.95,0.24,64.87,-0.1,0.0,0.0,0.0,0.0,0.0,0.0,0.0,0.0,32.0,0.0,0.0,0.0,0.0,0.0,0.0,0.0,0.0,0.0,ID_NORMAL_001,JOINT2_SWEEP_MEDIUM,RUN_01,50.0,0.0,NORMAL,NONE,COLD
508842.4099519,45.06,-8.02,111.95,0.24,64.87,-0.1,0.0,0.0,0.0,0.0,0.0,0.0,0.0,0.0,34.0,0.0,0.0,0.0,0.0,0.0,0.0,0.0,0.0,0.0,ID_NORMAL_001,JOINT2_SWEEP_MEDIUM,RUN_01,50.0,0.0,NORMAL,NONE,COLD
508842.4099519,45.06,-8.02,111.95,0.24,64.87,-0.1,0.0,0.0,0.0,0.0,0.0,0.0,0.0,0.0,33.0,0.0,0.0,0.0,0.0,0.0,0.0,0.0,0.0,0.0,ID_NORMAL_001,JOINT2_SWEEP_MEDIUM,RUN_01,50.0,0.0,NORMAL,NONE,COLD
508842.4265262,45.06,-8.02,111.95,0.24,64.87,-0.1,0.0,0.0,0.0,0.0,0.0,0.0,0.0,0.0,33.0,0.0,0.0,0.0,0.0,0.0,0.0,0.0,0.0,0.0,ID_NORMAL_001,JOINT2_SWEEP_MEDIUM,RUN_01,50.0,0.0,NORMAL,NONE,COLD
508842.4707516,45.06,-8.02,111.95,0.24,64.87,-0.1,0.0,0.0,0.0,0.0,0.0,0.0,0.0,0.0,34.0,0.0,0.0,0.0,0.0,0.0,0.0,0.0,0.0,0.0,ID_NORMAL_001,JOINT2_SWEEP_MEDIUM,RUN_01,50.0,0.0,NORMAL,NONE,COLD
508842.517901,45.06,-8.02,111.95,0.24,64.87,-0.1,0.0,0.0,0.0,0.0,0.0,0.0,0.0,0.0,34.0,0.0,0.0,0.0,0.0,0.0,0.0,0.0,0.0,0.0,ID_NORMAL_001,JOINT2_SWEEP_MEDIUM,RUN_01,50.0,0.0,NORMAL,NONE,COLD
508842.517901,45.06,-8.02,111.95,0.24,64.87,-0.1,0.0,0.0,0.0,0.0,0.0,0.0,0.0,0.0,34.0,0.0,0.0,0.0,0.0,0.0,0.0,0.0,0.0,0.0,ID_NORMAL_001,JOINT2_SWEEP_MEDIUM,RUN_01,50.0,0.0,NORMAL,NONE,COLD
508842.5642236,45.06,-8.02,111.95,0.24,64.87,-0.1,0.0,0.0,0.0,0.0,0.0,0.0,0.0,0.0,32.0,0.0,0.0,0.0,0.0,0.0,0.0,0.0,0.0,0.0,ID_NORMAL_001,JOINT2_SWEEP_MEDIUM,RUN_01,50.0,0.0,NORMAL,NONE,COLD
508842.5642236,45.06,-8.02,111.95,0.24,64.87,-0.1,0.0,0.0,0.0,0.0,0.0,0.0,0.0,0.0,34.0,0.0,0.0,0.0,0.0,0.0,0.0,0.0,0.0,0.0,ID_NORMAL_001,JOINT2_SWEEP_MEDIUM,RUN_01,50.0,0.0,NORMAL,NONE,COLD
508842.6138705,45.06,-8.02,111.95,0.24,64.87,-0.1,0.0,0.0,0.0,0.0,0.0,0.0,0.0,0.0,33.0,0.0,0.0,0.0,0.0,0.0,0.0,0.0,0.0,0.0,ID_NORMAL_001,JOINT2_SWEEP_MEDIUM,RUN_01,50.0,0.0,NORMAL,NONE,COLD
508842.6138705,45.06,-8.02,111.95,0.24,64.87,-0.1,0.0,0.0,0.0,0.0,0.0,0.0,0.0,0.0,34.0,0.0,0.0,0.0,0.0,0.0,0.0,0.0,0.0,0.0,ID_NORMAL_001,JOINT2_SWEEP_MEDIUM,RUN_01,50.0,0.0,NORMAL,NONE,COLD
508842.6364413,45.06,-8.02,111.95,0.24,64.87,-0.1,0.0,0.0,0.0,0.0,0.0,0.0,0.0,0.0,34.0,0.0,0.0,0.0,0.0,0.0,0.0,0.0,0.0,0.0,ID_NORMAL_001,JOINT2_SWEEP_MEDIUM,RUN_01,50.0,0.0,NORMAL,NONE,COLD
508842.6901902,45.06,-8.02,111.95,0.24,64.87,-0.1,0.0,0.0,0.0,0.0,0.0,0.0,0.0,0.0,33.0,0.0,0.0,0.0,0.0,0.0,0.0,0.0,0.0,0.0,ID_NORMAL_001,JOINT2_SWEEP_MEDIUM,RUN_01,50.0,0.0,NORMAL,NONE,COLD
508842.6901902,45.06,-8.02,111.95,0.24,64.87,-0.1,0.0,0.0,0.0,0.0,0.0,0.0,0.0,0.0,32.0,0.0,0.0,0.0,0.0,0.0,0.0,0.0,0.0,0.0,ID_NORMAL_001,JOINT2_SWEEP_MEDIUM,RUN_01,50.0,0.0,NORMAL,NONE,COLD
508842.7384797,45.06,-8.02,111.95,0.24,64.87,-0.1,0.0,0.0,0.0,0.0,0.0,0.0,0.0,0.0,34.0,0.0,0.0,0.0,0.0,0.0,0.0,0.0,0.0,0.0,ID_NORMAL_001,JOINT2_SWEEP_MEDIUM,RUN_01,50.0,0.0,NORMAL,NONE,COLD
508842.7855121,45.06,-8.02,111.95,0.24,64.87,-0.1,0.0,0.0,0.0,0.0,0.0,0.0,0.0,0.0,35.0,0.0,0.0,0.0,0.0,0.0,0.0,0.0,0.0,0.0,ID_NORMAL_001,JOINT2_SWEEP_MEDIUM,RUN_01,50.0,0.0,NORMAL,NONE,COLD
508842.7855121,45.06,-8.02,111.95,0.24,64.87,-0.1,0.0,0.0,0.0,0.0,0.0,0.0,0.0,0.0,33.0,0.0,0.0,0.0,0.0,0.0,0.0,0.0,0.0,0.0,ID_NORMAL_001,JOINT2_SWEEP_MEDIUM,RUN_01,50.0,0.0,NORMAL,NONE,COLD
508842.8286939,45.06,-8.02,111.95,0.24,64.87,-0.1,0.0,0.0,0.0,0.0,0.0,0.0,0.0,0.0,34.0,0.0,0.0,0.0,0.0,0.0,0.0,0.0,0.0,0.0,ID_NORMAL_001,JOINT2_SWEEP_MEDIUM,RUN_01,50.0,0.0,NORMAL,NONE,COLD
508842.8286939,45.06,-8.02,111.95,0.24,64.87,-0.1,0.0,0.0,0.0,0.0,0.0,0.0,0.0,0.0,34.0,0.0,0.0,0.0,0.0,0.0,0.0,0.0,0.0,0.0,ID_NORMAL_001,JOINT2_SWEEP_MEDIUM,RUN_01,50.0,0.0,NORMAL,NONE,COLD
508842.8889282,45.06,-8.02,111.95,0.24,64.87,-0.1,0.0,0.0,0.0,0.0,0.0,0.0,0.0,0.0,35.0,0.0,0.0,0.0,0.0,0.0,0.0,0.0,0.0,0.0,ID_NORMAL_001,JOINT2_SWEEP_MEDIUM,RUN_01,50.0,0.0,NORMAL,NONE,COLD
508842.927882,45.06,-8.02,111.95,0.24,64.87,-0.1,0.0,0.0,0.0,0.0,0.0,0.0,0.0,0.0,34.0,0.0,0.0,0.0,0.0,0.0,0.0,0.0,0.0,0.0,ID_NORMAL_001,JOINT2_SWEEP_MEDIUM,RUN_01,50.0,0.0,NORMAL,NONE,COLD
508842.927882,45.06,-8.02,111.95,0.24,64.87,-0.1,0.0,0.0,0.0,0.0,0.0,0.0,0.0,0.0,33.0,0.0,0.0,0.0,0.0,0.0,0.0,0.0,0.0,0.0,ID_NORMAL_001,JOINT2_SWEEP_MEDIUM,RUN_01,50.0,0.0,NORMAL,NONE,COLD
508842.9786971,45.06,-8.02,111.95,0.24,64.87,-0.1,0.0,0.0,0.0,0.0,0.0,0.0,0.0,0.0,34.0,0.0,0.0,0.0,0.0,0.0,0.0,0.0,0.0,0.0,ID_NORMAL_001,JOINT2_SWEEP_MEDIUM,RUN_01,50.0,0.0,NORMAL,NONE,COLD
508842.9786971,45.06,-8.02,111.95,0.24,64.87,-0.1,0.0,0.0,0.0,0.0,0.0,0.0,0.0,0.0,35.0,0.0,0.0,0.0,0.0,0.0,0.0,0.0,0.0,0.0,ID_NORMAL_001,JOINT2_SWEEP_MEDIUM,RUN_01,50.0,0.0,NORMAL,NONE,COLD
508843.0222752,45.06,-8.02,111.95,0.24,64.87,-0.1,0.0,0.0,0.0,0.0,0.0,0.0,0.0,0.0,34.0,0.0,0.0,0.0,0.0,0.0,0.0,0.0,0.0,0.0,ID_NORMAL_001,JOINT2_SWEEP_MEDIUM,RUN_01,50.0,0.0,NORMAL,NONE,COLD
508843.0222752,45.06,-8.02,111.95,0.24,64.87,-0.1,0.0,0.0,0.0,0.0,0.0,0.0,0.0,0.0,33.0,0.0,0.0,0.0,0.0,0.0,0.0,0.0,0.0,0.0,ID_NORMAL_001,JOINT2_SWEEP_MEDIUM,RUN_01,50.0,0.0,NORMAL,NONE,COLD
508843.046486,45.06,-8.02,111.95,0.24,64.87,-0.1,0.0,0.0,0.0,0.0,0.0,0.0,0.0,0.0,33.0,0.0,0.0,0.0,0.0,0.0,0.0,0.0,0.0,0.0,ID_NORMAL_001,JOINT2_SWEEP_MEDIUM,RUN_01,50.0,0.0,NORMAL,NONE,COLD
508843.1004135,45.06,-8.02,111.95,0.24,64.87,-0.1,0.0,0.0,0.0,0.0,0.0,0.0,0.0,0.0,33.0,0.0,0.0,0.0,0.0,0.0,0.0,0.0,0.0,0.0,ID_NORMAL_001,JOINT2_SWEEP_MEDIUM,RUN_01,50.0,0.0,NORMAL,NONE,COLD
508843.1467085,45.06,-8.02,111.95,0.24,64.87,-0.1,0.0,0.0,0.0,0.0,0.0,0.0,0.0,0.0,34.0,0.0,0.0,0.0,0.0,0.0,0.0,0.0,0.0,0.0,ID_NORMAL_001,JOINT2_SWEEP_MEDIUM,RUN_01,50.0,0.0,NORMAL,NONE,COLD
508843.1467085,45.06,-8.02,111.95,0.24,64.87,-0.1,0.0,0.0,0.0,0.0,0.0,0.0,0.0,0.0,33.0,0.0,0.0,0.0,0.0,0.0,0.0,0.0,0.0,0.0,ID_NORMAL_001,JOINT2_SWEEP_MEDIUM,RUN_01,50.0,0.0,NORMAL,NONE,COLD
508843.1968403,45.06,-8.02,111.95,0.24,64.87,-0.1,0.0,0.0,0.0,0.0,0.0,0.0,0.0,0.0,34.0,0.0,0.0,0.0,0.0,0.0,0.0,0.0,0.0,0.0,ID_NORMAL_001,JOINT2_SWEEP_MEDIUM,RUN_01,50.0,0.0,NORMAL,NONE,COLD
508843.1968403,45.06,-8.02,111.95,0.24,64.87,-0.1,0.0,0.0,0.0,0.0,0.0,0.0,0.0,0.0,34.0,0.0,0.0,0.0,0.0,0.0,0.0,0.0,0.0,0.0,ID_NORMAL_001,JOINT2_SWEEP_MEDIUM,RUN_01,50.0,0.0,NORMAL,NONE,COLD
508843.2326522,45.06,-8.02,111.95,0.24,64.87,-0.1,0.0,0.0,0.0,0.0,0.0,0.0,0.0,0.0,33.0,0.0,0.0,0.0,0.0,0.0,0.0,0.0,0.0,0.0,ID_NORMAL_001,JOINT2_SWEEP_MEDIUM,RUN_01,50.0,0.0,NORMAL,NONE,COLD
508843.265883,45.06,-8.02,111.95,0.24,64.87,-0.1,0.0,0.0,0.0,0.0,0.0,0.0,0.0,0.0,32.0,0.0,0.0,0.0,0.0,0.0,0.0,0.0,0.0,0.0,ID_NORMAL_001,JOINT2_SWEEP_MEDIUM,RUN_01,50.0,0.0,NORMAL,NONE,COLD
508843.265883,45.06,-8.02,111.95,0.24,64.87,-0.1,0.0,0.0,0.0,0.0,0.0,0.0,0.0,0.0,34.0,0.0,0.0,0.0,0.0,0.0,0.0,0.0,0.0,0.0,ID_NORMAL_001,JOINT2_SWEEP_MEDIUM,RUN_01,50.0,0.0,NORMAL,NONE,COLD
508843.321685,45.06,-8.02,111.95,0.24,64.87,-0.1,0.0,0.0,0.0,0.0,0.0,0.0,0.0,0.0,34.0,0.0,0.0,0.0,0.0,0.0,0.0,0.0,0.0,0.0,ID_NORMAL_001,JOINT2_SWEEP_MEDIUM,RUN_01,50.0,0.0,NORMAL,NONE,COLD
508843.321685,45.06,-8.02,111.95,0.24,64.87,-0.1,0.0,0.0,0.0,0.0,0.0,0.0,0.0,0.0,34.0,0.0,0.0,0.0,0.0,0.0,0.0,0.0,0.0,0.0,ID_NORMAL_001,JOINT2_SWEEP_MEDIUM,RUN_01,50.0,0.0,NORMAL,NONE,COLD
508843.3686632,45.06,-8.02,111.95,0.24,64.87,-0.1,0.0,0.0,0.0,0.0,0.0,0.0,0.0,0.0,33.0,0.0,0.0,0.0,0.0,0.0,0.0,0.0,0.0,0.0,ID_NORMAL_001,JOINT2_SWEEP_MEDIUM,RUN_01,50.0,0.0,NORMAL,NONE,COLD
508843.4117275,45.06,-8.02,111.95,0.24,64.87,-0.1,0.0,0.0,0.0,0.0,0.0,0.0,0.0,0.0,32.0,0.0,0.0,0.0,0.0,0.0,0.0,0.0,0.0,0.0,ID_NORMAL_001,JOINT2_SWEEP_MEDIUM,RUN_01,50.0,0.0,NORMAL,NONE,COLD
508843.4117275,45.06,-8.02,111.95,0.24,64.87,-0.1,0.0,0.0,0.0,0.0,0.0,0.0,0.0,0.0,34.0,0.0,0.0,0.0,0.0,0.0,0.0,0.0,0.0,0.0,ID_NORMAL_001,JOINT2_SWEEP_MEDIUM,RUN_01,50.0,0.0,NORMAL,NONE,COLD
508843.4393745,45.06,-8.02,111.95,0.24,64.87,-0.1,0.0,0.0,0.0,0.0,0.0,0.0,0.0,0.0,35.0,0.0,0.0,0.0,0.0,0.0,0.0,0.0,0.0,0.0,ID_NORMAL_001,JOINT2_SWEEP_MEDIUM,RUN_01,50.0,0.0,NORMAL,NONE,COLD
508843.4898875,45.06,-8.02,111.95,0.24,64.87,-0.1,0.0,0.0,0.0,0.0,0.0,0.0,0.0,0.0,34.0,0.0,0.0,0.0,0.0,0.0,0.0,0.0,0.0,0.0,ID_NORMAL_001,JOINT2_SWEEP_MEDIUM,RUN_01,50.0,0.0,NORMAL,NONE,COLD
508843.4898875,45.06,-8.02,111.95,0.24,64.87,-0.1,0.0,0.0,0.0,0.0,0.0,0.0,0.0,0.0,34.0,0.0,0.0,0.0,0.0,0.0,0.0,0.0,0.0,0.0,ID_NORMAL_001,JOINT2_SWEEP_MEDIUM,RUN_01,50.0,0.0,NORMAL,NONE,COLD
508843.5365303,45.06,-8.02,111.95,0.24,64.87,-0.1,0.0,0.0,0.0,0.0,0.0,0.0,0.0,0.0,33.0,0.0,0.0,0.0,0.0,0.0,0.0,0.0,0.0,0.0,ID_NORMAL_001,JOINT2_SWEEP_MEDIUM,RUN_01,50.0,0.0,NORMAL,NONE,COLD
508843.585063,45.06,-8.02,111.95,0.24,64.87,-0.1,0.0,0.0,0.0,0.0,0.0,0.0,0.0,0.0,35.0,0.0,0.0,0.0,0.0,0.0,0.0,0.0,0.0,0.0,ID_NORMAL_001,JOINT2_SWEEP_MEDIUM,RUN_01,50.0,0.0,NORMAL,NONE,COLD
508843.585063,45.06,-8.02,111.95,0.24,64.87,-0.1,0.0,0.0,0.0,0.0,0.0,0.0,0.0,0.0,32.0,0.0,0.0,0.0,0.0,0.0,0.0,0.0,0.0,0.0,ID_NORMAL_001,JOINT2_SWEEP_MEDIUM,RUN_01,50.0,0.0,NORMAL,NONE,COLD
508843.6293403,45.06,-8.02,111.95,0.24,64.87,-0.1,0.0,0.0,0.0,0.0,0.0,0.0,0.0,0.0,32.0,0.0,0.0,0.0,0.0,0.0,0.0,0.0,0.0,0.0,ID_NORMAL_001,JOINT2_SWEEP_MEDIUM,RUN_01,50.0,0.0,NORMAL,NONE,COLD
508843.6293403,45.06,-8.02,111.95,0.24,64.87,-0.1,0.0,0.0,0.0,0.0,0.0,0.0,0.0,0.0,32.0,0.0,0.0,0.0,0.0,0.0,0.0,0.0,0.0,0.0,ID_NORMAL_001,JOINT2_SWEEP_MEDIUM,RUN_01,50.0,0.0,NORMAL,NONE,COLD
508843.651546,45.06,-8.02,111.95,0.24,64.87,-0.1,0.0,0.0,0.0,0.0,0.0,0.0,0.0,0.0,34.0,0.0,0.0,0.0,0.0,0.0,0.0,0.0,0.0,0.0,ID_NORMAL_001,JOINT2_SWEEP_MEDIUM,RUN_01,50.0,0.0,NORMAL,NONE,COLD
508843.6939579,45.06,-8.02,111.95,0.24,64.87,-0.1,0.0,0.0,0.0,0.0,0.0,0.0,0.0,0.0,33.0,0.0,0.0,0.0,0.0,0.0,0.0,0.0,0.0,0.0,ID_NORMAL_001,JOINT2_SWEEP_MEDIUM,RUN_01,50.0,0.0,NORMAL,NONE,COLD
508843.7438241,45.06,-8.02,111.95,0.24,64.87,-0.1,0.0,0.0,0.0,0.0,0.0,0.0,0.0,0.0,35.0,0.0,0.0,0.0,0.0,0.0,0.0,0.0,0.0,0.0,ID_NORMAL_001,JOINT2_SWEEP_MEDIUM,RUN_01,50.0,0.0,NORMAL,NONE,COLD
508843.7438241,45.06,-8.02,111.95,0.24,64.87,-0.1,0.0,0.0,0.0,0.0,0.0,0.0,0.0,0.0,32.0,0.0,0.0,0.0,0.0,0.0,0.0,0.0,0.0,0.0,ID_NORMAL_001,JOINT2_SWEEP_MEDIUM,RUN_01,50.0,0.0,NORMAL,NONE,COLD
508843.782409,45.06,-8.02,111.95,0.24,64.87,-0.1,0.0,0.0,0.0,0.0,0.0,0.0,0.0,0.0,33.0,0.0,0.0,0.0,0.0,0.0,0.0,0.0,0.0,0.0,ID_NORMAL_001,JOINT2_SWEEP_MEDIUM,RUN_01,50.0,0.0,NORMAL,NONE,COLD
508843.782409,45.06,-8.02,111.95,0.24,64.87,-0.1,0.0,0.0,0.0,0.0,0.0,0.0,0.0,0.0,33.0,0.0,0.0,0.0,0.0,0.0,0.0,0.0,0.0,0.0,ID_NORMAL_001,JOINT2_SWEEP_MEDIUM,RUN_01,50.0,0.0,NORMAL,NONE,COLD
508843.8338512,45.06,-8.02,111.95,0.24,64.87,-0.1,0.0,0.0,0.0,0.0,0.0,0.0,0.0,0.0,33.0,0.0,0.0,0.0,0.0,0.0,0.0,0.0,0.0,0.0,ID_NORMAL_001,JOINT2_SWEEP_MEDIUM,RUN_01,50.0,0.0,NORMAL,NONE,COLD
508843.8427615,45.06,-8.02,111.95,0.24,64.87,-0.1,0.0,0.0,0.0,0.0,0.0,0.0,0.0,0.0,32.0,0.0,0.0,0.0,0.0,0.0,0.0,0.0,0.0,0.0,ID_NORMAL_001,JOINT2_SWEEP_MEDIUM,RUN_01,50.0,0.0,NORMAL,NONE,COLD
508843.8954861,45.06,-8.02,111.95,0.24,64.87,-0.1,0.0,0.0,0.0,0.0,0.0,0.0,0.0,0.0,33.0,0.0,0.0,0.0,0.0,0.0,0.0,0.0,0.0,0.0,ID_NORMAL_001,JOINT2_SWEEP_MEDIUM,RUN_01,50.0,0.0,NORMAL,NONE,COLD
508843.8954861,45.06,-8.02,111.95,0.24,64.87,-0.1,0.0,0.0,0.0,0.0,0.0,0.0,0.0,0.0,34.0,0.0,0.0,0.0,0.0,0.0,0.0,0.0,0.0,0.0,ID_NORMAL_001,JOINT2_SWEEP_MEDIUM,RUN_01,50.0,0.0,NORMAL,NONE,COLD
508843.9447833,45.06,-8.02,111.95,0.24,64.87,-0.1,0.0,0.0,0.0,0.0,0.0,0.0,0.0,0.0,34.0,0.0,0.0,0.0,0.0,0.0,0.0,0.0,0.0,0.0,ID_NORMAL_001,JOINT2_SWEEP_MEDIUM,RUN_01,50.0,0.0,NORMAL,NONE,COLD
508843.9884475,45.06,-8.02,111.95,0.24,64.87,-0.1,0.0,0.0,0.0,0.0,0.0,0.0,0.0,0.0,33.0,0.0,0.0,0.0,0.0,0.0,0.0,0.0,0.0,0.0,ID_NORMAL_001,JOINT2_SWEEP_MEDIUM,RUN_01,50.0,0.0,NORMAL,NONE,COLD
508843.9884475,45.06,-8.02,111.95,0.24,64.87,-0.1,0.0,0.0,0.0,0.0,0.0,0.0,0.0,0.0,34.0,0.0,0.0,0.0,0.0,0.0,0.0,0.0,0.0,0.0,ID_NORMAL_001,JOINT2_SWEEP_MEDIUM,RUN_01,50.0,0.0,NORMAL,NONE,COLD
508844.034366,45.06,-8.02,111.95,0.24,64.87,-0.1,0.0,0.0,0.0,0.0,0.0,0.0,0.0,0.0,33.0,0.0,0.0,0.0,0.0,0.0,0.0,0.0,0.0,0.0,ID_NORMAL_001,JOINT2_SWEEP_MEDIUM,RUN_01,50.0,0.0,NORMAL,NONE,COLD
508844.034366,45.06,-8.02,111.95,0.24,64.87,-0.1,0.0,0.0,0.0,0.0,0.0,0.0,0.0,0.0,33.0,0.0,0.0,0.0,0.0,0.0,0.0,0.0,0.0,0.0,ID_NORMAL_001,JOINT2_SWEEP_MEDIUM,RUN_01,50.0,0.0,NORMAL,NONE,COLD
508844.056838,45.06,-8.02,111.95,0.24,64.87,-0.1,0.0,0.0,0.0,0.0,0.0,0.0,0.0,0.0,32.0,0.0,0.0,0.0,0.0,0.0,0.0,0.0,0.0,0.0,ID_NORMAL_001,JOINT2_SWEEP_MEDIUM,RUN_01,50.0,0.0,NORMAL,NONE,COLD
508844.1145713,45.06,-8.02,111.95,0.24,64.87,-0.1,0.0,0.0,0.0,0.0,0.0,0.0,0.0,0.0,32.0,0.0,0.0,0.0,0.0,0.0,0.0,0.0,0.0,0.0,ID_NORMAL_001,JOINT2_SWEEP_MEDIUM,RUN_01,50.0,0.0,NORMAL,NONE,COLD
508844.1145713,45.06,-8.02,111.95,0.24,64.87,-0.1,0.0,0.0,0.0,0.0,0.0,0.0,0.0,0.0,35.0,0.0,0.0,0.0,0.0,0.0,0.0,0.0,0.0,0.0,ID_NORMAL_001,JOINT2_SWEEP_MEDIUM,RUN_01,50.0,0.0,NORMAL,NONE,COLD
508844.1697454,45.06,-8.02,111.95,0.24,64.87,-0.1,0.0,0.0,0.0,0.0,0.0,0.0,0.0,0.0,35.0,0.0,0.0,0.0,0.0,0.0,0.0,0.0,0.0,0.0,ID_NORMAL_001,JOINT2_SWEEP_MEDIUM,RUN_01,50.0,0.0,NORMAL,NONE,COLD
508844.2700216,45.06,-8.02,111.95,0.24,64.87,-0.1,0.0,0.0,0.0,0.0,0.0,0.0,0.0,0.0,35.0,0.0,0.0,0.0,0.0,0.0,0.0,0.0,0.0,0.0,ID_NORMAL_001,JOINT2_SWEEP_MEDIUM,RUN_01,50.0,0.0,NORMAL,NONE,COLD
508844.2700216,45.06,-8.02,111.95,0.24,64.87,-0.1,0.0,0.0,0.0,0.0,0.0,0.0,0.0,0.0,33.0,0.0,0.0,0.0,0.0,0.0,0.0,0.0,0.0,0.0,ID_NORMAL_001,JOINT2_SWEEP_MEDIUM,RUN_01,50.0,0.0,NORMAL,NONE,COLD
508844.2700216,45.06,-8.02,111.95,0.24,64.87,-0.1,0.0,0.0,0.0,0.0,0.0,0.0,0.0,0.0,33.0,0.0,0.0,0.0,0.0,0.0,0.0,0.0,0.0,0.0,ID_NORMAL_001,JOINT2_SWEEP_MEDIUM,RUN_01,50.0,0.0,NORMAL,NONE,COLD
508844.2700216,45.06,-8.02,111.95,0.24,64.87,-0.1,0.0,0.0,0.0,0.0,0.0,0.0,0.0,0.0,33.0,0.0,0.0,0.0,0.0,0.0,0.0,0.0,0.0,0.0,ID_NORMAL_001,JOINT2_SWEEP_MEDIUM,RUN_01,50.0,0.0,NORMAL,NONE,COLD
508844.2808225,45.06,-8.02,111.95,0.24,64.87,-0.1,0.0,0.0,0.0,0.0,0.0,0.0,0.0,0.0,33.0,0.0,0.0,0.0,0.0,0.0,0.0,0.0,0.0,0.0,ID_NORMAL_001,JOINT2_SWEEP_MEDIUM,RUN_01,50.0,0.0,NORMAL,NONE,COLD
508844.3232613,45.06,-8.02,111.95,0.24,64.87,-0.1,0.0,0.0,0.0,0.0,0.0,0.0,0.0,0.0,33.0,0.0,0.0,0.0,0.0,0.0,0.0,0.0,0.0,0.0,ID_NORMAL_001,JOINT2_SWEEP_MEDIUM,RUN_01,50.0,0.0,NORMAL,NONE,COLD
508844.3601727,45.06,-8.02,111.95,0.24,64.87,-0.1,0.0,0.0,0.0,0.0,0.0,0.0,0.0,0.0,33.0,0.0,0.0,0.0,0.0,0.0,0.0,0.0,0.0,0.0,ID_NORMAL_001,JOINT2_SWEEP_MEDIUM,RUN_01,50.0,0.0,NORMAL,NONE,COLD
508844.3601727,45.06,-8.02,111.95,0.24,64.87,-0.1,0.0,0.0,0.0,0.0,0.0,0.0,0.0,0.0,33.0,0.0,0.0,0.0,0.0,0.0,0.0,0.0,0.0,0.0,ID_NORMAL_001,JOINT2_SWEEP_MEDIUM,RUN_01,50.0,0.0,NORMAL,NONE,COLD
508844.4093848,45.06,-8.02,111.95,0.24,64.87,-0.1,0.0,0.0,0.0,0.0,0.0,0.0,0.0,0.0,33.0,0.0,0.0,0.0,0.0,0.0,0.0,0.0,0.0,0.0,ID_NORMAL_001,JOINT2_SWEEP_MEDIUM,RUN_01,50.0,0.0,NORMAL,NONE,COLD
508844.4555028,45.06,-8.02,111.95,0.24,64.87,-0.1,0.0,0.0,0.0,0.0,0.0,0.0,0.0,0.0,34.0,0.0,0.0,0.0,0.0,0.0,0.0,0.0,0.0,0.0,ID_NORMAL_001,JOINT2_SWEEP_MEDIUM,RUN_01,50.0,0.0,NORMAL,NONE,COLD
508844.4555028,45.06,-8.02,111.95,0.24,64.87,-0.1,0.0,0.0,0.0,0.0,0.0,0.0,0.0,0.0,33.0,0.0,0.0,0.0,0.0,0.0,0.0,0.0,0.0,0.0,ID_NORMAL_001,JOINT2_SWEEP_MEDIUM,RUN_01,50.0,0.0,NORMAL,NONE,COLD
508844.4861064,45.06,-8.02,111.95,0.24,64.87,-0.1,0.0,0.0,0.0,0.0,0.0,0.0,0.0,0.0,33.0,0.0,0.0,0.0,0.0,0.0,0.0,0.0,0.0,0.0,ID_NORMAL_001,JOINT2_SWEEP_MEDIUM,RUN_01,50.0,0.0,NORMAL,NONE,COLD
508844.5341323,45.06,-8.02,111.95,0.24,64.87,-0.1,0.0,0.0,0.0,0.0,0.0,0.0,0.0,0.0,33.0,0.0,0.0,0.0,0.0,0.0,0.0,0.0,0.0,0.0,ID_NORMAL_001,JOINT2_SWEEP_MEDIUM,RUN_01,50.0,0.0,NORMAL,NONE,COLD
508844.5341323,45.06,-8.02,111.95,0.24,64.87,-0.1,0.0,0.0,0.0,0.0,0.0,0.0,0.0,0.0,33.0,0.0,0.0,0.0,0.0,0.0,0.0,0.0,0.0,0.0,ID_NORMAL_001,JOINT2_SWEEP_MEDIUM,RUN_01,50.0,0.0,NORMAL,NONE,COLD
508844.5807394,45.06,-8.02,111.95,0.24,64.87,-0.1,0.0,0.0,0.0,0.0,0.0,0.0,0.0,0.0,34.0,0.0,0.0,0.0,0.0,0.0,0.0,0.0,0.0,0.0,ID_NORMAL_001,JOINT2_SWEEP_MEDIUM,RUN_01,50.0,0.0,NORMAL,NONE,COLD
508844.5807394,45.06,-8.02,111.95,0.24,64.87,-0.1,0.0,0.0,0.0,0.0,0.0,0.0,0.0,0.0,34.0,0.0,0.0,0.0,0.0,0.0,0.0,0.0,0.0,0.0,ID_NORMAL_001,JOINT2_SWEEP_MEDIUM,RUN_01,50.0,0.0,NORMAL,NONE,COLD
508844.6298062,45.06,-8.02,111.95,0.24,64.87,-0.1,0.0,0.0,0.0,0.0,0.0,0.0,0.0,0.0,33.0,0.0,0.0,0.0,0.0,0.0,0.0,0.0,0.0,0.0,ID_NORMAL_001,JOINT2_SWEEP_MEDIUM,RUN_01,50.0,0.0,NORMAL,NONE,COLD
508844.6746369,45.06,-8.02,111.95,0.24,64.87,-0.1,0.0,0.0,0.0,0.0,0.0,0.0,0.0,0.0,33.0,0.0,0.0,0.0,0.0,0.0,0.0,0.0,0.0,0.0,ID_NORMAL_001,JOINT2_SWEEP_MEDIUM,RUN_01,50.0,0.0,NORMAL,NONE,COLD
508844.6746369,45.06,-8.02,111.95,0.24,64.87,-0.1,0.0,0.0,0.0,0.0,0.0,0.0,0.0,0.0,34.0,0.0,0.0,0.0,0.0,0.0,0.0,0.0,0.0,0.0,ID_NORMAL_001,JOINT2_SWEEP_MEDIUM,RUN_01,50.0,0.0,NORMAL,NONE,COLD
508844.6960816,45.06,-8.02,111.95,0.24,64.87,-0.1,0.0,0.0,0.0,0.0,0.0,0.0,0.0,0.0,33.0,0.0,0.0,0.0,0.0,0.0,0.0,0.0,0.0,0.0,ID_NORMAL_001,JOINT2_SWEEP_MEDIUM,RUN_01,50.0,0.0,NORMAL,NONE,COLD
508844.7406966,45.06,-8.02,111.95,0.24,64.87,-0.1,0.0,0.0,0.0,0.0,0.0,0.0,0.0,0.0,33.0,0.0,0.0,0.0,0.0,0.0,0.0,0.0,0.0,0.0,ID_NORMAL_001,JOINT2_SWEEP_MEDIUM,RUN_01,50.0,0.0,NORMAL,NONE,COLD
508844.7868941,45.06,-8.02,111.95,0.24,64.87,-0.1,0.0,0.0,0.0,0.0,0.0,0.0,0.0,0.0,34.0,0.0,0.0,0.0,0.0,0.0,0.0,0.0,0.0,0.0,ID_NORMAL_001,JOINT2_SWEEP_MEDIUM,RUN_01,50.0,0.0,NORMAL,NONE,COLD
508844.7868941,45.06,-8.02,111.95,0.24,64.87,-0.1,0.0,0.0,0.0,0.0,0.0,0.0,0.0,0.0,33.0,0.0,0.0,0.0,0.0,0.0,0.0,0.0,0.0,0.0,ID_NORMAL_001,JOINT2_SWEEP_MEDIUM,RUN_01,50.0,0.0,NORMAL,NONE,COLD
508844.8362522,45.06,-8.02,111.95,0.24,64.87,-0.1,0.0,0.0,0.0,0.0,0.0,0.0,0.0,0.0,33.0,0.0,0.0,0.0,0.0,0.0,0.0,0.0,0.0,0.0,ID_NORMAL_001,JOINT2_SWEEP_MEDIUM,RUN_01,50.0,0.0,NORMAL,NONE,COLD
508844.8362522,45.06,-8.02,111.95,0.24,64.87,-0.1,0.0,0.0,0.0,0.0,0.0,0.0,0.0,0.0,33.0,0.0,0.0,0.0,0.0,0.0,0.0,0.0,0.0,0.0,ID_NORMAL_001,JOINT2_SWEEP_MEDIUM,RUN_01,50.0,0.0,NORMAL,NONE,COLD
508844.8766439,45.06,-8.02,111.95,0.24,64.87,-0.1,0.0,0.0,0.0,0.0,0.0,0.0,0.0,0.0,34.0,0.0,0.0,0.0,0.0,0.0,0.0,0.0,0.0,0.0,ID_NORMAL_001,JOINT2_SWEEP_MEDIUM,RUN_01,50.0,0.0,NORMAL,NONE,COLD
508844.8766439,45.06,-8.02,111.95,0.24,64.87,-0.1,0.0,0.0,0.0,0.0,0.0,0.0,0.0,0.0,34.0,0.0,0.0,0.0,0.0,0.0,0.0,0.0,0.0,0.0,ID_NORMAL_001,JOINT2_SWEEP_MEDIUM,RUN_01,50.0,0.0,NORMAL,NONE,COLD
508844.9048739,45.06,-8.02,111.95,0.24,64.87,-0.1,0.0,0.0,0.0,0.0,0.0,0.0,0.0,0.0,33.0,0.0,0.0,0.0,0.0,0.0,0.0,0.0,0.0,0.0,ID_NORMAL_001,JOINT2_SWEEP_MEDIUM,RUN_01,50.0,0.0,NORMAL,NONE,COLD
508844.9616102,45.06,-8.02,111.95,0.24,64.87,-0.1,0.0,0.0,0.0,0.0,0.0,0.0,0.0,0.0,34.0,0.0,0.0,0.0,0.0,0.0,0.0,0.0,0.0,0.0,ID_NORMAL_001,JOINT2_SWEEP_MEDIUM,RUN_01,50.0,0.0,NORMAL,NONE,COLD
508845.0060445,45.06,-8.02,111.95,0.24,64.87,-0.1,0.0,0.0,0.0,0.0,0.0,0.0,0.0,0.0,34.0,0.0,0.0,0.0,0.0,0.0,0.0,0.0,0.0,0.0,ID_NORMAL_001,JOINT2_SWEEP_MEDIUM,RUN_01,50.0,0.0,NORMAL,NONE,COLD
508845.0060445,45.06,-8.02,111.95,0.24,64.87,-0.1,0.0,0.0,0.0,0.0,0.0,0.0,0.0,0.0,33.0,0.0,0.0,0.0,0.0,0.0,0.0,0.0,0.0,0.0,ID_NORMAL_001,JOINT2_SWEEP_MEDIUM,RUN_01,50.0,0.0,NORMAL,NONE,COLD
508845.0522587,45.06,-8.02,111.95,0.24,64.87,-0.1,0.0,0.0,0.0,0.0,0.0,0.0,0.0,0.0,34.0,0.0,0.0,0.0,0.0,0.0,0.0,0.0,0.0,0.0,ID_NORMAL_001,JOINT2_SWEEP_MEDIUM,RUN_01,50.0,0.0,NORMAL,NONE,COLD
508845.0522587,45.06,-8.02,111.95,0.24,64.87,-0.1,0.0,0.0,0.0,0.0,0.0,0.0,0.0,0.0,34.0,0.0,0.0,0.0,0.0,0.0,0.0,0.0,0.0,0.0,ID_NORMAL_001,JOINT2_SWEEP_MEDIUM,RUN_01,50.0,0.0,NORMAL,NONE,COLD
508845.0869504,45.06,-8.02,111.95,0.24,64.87,-0.1,0.0,0.0,0.0,0.0,0.0,0.0,0.0,0.0,34.0,0.0,0.0,0.0,0.0,0.0,0.0,0.0,0.0,0.0,ID_NORMAL_001,JOINT2_SWEEP_MEDIUM,RUN_01,50.0,0.0,NORMAL,NONE,COLD
508845.1315323,45.06,-8.02,111.95,0.24,64.87,-0.1,0.0,0.0,0.0,0.0,0.0,0.0,0.0,0.0,34.0,0.0,0.0,0.0,0.0,0.0,0.0,0.0,0.0,0.0,ID_NORMAL_001,JOINT2_SWEEP_MEDIUM,RUN_01,50.0,0.0,NORMAL,NONE,COLD
508845.1315323,45.06,-8.02,111.95,0.24,64.87,-0.1,0.0,0.0,0.0,0.0,0.0,0.0,0.0,0.0,34.0,0.0,0.0,0.0,0.0,0.0,0.0,0.0,0.0,0.0,ID_NORMAL_001,JOINT2_SWEEP_MEDIUM,RUN_01,50.0,0.0,NORMAL,NONE,COLD
508845.1774031,45.06,-8.02,111.95,0.24,64.87,-0.1,0.0,0.0,0.0,0.0,0.0,0.0,0.0,0.0,33.0,0.0,0.0,0.0,0.0,0.0,0.0,0.0,0.0,0.0,ID_NORMAL_001,JOINT2_SWEEP_MEDIUM,RUN_01,50.0,0.0,NORMAL,NONE,COLD
508845.1774031,45.06,-8.02,111.95,0.24,64.87,-0.1,0.0,0.0,0.0,0.0,0.0,0.0,0.0,0.0,34.0,0.0,0.0,0.0,0.0,0.0,0.0,0.0,0.0,0.0,ID_NORMAL_001,JOINT2_SWEEP_MEDIUM,RUN_01,50.0,0.0,NORMAL,NONE,COLD
508845.2249823,45.06,-8.02,111.95,0.24,64.87,-0.1,0.0,0.0,0.0,0.0,0.0,0.0,0.0,0.0,33.0,0.0,0.0,0.0,0.0,0.0,0.0,0.0,0.0,0.0,ID_NORMAL_001,JOINT2_SWEEP_MEDIUM,RUN_01,50.0,0.0,NORMAL,NONE,COLD
508845.2719763,45.06,-8.02,111.95,0.24,64.87,-0.1,0.0,0.0,0.0,0.0,0.0,0.0,0.0,0.0,33.0,0.0,0.0,0.0,0.0,0.0,0.0,0.0,0.0,0.0,ID_NORMAL_001,JOINT2_SWEEP_MEDIUM,RUN_01,50.0,0.0,NORMAL,NONE,COLD
508845.2719763,45.06,-8.02,111.95,0.24,64.87,-0.1,0.0,0.0,0.0,0.0,0.0,0.0,0.0,0.0,33.0,0.0,0.0,0.0,0.0,0.0,0.0,0.0,0.0,0.0,ID_NORMAL_001,JOINT2_SWEEP_MEDIUM,RUN_01,50.0,0.0,NORMAL,NONE,COLD
508845.2878993,45.06,-8.02,111.95,0.24,64.87,-0.1,0.0,0.0,0.0,0.0,0.0,0.0,0.0,0.0,33.0,0.0,0.0,0.0,0.0,0.0,0.0,0.0,0.0,0.0,ID_NORMAL_001,JOINT2_SWEEP_MEDIUM,RUN_01,50.0,0.0,NORMAL,NONE,COLD
508845.3343033,45.06,-8.02,111.95,0.24,64.87,-0.1,0.0,0.0,0.0,0.0,0.0,0.0,0.0,0.0,32.0,0.0,0.0,0.0,0.0,0.0,0.0,0.0,0.0,0.0,ID_NORMAL_001,JOINT2_SWEEP_MEDIUM,RUN_01,50.0,0.0,NORMAL,NONE,COLD
508845.3822849,45.06,-8.02,111.95,0.24,64.87,-0.1,0.0,0.0,0.0,0.0,0.0,0.0,0.0,0.0,34.0,0.0,0.0,0.0,0.0,0.0,0.0,0.0,0.0,0.0,ID_NORMAL_001,JOINT2_SWEEP_MEDIUM,RUN_01,50.0,0.0,NORMAL,NONE,COLD
508845.3822849,45.06,-8.02,111.95,0.24,64.87,-0.1,0.0,0.0,0.0,0.0,0.0,0.0,0.0,0.0,33.0,0.0,0.0,0.0,0.0,0.0,0.0,0.0,0.0,0.0,ID_NORMAL_001,JOINT2_SWEEP_MEDIUM,RUN_01,50.0,0.0,NORMAL,NONE,COLD
508845.4239561,45.06,-8.02,111.95,0.24,64.87,-0.1,0.0,0.0,0.0,0.0,0.0,0.0,0.0,0.0,34.0,0.0,0.0,0.0,0.0,0.0,0.0,0.0,0.0,0.0,ID_NORMAL_001,JOINT2_SWEEP_MEDIUM,RUN_01,50.0,0.0,NORMAL,NONE,COLD
508845.4239561,45.06,-8.02,111.95,0.24,64.87,-0.1,0.0,0.0,0.0,0.0,0.0,0.0,0.0,0.0,34.0,0.0,0.0,0.0,0.0,0.0,0.0,0.0,0.0,0.0,ID_NORMAL_001,JOINT2_SWEEP_MEDIUM,RUN_01,50.0,0.0,NORMAL,NONE,COLD
508845.4747386,45.06,-8.02,111.95,0.24,64.87,-0.1,0.0,0.0,0.0,0.0,0.0,0.0,0.0,0.0,33.0,0.0,0.0,0.0,0.0,0.0,0.0,0.0,0.0,0.0,ID_NORMAL_001,JOINT2_SWEEP_MEDIUM,RUN_01,50.0,0.0,NORMAL,NONE,COLD
508845.4908734,45.06,-8.02,111.95,0.24,64.87,-0.1,0.0,0.0,0.0,0.0,0.0,0.0,0.0,0.0,33.0,0.0,0.0,0.0,0.0,0.0,0.0,0.0,0.0,0.0,ID_NORMAL_001,JOINT2_SWEEP_MEDIUM,RUN_01,50.0,0.0,NORMAL,NONE,COLD
508845.5372855,45.06,-8.02,111.95,0.24,64.87,-0.1,0.0,0.0,0.0,0.0,0.0,0.0,0.0,0.0,33.0,0.0,0.0,0.0,0.0,0.0,0.0,0.0,0.0,0.0,ID_NORMAL_001,JOINT2_SWEEP_MEDIUM,RUN_01,50.0,0.0,NORMAL,NONE,COLD
508845.5372855,45.06,-8.02,111.95,0.24,64.87,-0.1,0.0,0.0,0.0,0.0,0.0,0.0,0.0,0.0,33.0,0.0,0.0,0.0,0.0,0.0,0.0,0.0,0.0,0.0,ID_NORMAL_001,JOINT2_SWEEP_MEDIUM,RUN_01,50.0,0.0,NORMAL,NONE,COLD
508845.5845136,45.06,-8.02,111.95,0.24,64.87,-0.1,0.0,0.0,0.0,0.0,0.0,0.0,0.0,0.0,34.0,0.0,0.0,0.0,0.0,0.0,0.0,0.0,0.0,0.0,ID_NORMAL_001,JOINT2_SWEEP_MEDIUM,RUN_01,50.0,0.0,NORMAL,NONE,COLD
508845.6300666,45.06,-8.02,111.95,0.24,64.87,-0.1,0.0,0.0,0.0,0.0,0.0,0.0,0.0,0.0,34.0,0.0,0.0,0.0,0.0,0.0,0.0,0.0,0.0,0.0,ID_NORMAL_001,JOINT2_SWEEP_MEDIUM,RUN_01,50.0,0.0,NORMAL,NONE,COLD
508845.6300666,45.06,-8.02,111.95,0.24,64.87,-0.1,0.0,0.0,0.0,0.0,0.0,0.0,0.0,0.0,33.0,0.0,0.0,0.0,0.0,0.0,0.0,0.0,0.0,0.0,ID_NORMAL_001,JOINT2_SWEEP_MEDIUM,RUN_01,50.0,0.0,NORMAL,NONE,COLD
508845.6772092,45.06,-8.02,111.95,0.24,64.87,-0.1,0.0,0.0,0.0,0.0,0.0,0.0,0.0,0.0,33.0,0.0,0.0,0.0,0.0,0.0,0.0,0.0,0.0,0.0,ID_NORMAL_001,JOINT2_SWEEP_MEDIUM,RUN_01,50.0,0.0,NORMAL,NONE,COLD
508845.6772092,45.06,-8.02,111.95,0.24,64.87,-0.1,0.0,0.0,0.0,0.0,0.0,0.0,0.0,0.0,33.0,0.0,0.0,0.0,0.0,0.0,0.0,0.0,0.0,0.0,ID_NORMAL_001,JOINT2_SWEEP_MEDIUM,RUN_01,50.0,0.0,NORMAL,NONE,COLD
508845.7018648,45.06,-8.02,111.95,0.24,64.87,-0.1,0.0,0.0,0.0,0.0,0.0,0.0,0.0,0.0,34.0,0.0,0.0,0.0,0.0,0.0,0.0,0.0,0.0,0.0,ID_NORMAL_001,JOINT2_SWEEP_MEDIUM,RUN_01,50.0,0.0,NORMAL,NONE,COLD
508845.7414576,45.06,-8.02,111.95,0.24,64.87,-0.1,0.0,0.0,0.0,0.0,0.0,0.0,0.0,0.0,34.0,0.0,0.0,0.0,0.0,0.0,0.0,0.0,0.0,0.0,ID_NORMAL_001,JOINT2_SWEEP_MEDIUM,RUN_01,50.0,0.0,NORMAL,NONE,COLD
508845.789422,45.06,-8.02,111.95,0.24,64.87,-0.1,0.0,0.0,0.0,0.0,0.0,0.0,0.0,0.0,34.0,0.0,0.0,0.0,0.0,0.0,0.0,0.0,0.0,0.0,ID_NORMAL_001,JOINT2_SWEEP_MEDIUM,RUN_01,50.0,0.0,NORMAL,NONE,COLD
508845.789422,45.06,-8.02,111.95,0.24,64.87,-0.1,0.0,0.0,0.0,0.0,0.0,0.0,0.0,0.0,33.0,0.0,0.0,0.0,0.0,0.0,0.0,0.0,0.0,0.0,ID_NORMAL_001,JOINT2_SWEEP_MEDIUM,RUN_01,50.0,0.0,NORMAL,NONE,COLD
508845.8345303,45.06,-8.02,111.95,0.24,64.87,-0.1,0.0,0.0,0.0,0.0,0.0,0.0,0.0,0.0,34.0,0.0,0.0,0.0,0.0,0.0,0.0,0.0,0.0,0.0,ID_NORMAL_001,JOINT2_SWEEP_MEDIUM,RUN_01,50.0,0.0,NORMAL,NONE,COLD
508845.8345303,45.06,-8.02,111.95,0.24,64.87,-0.1,0.0,0.0,0.0,0.0,0.0,0.0,0.0,0.0,33.0,0.0,0.0,0.0,0.0,0.0,0.0,0.0,0.0,0.0,ID_NORMAL_001,JOINT2_SWEEP_MEDIUM,RUN_01,50.0,0.0,NORMAL,NONE,COLD
508845.8823372,45.06,-8.02,111.95,0.24,64.87,-0.1,0.0,0.0,0.0,0.0,0.0,0.0,0.0,0.0,34.0,0.0,0.0,0.0,0.0,0.0,0.0,0.0,0.0,0.0,ID_NORMAL_001,JOINT2_SWEEP_MEDIUM,RUN_01,50.0,0.0,NORMAL,NONE,COLD
508845.896168,45.06,-8.02,111.95,0.24,64.87,-0.1,0.0,0.0,0.0,0.0,0.0,0.0,0.0,0.0,33.0,0.0,0.0,0.0,0.0,0.0,0.0,0.0,0.0,0.0,ID_NORMAL_001,JOINT2_SWEEP_MEDIUM,RUN_01,50.0,0.0,NORMAL,NONE,COLD
508845.9453381,45.06,-8.02,111.95,0.24,64.87,-0.1,0.0,0.0,0.0,0.0,0.0,0.0,0.0,0.0,34.0,0.0,0.0,0.0,0.0,0.0,0.0,0.0,0.0,0.0,ID_NORMAL_001,JOINT2_SWEEP_MEDIUM,RUN_01,50.0,0.0,NORMAL,NONE,COLD
508845.9453381,45.06,-8.02,111.95,0.24,64.87,-0.1,0.0,0.0,0.0,0.0,0.0,0.0,0.0,0.0,34.0,0.0,0.0,0.0,0.0,0.0,0.0,0.0,0.0,0.0,ID_NORMAL_001,JOINT2_SWEEP_MEDIUM,RUN_01,50.0,0.0,NORMAL,NONE,COLD
508845.9918552,45.06,-8.02,111.95,0.24,64.87,-0.1,0.0,0.0,0.0,0.0,0.0,0.0,0.0,0.0,33.0,0.0,0.0,0.0,0.0,0.0,0.0,0.0,0.0,0.0,ID_NORMAL_001,JOINT2_SWEEP_MEDIUM,RUN_01,50.0,0.0,NORMAL,NONE,COLD
508846.0378405,45.06,-8.02,111.95,0.24,64.87,-0.1,0.0,0.0,0.0,0.0,0.0,0.0,0.0,0.0,34.0,0.0,0.0,0.0,0.0,0.0,0.0,0.0,0.0,0.0,ID_NORMAL_001,JOINT2_SWEEP_MEDIUM,RUN_01,50.0,0.0,NORMAL,NONE,COLD
508846.0378405,45.06,-8.02,111.95,0.24,64.87,-0.1,0.0,0.0,0.0,0.0,0.0,0.0,0.0,0.0,33.0,0.0,0.0,0.0,0.0,0.0,0.0,0.0,0.0,0.0,ID_NORMAL_001,JOINT2_SWEEP_MEDIUM,RUN_01,50.0,0.0,NORMAL,NONE,COLD
508846.0861235,45.06,-8.02,111.95,0.24,64.87,-0.1,0.0,0.0,0.0,0.0,0.0,0.0,0.0,0.0,34.0,0.0,0.0,0.0,0.0,0.0,0.0,0.0,0.0,0.0,ID_NORMAL_001,JOINT2_SWEEP_MEDIUM,RUN_01,50.0,0.0,NORMAL,NONE,COLD
508846.0861235,45.06,-8.02,111.95,0.24,64.87,-0.1,0.0,0.0,0.0,0.0,0.0,0.0,0.0,0.0,32.0,0.0,0.0,0.0,0.0,0.0,0.0,0.0,0.0,0.0,ID_NORMAL_001,JOINT2_SWEEP_MEDIUM,RUN_01,50.0,0.0,NORMAL,NONE,COLD
508846.1068092,45.06,-8.02,111.95,0.24,64.87,-0.1,0.0,0.0,0.0,0.0,0.0,0.0,0.0,0.0,34.0,0.0,0.0,0.0,0.0,0.0,0.0,0.0,0.0,0.0,ID_NORMAL_001,JOINT2_SWEEP_MEDIUM,RUN_01,50.0,0.0,NORMAL,NONE,COLD
508846.1481555,45.06,-8.02,111.95,0.24,64.87,-0.1,0.0,0.0,0.0,0.0,0.0,0.0,0.0,0.0,34.0,0.0,0.0,0.0,0.0,0.0,0.0,0.0,0.0,0.0,ID_NORMAL_001,JOINT2_SWEEP_MEDIUM,RUN_01,50.0,0.0,NORMAL,NONE,COLD
508846.1951697,45.06,-8.02,111.95,0.24,64.87,-0.1,0.0,0.0,0.0,0.0,0.0,0.0,0.0,0.0,33.0,0.0,0.0,0.0,0.0,0.0,0.0,0.0,0.0,0.0,ID_NORMAL_001,JOINT2_SWEEP_MEDIUM,RUN_01,50.0,0.0,NORMAL,NONE,COLD
508846.1951697,45.06,-8.02,111.95,0.24,64.87,-0.1,0.0,0.0,0.0,0.0,0.0,0.0,0.0,0.0,33.0,0.0,0.0,0.0,0.0,0.0,0.0,0.0,0.0,0.0,ID_NORMAL_001,JOINT2_SWEEP_MEDIUM,RUN_01,50.0,0.0,NORMAL,NONE,COLD
508846.2410836,45.06,-8.02,111.95,0.24,64.87,-0.1,0.0,0.0,0.0,0.0,0.0,0.0,0.0,0.0,35.0,0.0,0.0,0.0,0.0,0.0,0.0,0.0,0.0,0.0,ID_NORMAL_001,JOINT2_SWEEP_MEDIUM,RUN_01,50.0,0.0,NORMAL,NONE,COLD
508846.288063,45.06,-8.02,111.95,0.24,64.87,-0.1,0.0,0.0,0.0,0.0,0.0,0.0,0.0,0.0,33.0,0.0,0.0,0.0,0.0,0.0,0.0,0.0,0.0,0.0,ID_NORMAL_001,JOINT2_SWEEP_MEDIUM,RUN_01,50.0,0.0,NORMAL,NONE,COLD
508846.288063,45.06,-8.02,111.95,0.24,64.87,-0.1,0.0,0.0,0.0,0.0,0.0,0.0,0.0,0.0,32.0,0.0,0.0,0.0,0.0,0.0,0.0,0.0,0.0,0.0,ID_NORMAL_001,JOINT2_SWEEP_MEDIUM,RUN_01,50.0,0.0,NORMAL,NONE,COLD
508846.3058855,45.06,-8.02,111.95,0.24,64.87,-0.1,0.0,0.0,0.0,0.0,0.0,0.0,0.0,0.0,35.0,0.0,0.0,0.0,0.0,0.0,0.0,0.0,0.0,0.0,ID_NORMAL_001,JOINT2_SWEEP_MEDIUM,RUN_01,50.0,0.0,NORMAL,NONE,COLD
508846.3493806,45.06,-8.02,111.95,0.24,64.87,-0.1,0.0,0.0,0.0,0.0,0.0,0.0,0.0,0.0,34.0,0.0,0.0,0.0,0.0,0.0,0.0,0.0,0.0,0.0,ID_NORMAL_001,JOINT2_SWEEP_MEDIUM,RUN_01,50.0,0.0,NORMAL,NONE,COLD
508846.3973361,45.06,-8.02,111.95,0.24,64.87,-0.1,0.0,0.0,0.0,0.0,0.0,0.0,0.0,0.0,34.0,0.0,0.0,0.0,0.0,0.0,0.0,0.0,0.0,0.0,ID_NORMAL_001,JOINT2_SWEEP_MEDIUM,RUN_01,50.0,0.0,NORMAL,NONE,COLD
508846.3973361,45.06,-8.02,111.95,0.24,64.87,-0.1,0.0,0.0,0.0,0.0,0.0,0.0,0.0,0.0,34.0,0.0,0.0,0.0,0.0,0.0,0.0,0.0,0.0,0.0,ID_NORMAL_001,JOINT2_SWEEP_MEDIUM,RUN_01,50.0,0.0,NORMAL,NONE,COLD
508846.4450515,45.06,-8.02,111.95,0.24,64.87,-0.1,0.0,0.0,0.0,0.0,0.0,0.0,0.0,0.0,33.0,0.0,0.0,0.0,0.0,0.0,0.0,0.0,0.0,0.0,ID_NORMAL_001,JOINT2_SWEEP_MEDIUM,RUN_01,50.0,0.0,NORMAL,NONE,COLD
508846.4450515,45.06,-8.02,111.95,0.24,64.87,-0.1,0.0,0.0,0.0,0.0,0.0,0.0,0.0,0.0,35.0,0.0,0.0,0.0,0.0,0.0,0.0,0.0,0.0,0.0,ID_NORMAL_001,JOINT2_SWEEP_MEDIUM,RUN_01,50.0,0.0,NORMAL,NONE,COLD
508846.4949814,45.06,-8.02,111.95,0.24,64.87,-0.1,0.0,0.0,0.0,0.0,0.0,0.0,0.0,0.0,34.0,0.0,0.0,0.0,0.0,0.0,0.0,0.0,0.0,0.0,ID_NORMAL_001,JOINT2_SWEEP_MEDIUM,RUN_01,50.0,0.0,NORMAL,NONE,COLD
508846.4949814,45.06,-8.02,111.95,0.24,64.87,-0.1,0.0,0.0,0.0,0.0,0.0,0.0,0.0,0.0,32.0,0.0,0.0,0.0,0.0,0.0,0.0,0.0,0.0,0.0,ID_NORMAL_001,JOINT2_SWEEP_MEDIUM,RUN_01,50.0,0.0,NORMAL,NONE,COLD
508846.5169409,45.06,-8.02,111.95,0.24,64.87,-0.1,0.0,0.0,0.0,0.0,0.0,0.0,0.0,0.0,33.0,0.0,0.0,0.0,0.0,0.0,0.0,0.0,0.0,0.0,ID_NORMAL_001,JOINT2_SWEEP_MEDIUM,RUN_01,50.0,0.0,NORMAL,NONE,COLD
508846.5684232,45.06,-8.02,111.95,0.24,64.87,-0.1,0.0,0.0,0.0,0.0,0.0,0.0,0.0,0.0,33.0,0.0,0.0,0.0,0.0,0.0,0.0,0.0,0.0,0.0,ID_NORMAL_001,JOINT2_SWEEP_MEDIUM,RUN_01,50.0,0.0,NORMAL,NONE,COLD
508846.6169257,45.06,-8.02,111.95,0.24,64.87,-0.1,0.0,0.0,0.0,0.0,0.0,0.0,0.0,0.0,33.0,0.0,0.0,0.0,0.0,0.0,0.0,0.0,0.0,0.0,ID_NORMAL_001,JOINT2_SWEEP_MEDIUM,RUN_01,50.0,0.0,NORMAL,NONE,COLD
508846.6169257,45.06,-8.02,111.95,0.24,64.87,-0.1,0.0,0.0,0.0,0.0,0.0,0.0,0.0,0.0,33.0,0.0,0.0,0.0,0.0,0.0,0.0,0.0,0.0,0.0,ID_NORMAL_001,JOINT2_SWEEP_MEDIUM,RUN_01,50.0,0.0,NORMAL,NONE,COLD
508846.6628099,45.06,-8.02,111.95,0.24,64.87,-0.1,0.0,0.0,0.0,0.0,0.0,0.0,0.0,0.0,33.0,0.0,0.0,0.0,0.0,0.0,0.0,0.0,0.0,0.0,ID_NORMAL_001,JOINT2_SWEEP_MEDIUM,RUN_01,50.0,0.0,NORMAL,NONE,COLD
508846.6628099,45.06,-8.02,111.95,0.24,64.87,-0.1,0.0,0.0,0.0,0.0,0.0,0.0,0.0,0.0,33.0,0.0,0.0,0.0,0.0,0.0,0.0,0.0,0.0,0.0,ID_NORMAL_001,JOINT2_SWEEP_MEDIUM,RUN_01,50.0,0.0,NORMAL,NONE,COLD
508846.7090575,45.06,-8.02,111.95,0.24,64.87,-0.1,0.0,0.0,0.0,0.0,0.0,0.0,0.0,0.0,34.0,0.0,0.0,0.0,0.0,0.0,0.0,0.0,0.0,0.0,ID_NORMAL_001,JOINT2_SWEEP_MEDIUM,RUN_01,50.0,0.0,NORMAL,NONE,COLD
508846.7100962,45.06,-8.02,111.95,0.24,64.87,-0.1,0.0,0.0,0.0,0.0,0.0,0.0,0.0,0.0,35.0,0.0,0.0,0.0,0.0,0.0,0.0,0.0,0.0,0.0,ID_NORMAL_001,JOINT2_SWEEP_MEDIUM,RUN_01,50.0,0.0,NORMAL,NONE,COLD
508846.7552892,45.06,-8.02,111.95,0.24,64.87,-0.1,0.0,0.0,0.0,0.0,0.0,0.0,0.0,0.0,33.0,0.0,0.0,0.0,0.0,0.0,0.0,0.0,0.0,0.0,ID_NORMAL_001,JOINT2_SWEEP_MEDIUM,RUN_01,50.0,0.0,NORMAL,NONE,COLD
508846.800702,45.06,-8.02,111.95,0.24,64.87,-0.1,0.0,0.0,0.0,0.0,0.0,0.0,0.0,0.0,34.0,0.0,0.0,0.0,0.0,0.0,0.0,0.0,0.0,0.0,ID_NORMAL_001,JOINT2_SWEEP_MEDIUM,RUN_01,50.0,0.0,NORMAL,NONE,COLD
508846.800702,45.06,-8.02,111.95,0.24,64.87,-0.1,0.0,0.0,0.0,0.0,0.0,0.0,0.0,0.0,33.0,0.0,0.0,0.0,0.0,0.0,0.0,0.0,0.0,0.0,ID_NORMAL_001,JOINT2_SWEEP_MEDIUM,RUN_01,50.0,0.0,NORMAL,NONE,COLD
508846.8486458,45.06,-8.02,111.95,0.24,64.87,-0.1,0.0,0.0,0.0,0.0,0.0,0.0,0.0,0.0,33.0,0.0,0.0,0.0,0.0,0.0,0.0,0.0,0.0,0.0,ID_NORMAL_001,JOINT2_SWEEP_MEDIUM,RUN_01,50.0,0.0,NORMAL,NONE,COLD
508846.8486458,45.06,-8.02,111.95,0.24,64.87,-0.1,0.0,0.0,0.0,0.0,0.0,0.0,0.0,0.0,34.0,0.0,0.0,0.0,0.0,0.0,0.0,0.0,0.0,0.0,ID_NORMAL_001,JOINT2_SWEEP_MEDIUM,RUN_01,50.0,0.0,NORMAL,NONE,COLD
508846.8957081,45.06,-8.02,111.95,0.24,64.87,-0.1,0.0,0.0,0.0,0.0,0.0,0.0,0.0,0.0,34.0,0.0,0.0,0.0,0.0,0.0,0.0,0.0,0.0,0.0,ID_NORMAL_001,JOINT2_SWEEP_MEDIUM,RUN_01,50.0,0.0,NORMAL,NONE,COLD
508846.9118675,45.06,-8.02,111.95,0.24,64.87,-0.1,0.0,0.0,0.0,0.0,0.0,0.0,0.0,0.0,34.0,0.0,0.0,0.0,0.0,0.0,0.0,0.0,0.0,0.0,ID_NORMAL_001,JOINT2_SWEEP_MEDIUM,RUN_01,50.0,0.0,NORMAL,NONE,COLD
508846.9696529,45.06,-8.02,111.95,0.24,64.87,-0.1,0.0,0.0,0.0,0.0,0.0,0.0,0.0,0.0,34.0,0.0,0.0,0.0,0.0,0.0,0.0,0.0,0.0,0.0,ID_NORMAL_001,JOINT2_SWEEP_MEDIUM,RUN_01,50.0,0.0,NORMAL,NONE,COLD
508846.9696529,45.06,-8.02,111.95,0.24,64.87,-0.1,0.0,0.0,0.0,0.0,0.0,0.0,0.0,0.0,33.0,0.0,0.0,0.0,0.0,0.0,0.0,0.0,0.0,0.0,ID_NORMAL_001,JOINT2_SWEEP_MEDIUM,RUN_01,50.0,0.0,NORMAL,NONE,COLD
508847.0090817,45.06,-8.02,111.95,0.24,64.87,-0.1,0.0,0.0,0.0,0.0,0.0,0.0,0.0,0.0,33.0,0.0,0.0,0.0,0.0,0.0,0.0,0.0,0.0,0.0,ID_NORMAL_001,JOINT2_SWEEP_MEDIUM,RUN_01,50.0,0.0,NORMAL,NONE,COLD
508847.0528421,45.06,-8.02,111.95,0.24,64.87,-0.1,0.0,0.0,0.0,0.0,0.0,0.0,0.0,0.0,33.0,0.0,0.0,0.0,0.0,0.0,0.0,0.0,0.0,0.0,ID_NORMAL_001,JOINT2_SWEEP_MEDIUM,RUN_01,50.0,0.0,NORMAL,NONE,COLD
508847.0528421,45.06,-8.02,111.95,0.24,64.87,-0.1,0.0,0.0,0.0,0.0,0.0,0.0,0.0,0.0,34.0,0.0,0.0,0.0,0.0,0.0,0.0,0.0,0.0,0.0,ID_NORMAL_001,JOINT2_SWEEP_MEDIUM,RUN_01,50.0,0.0,NORMAL,NONE,COLD
508847.0916467,45.06,-8.02,111.95,0.24,64.87,-0.1,0.0,0.0,0.0,0.0,0.0,0.0,0.0,0.0,34.0,0.0,0.0,0.0,0.0,0.0,0.0,0.0,0.0,0.0,ID_NORMAL_001,JOINT2_SWEEP_MEDIUM,RUN_01,50.0,0.0,NORMAL,NONE,COLD
508847.0916467,45.06,-8.02,111.95,0.24,64.87,-0.1,0.0,0.0,0.0,0.0,0.0,0.0,0.0,0.0,34.0,0.0,0.0,0.0,0.0,0.0,0.0,0.0,0.0,0.0,ID_NORMAL_001,JOINT2_SWEEP_MEDIUM,RUN_01,50.0,0.0,NORMAL,NONE,COLD
508847.1257314,45.06,-8.02,111.95,0.24,64.87,-0.1,0.0,0.0,0.0,0.0,0.0,0.0,0.0,0.0,33.0,0.0,0.0,0.0,0.0,0.0,0.0,0.0,0.0,0.0,ID_NORMAL_001,JOINT2_SWEEP_MEDIUM,RUN_01,50.0,0.0,NORMAL,NONE,COLD
508847.1623147,45.06,-8.02,111.95,0.24,64.87,-0.1,0.0,0.0,0.0,0.0,0.0,0.0,0.0,0.0,34.0,0.0,0.0,0.0,0.0,0.0,0.0,0.0,0.0,0.0,ID_NORMAL_001,JOINT2_SWEEP_MEDIUM,RUN_01,50.0,0.0,NORMAL,NONE,COLD
508847.2102935,45.06,-8.02,111.95,0.24,64.87,-0.1,0.0,0.0,0.0,0.0,0.0,0.0,0.0,0.0,33.0,0.0,0.0,0.0,0.0,0.0,0.0,0.0,0.0,0.0,ID_NORMAL_001,JOINT2_SWEEP_MEDIUM,RUN_01,50.0,0.0,NORMAL,NONE,COLD
508847.2102935,45.06,-8.02,111.95,0.24,64.87,-0.1,0.0,0.0,0.0,0.0,0.0,0.0,0.0,0.0,34.0,0.0,0.0,0.0,0.0,0.0,0.0,0.0,0.0,0.0,ID_NORMAL_001,JOINT2_SWEEP_MEDIUM,RUN_01,50.0,0.0,NORMAL,NONE,COLD
508847.2549242,45.06,-8.02,111.95,0.24,64.87,-0.1,0.0,0.0,0.0,0.0,0.0,0.0,0.0,0.0,34.0,0.0,0.0,0.0,0.0,0.0,0.0,0.0,0.0,0.0,ID_NORMAL_001,JOINT2_SWEEP_MEDIUM,RUN_01,50.0,0.0,NORMAL,NONE,COLD
508847.2549242,45.06,-8.02,111.95,0.24,64.87,-0.1,0.0,0.0,0.0,0.0,0.0,0.0,0.0,0.0,35.0,0.0,0.0,0.0,0.0,0.0,0.0,0.0,0.0,0.0,ID_NORMAL_001,JOINT2_SWEEP_MEDIUM,RUN_01,50.0,0.0,NORMAL,NONE,COLD
508847.3034967,45.06,-8.02,111.95,0.24,64.87,-0.1,0.0,0.0,0.0,0.0,0.0,0.0,0.0,0.0,32.0,0.0,0.0,0.0,0.0,0.0,0.0,0.0,0.0,0.0,ID_NORMAL_001,JOINT2_SWEEP_MEDIUM,RUN_01,50.0,0.0,NORMAL,NONE,COLD
508847.3214729,45.06,-8.02,111.95,0.24,64.87,-0.1,0.0,0.0,0.0,0.0,0.0,0.0,0.0,0.0,33.0,0.0,0.0,0.0,0.0,0.0,0.0,0.0,0.0,0.0,ID_NORMAL_001,JOINT2_SWEEP_MEDIUM,RUN_01,50.0,0.0,NORMAL,NONE,COLD
508847.3647449,45.06,-8.02,111.95,0.24,64.87,-0.1,0.0,0.0,0.0,0.0,0.0,0.0,0.0,0.0,34.0,0.0,0.0,0.0,0.0,0.0,0.0,0.0,0.0,0.0,ID_NORMAL_001,JOINT2_SWEEP_MEDIUM,RUN_01,50.0,0.0,NORMAL,NONE,COLD
508847.3647449,45.06,-8.02,111.95,0.24,64.87,-0.1,0.0,0.0,0.0,0.0,0.0,0.0,0.0,0.0,34.0,0.0,0.0,0.0,0.0,0.0,0.0,0.0,0.0,0.0,ID_NORMAL_001,JOINT2_SWEEP_MEDIUM,RUN_01,50.0,0.0,NORMAL,NONE,COLD
508847.4123084,45.06,-8.02,111.95,0.24,64.87,-0.1,0.0,0.0,0.0,0.0,0.0,0.0,0.0,0.0,33.0,0.0,0.0,0.0,0.0,0.0,0.0,0.0,0.0,0.0,ID_NORMAL_001,JOINT2_SWEEP_MEDIUM,RUN_01,50.0,0.0,NORMAL,NONE,COLD
508847.4572286,45.06,-8.02,111.95,0.24,64.87,-0.1,0.0,0.0,0.0,0.0,0.0,0.0,0.0,0.0,34.0,0.0,0.0,0.0,0.0,0.0,0.0,0.0,0.0,0.0,ID_NORMAL_001,JOINT2_SWEEP_MEDIUM,RUN_01,50.0,0.0,NORMAL,NONE,COLD
508847.4572286,45.06,-8.02,111.95,0.24,64.87,-0.1,0.0,0.0,0.0,0.0,0.0,0.0,0.0,0.0,34.0,0.0,0.0,0.0,0.0,0.0,0.0,0.0,0.0,0.0,ID_NORMAL_001,JOINT2_SWEEP_MEDIUM,RUN_01,50.0,0.0,NORMAL,NONE,COLD
508847.5050476,45.06,-8.02,111.95,0.24,64.87,-0.1,0.0,0.0,0.0,0.0,0.0,0.0,0.0,0.0,33.0,0.0,0.0,0.0,0.0,0.0,0.0,0.0,0.0,0.0,ID_NORMAL_001,JOINT2_SWEEP_MEDIUM,RUN_01,50.0,0.0,NORMAL,NONE,COLD
508847.5050476,45.06,-8.02,111.95,0.24,64.87,-0.1,0.0,0.0,0.0,0.0,0.0,0.0,0.0,0.0,34.0,0.0,0.0,0.0,0.0,0.0,0.0,0.0,0.0,0.0,ID_NORMAL_001,JOINT2_SWEEP_MEDIUM,RUN_01,50.0,0.0,NORMAL,NONE,COLD
508847.5262808,45.06,-8.02,111.95,0.24,64.87,-0.1,0.0,0.0,0.0,0.0,0.0,0.0,0.0,0.0,34.0,0.0,0.0,0.0,0.0,0.0,0.0,0.0,0.0,0.0,ID_NORMAL_001,JOINT2_SWEEP_MEDIUM,RUN_01,50.0,0.0,NORMAL,NONE,COLD
508847.5700137,45.06,-8.02,111.95,0.24,64.87,-0.1,0.0,0.0,0.0,0.0,0.0,0.0,0.0,0.0,33.0,0.0,0.0,0.0,0.0,0.0,0.0,0.0,0.0,0.0,ID_NORMAL_001,JOINT2_SWEEP_MEDIUM,RUN_01,50.0,0.0,NORMAL,NONE,COLD
508847.6082289,45.06,-8.02,111.95,0.24,64.87,-0.1,0.0,0.0,0.0,0.0,0.0,0.0,0.0,0.0,32.0,0.0,0.0,0.0,0.0,0.0,0.0,0.0,0.0,0.0,ID_NORMAL_001,JOINT2_SWEEP_MEDIUM,RUN_01,50.0,0.0,NORMAL,NONE,COLD
508847.6082289,45.06,-8.02,111.95,0.24,64.87,-0.1,0.0,0.0,0.0,0.0,0.0,0.0,0.0,0.0,33.0,0.0,0.0,0.0,0.0,0.0,0.0,0.0,0.0,0.0,ID_NORMAL_001,JOINT2_SWEEP_MEDIUM,RUN_01,50.0,0.0,NORMAL,NONE,COLD
508847.6634309,45.06,-8.02,111.95,0.24,64.87,-0.1,0.0,0.0,0.0,0.0,0.0,0.0,0.0,0.0,34.0,0.0,0.0,0.0,0.0,0.0,0.0,0.0,0.0,0.0,ID_NORMAL_001,JOINT2_SWEEP_MEDIUM,RUN_01,50.0,0.0,NORMAL,NONE,COLD
508847.7091602,45.06,-8.02,111.95,0.24,64.87,-0.1,0.0,0.0,0.0,0.0,0.0,0.0,0.0,0.0,35.0,0.0,0.0,0.0,0.0,0.0,0.0,0.0,0.0,0.0,ID_NORMAL_001,JOINT2_SWEEP_MEDIUM,RUN_01,50.0,0.0,NORMAL,NONE,COLD
508847.7091602,45.06,-8.02,111.95,0.24,64.87,-0.1,0.0,0.0,0.0,0.0,0.0,0.0,0.0,0.0,33.0,0.0,0.0,0.0,0.0,0.0,0.0,0.0,0.0,0.0,ID_NORMAL_001,JOINT2_SWEEP_MEDIUM,RUN_01,50.0,0.0,NORMAL,NONE,COLD
508847.7262106,45.06,-8.02,111.95,0.24,64.87,-0.1,0.0,0.0,0.0,0.0,0.0,0.0,0.0,0.0,33.0,0.0,0.0,0.0,0.0,0.0,0.0,0.0,0.0,0.0,ID_NORMAL_001,JOINT2_SWEEP_MEDIUM,RUN_01,50.0,0.0,NORMAL,NONE,COLD
508847.772102,45.06,-8.02,111.95,0.24,64.87,-0.1,0.0,0.0,0.0,0.0,0.0,0.0,0.0,0.0,33.0,0.0,0.0,0.0,0.0,0.0,0.0,0.0,0.0,0.0,ID_NORMAL_001,JOINT2_SWEEP_MEDIUM,RUN_01,50.0,0.0,NORMAL,NONE,COLD
508847.8176941,45.06,-8.02,111.95,0.24,64.87,-0.1,0.0,0.0,0.0,0.0,0.0,0.0,0.0,0.0,33.0,0.0,0.0,0.0,0.0,0.0,0.0,0.0,0.0,0.0,ID_NORMAL_001,JOINT2_SWEEP_MEDIUM,RUN_01,50.0,0.0,NORMAL,NONE,COLD
508847.8176941,45.06,-8.02,111.95,0.24,64.87,-0.1,0.0,0.0,0.0,0.0,0.0,0.0,0.0,0.0,34.0,0.0,0.0,0.0,0.0,0.0,0.0,0.0,0.0,0.0,ID_NORMAL_001,JOINT2_SWEEP_MEDIUM,RUN_01,50.0,0.0,NORMAL,NONE,COLD
508847.86568,45.06,-8.02,111.95,0.24,64.87,-0.1,0.0,0.0,0.0,0.0,0.0,0.0,0.0,0.0,35.0,0.0,0.0,0.0,0.0,0.0,0.0,0.0,0.0,0.0,ID_NORMAL_001,JOINT2_SWEEP_MEDIUM,RUN_01,50.0,0.0,NORMAL,NONE,COLD
508847.86568,45.06,-8.02,111.95,0.24,64.87,-0.1,0.0,0.0,0.0,0.0,0.0,0.0,0.0,0.0,32.0,0.0,0.0,0.0,0.0,0.0,0.0,0.0,0.0,0.0,ID_NORMAL_001,JOINT2_SWEEP_MEDIUM,RUN_01,50.0,0.0,NORMAL,NONE,COLD
508847.9117591,45.06,-8.02,111.95,0.24,64.87,-0.1,0.0,0.0,0.0,0.0,0.0,0.0,0.0,0.0,33.0,0.0,0.0,0.0,0.0,0.0,0.0,0.0,0.0,0.0,ID_NORMAL_001,JOINT2_SWEEP_MEDIUM,RUN_01,50.0,0.0,NORMAL,NONE,COLD
508847.9117591,45.06,-8.02,111.95,0.24,64.87,-0.1,0.0,0.0,0.0,0.0,0.0,0.0,0.0,0.0,34.0,0.0,0.0,0.0,0.0,0.0,0.0,0.0,0.0,0.0,ID_NORMAL_001,JOINT2_SWEEP_MEDIUM,RUN_01,50.0,0.0,NORMAL,NONE,COLD
508847.9357544,45.06,-8.02,111.95,0.24,64.87,-0.1,0.0,0.0,0.0,0.0,0.0,0.0,0.0,0.0,33.0,0.0,0.0,0.0,0.0,0.0,0.0,0.0,0.0,0.0,ID_NORMAL_001,JOINT2_SWEEP_MEDIUM,RUN_01,50.0,0.0,NORMAL,NONE,COLD
508847.9889195,45.06,-8.02,111.95,0.24,64.87,-0.1,0.0,0.0,0.0,0.0,0.0,0.0,0.0,0.0,33.0,0.0,0.0,0.0,0.0,0.0,0.0,0.0,0.0,0.0,ID_NORMAL_001,JOINT2_SWEEP_MEDIUM,RUN_01,50.0,0.0,NORMAL,NONE,COLD
508848.034963,45.06,-8.02,111.95,0.24,64.87,-0.1,0.0,0.0,0.0,0.0,0.0,0.0,0.0,0.0,32.0,0.0,0.0,0.0,0.0,0.0,0.0,0.0,0.0,0.0,ID_NORMAL_001,JOINT2_SWEEP_MEDIUM,RUN_01,50.0,0.0,NORMAL,NONE,COLD
508848.034963,45.06,-8.02,111.95,0.24,64.87,-0.1,0.0,0.0,0.0,0.0,0.0,0.0,0.0,0.0,35.0,0.0,0.0,0.0,0.0,0.0,0.0,0.0,0.0,0.0,ID_NORMAL_001,JOINT2_SWEEP_MEDIUM,RUN_01,50.0,0.0,NORMAL,NONE,COLD
508848.0821565,45.06,-8.02,111.95,0.24,64.87,-0.1,0.0,0.0,0.0,0.0,0.0,0.0,0.0,0.0,33.0,0.0,0.0,0.0,0.0,0.0,0.0,0.0,0.0,0.0,ID_NORMAL_001,JOINT2_SWEEP_MEDIUM,RUN_01,50.0,0.0,NORMAL,NONE,COLD
508848.0821565,45.06,-8.02,111.95,0.24,64.87,-0.1,0.0,0.0,0.0,0.0,0.0,0.0,0.0,0.0,33.0,0.0,0.0,0.0,0.0,0.0,0.0,0.0,0.0,0.0,ID_NORMAL_001,JOINT2_SWEEP_MEDIUM,RUN_01,50.0,0.0,NORMAL,NONE,COLD
508848.1295715,45.06,-8.02,111.95,0.24,64.87,-0.1,0.0,0.0,0.0,0.0,0.0,0.0,0.0,0.0,33.0,0.0,0.0,0.0,0.0,0.0,0.0,0.0,0.0,0.0,ID_NORMAL_001,JOINT2_SWEEP_MEDIUM,RUN_01,50.0,0.0,NORMAL,NONE,COLD
508848.1295715,45.06,-8.02,111.95,0.24,64.87,-0.1,0.0,0.0,0.0,0.0,0.0,0.0,0.0,0.0,34.0,0.0,0.0,0.0,0.0,0.0,0.0,0.0,0.0,0.0,ID_NORMAL_001,JOINT2_SWEEP_MEDIUM,RUN_01,50.0,0.0,NORMAL,NONE,COLD
508848.1545097,45.06,-8.02,111.95,0.24,64.87,-0.1,0.0,0.0,0.0,0.0,0.0,0.0,0.0,0.0,33.0,0.0,0.0,0.0,0.0,0.0,0.0,0.0,0.0,0.0,ID_NORMAL_001,JOINT2_SWEEP_MEDIUM,RUN_01,50.0,0.0,NORMAL,NONE,COLD
508848.2081701,45.06,-8.02,111.95,0.24,64.87,-0.1,0.0,0.0,0.0,0.0,0.0,0.0,0.0,0.0,33.0,0.0,0.0,0.0,0.0,0.0,0.0,0.0,0.0,0.0,ID_NORMAL_001,JOINT2_SWEEP_MEDIUM,RUN_01,50.0,0.0,NORMAL,NONE,COLD
508848.2603542,45.06,-8.02,111.95,0.24,64.87,-0.1,0.0,0.0,0.0,0.0,0.0,0.0,0.0,0.0,34.0,0.0,0.0,0.0,0.0,0.0,0.0,0.0,0.0,0.0,ID_NORMAL_001,JOINT2_SWEEP_MEDIUM,RUN_01,50.0,0.0,NORMAL,NONE,COLD
508848.2603542,45.06,-8.02,111.95,0.24,64.87,-0.1,0.0,0.0,0.0,0.0,0.0,0.0,0.0,0.0,33.0,0.0,0.0,0.0,0.0,0.0,0.0,0.0,0.0,0.0,ID_NORMAL_001,JOINT2_SWEEP_MEDIUM,RUN_01,50.0,0.0,NORMAL,NONE,COLD
508848.3029812,45.06,-8.02,111.95,0.24,64.87,-0.1,0.0,0.0,0.0,0.0,0.0,0.0,0.0,0.0,34.0,0.0,0.0,0.0,0.0,0.0,0.0,0.0,0.0,0.0,ID_NORMAL_001,JOINT2_SWEEP_MEDIUM,RUN_01,50.0,0.0,NORMAL,NONE,COLD
508848.3029812,45.06,-8.02,111.95,0.24,64.87,-0.1,0.0,0.0,0.0,0.0,0.0,0.0,0.0,0.0,34.0,0.0,0.0,0.0,0.0,0.0,0.0,0.0,0.0,0.0,ID_NORMAL_001,JOINT2_SWEEP_MEDIUM,RUN_01,50.0,0.0,NORMAL,NONE,COLD
508848.3316415,45.06,-8.02,111.95,0.24,64.87,-0.1,0.0,0.0,0.0,0.0,0.0,0.0,0.0,0.0,35.0,0.0,0.0,0.0,0.0,0.0,0.0,0.0,0.0,0.0,ID_NORMAL_001,JOINT2_SWEEP_MEDIUM,RUN_01,50.0,0.0,NORMAL,NONE,COLD
508848.3837923,45.06,-8.02,111.95,0.24,64.87,-0.1,0.0,0.0,0.0,0.0,0.0,0.0,0.0,0.0,33.0,0.0,0.0,0.0,0.0,0.0,0.0,0.0,0.0,0.0,ID_NORMAL_001,JOINT2_SWEEP_MEDIUM,RUN_01,50.0,0.0,NORMAL,NONE,COLD
508848.3837923,45.06,-8.02,111.95,0.24,64.87,-0.1,0.0,0.0,0.0,0.0,0.0,0.0,0.0,0.0,33.0,0.0,0.0,0.0,0.0,0.0,0.0,0.0,0.0,0.0,ID_NORMAL_001,JOINT2_SWEEP_MEDIUM,RUN_01,50.0,0.0,NORMAL,NONE,COLD
508848.4268803,45.06,-8.02,111.95,0.24,64.87,-0.1,0.0,0.0,0.0,0.0,0.0,0.0,0.0,0.0,34.0,0.0,0.0,0.0,0.0,0.0,0.0,0.0,0.0,0.0,ID_NORMAL_001,JOINT2_SWEEP_MEDIUM,RUN_01,50.0,0.0,NORMAL,NONE,COLD
508848.4780771,45.06,-8.02,111.95,0.24,64.87,-0.1,0.0,0.0,0.0,0.0,0.0,0.0,0.0,0.0,34.0,0.0,0.0,0.0,0.0,0.0,0.0,0.0,0.0,0.0,ID_NORMAL_001,JOINT2_SWEEP_MEDIUM,RUN_01,50.0,0.0,NORMAL,NONE,COLD
508848.4780771,45.06,-8.02,111.95,0.24,64.87,-0.1,0.0,0.0,0.0,0.0,0.0,0.0,0.0,0.0,33.0,0.0,0.0,0.0,0.0,0.0,0.0,0.0,0.0,0.0,ID_NORMAL_001,JOINT2_SWEEP_MEDIUM,RUN_01,50.0,0.0,NORMAL,NONE,COLD
508848.5193873,45.06,-8.02,111.95,0.24,64.87,-0.1,0.0,0.0,0.0,0.0,0.0,0.0,0.0,0.0,35.0,0.0,0.0,0.0,0.0,0.0,0.0,0.0,0.0,0.0,ID_NORMAL_001,JOINT2_SWEEP_MEDIUM,RUN_01,50.0,0.0,NORMAL,NONE,COLD
508848.5193873,45.06,-8.02,111.95,0.24,64.87,-0.1,0.0,0.0,0.0,0.0,0.0,0.0,0.0,0.0,34.0,0.0,0.0,0.0,0.0,0.0,0.0,0.0,0.0,0.0,ID_NORMAL_001,JOINT2_SWEEP_MEDIUM,RUN_01,50.0,0.0,NORMAL,NONE,COLD
508848.5370079,45.06,-8.02,111.95,0.24,64.87,-0.1,0.0,0.0,0.0,0.0,0.0,0.0,0.0,0.0,34.0,0.0,0.0,0.0,0.0,0.0,0.0,0.0,0.0,0.0,ID_NORMAL_001,JOINT2_SWEEP_MEDIUM,RUN_01,50.0,0.0,NORMAL,NONE,COLD
508848.582411,45.06,-8.02,111.95,0.24,64.87,-0.1,0.0,0.0,0.0,0.0,0.0,0.0,0.0,0.0,33.0,0.0,0.0,0.0,0.0,0.0,0.0,0.0,0.0,0.0,ID_NORMAL_001,JOINT2_SWEEP_MEDIUM,RUN_01,50.0,0.0,NORMAL,NONE,COLD
508848.6294382,45.06,-8.02,111.95,0.24,64.87,-0.1,0.0,0.0,0.0,0.0,0.0,0.0,0.0,0.0,34.0,0.0,0.0,0.0,0.0,0.0,0.0,0.0,0.0,0.0,ID_NORMAL_001,JOINT2_SWEEP_MEDIUM,RUN_01,50.0,0.0,NORMAL,NONE,COLD
508848.6294382,45.06,-8.02,111.95,0.24,64.87,-0.1,0.0,0.0,0.0,0.0,0.0,0.0,0.0,0.0,34.0,0.0,0.0,0.0,0.0,0.0,0.0,0.0,0.0,0.0,ID_NORMAL_001,JOINT2_SWEEP_MEDIUM,RUN_01,50.0,0.0,NORMAL,NONE,COLD
508848.675588,45.06,-8.02,111.95,0.24,64.87,-0.1,0.0,0.0,0.0,0.0,0.0,0.0,0.0,0.0,34.0,0.0,0.0,0.0,0.0,0.0,0.0,0.0,0.0,0.0,ID_NORMAL_001,JOINT2_SWEEP_MEDIUM,RUN_01,50.0,0.0,NORMAL,NONE,COLD
508848.675588,45.06,-8.02,111.95,0.24,64.87,-0.1,0.0,0.0,0.0,0.0,0.0,0.0,0.0,0.0,33.0,0.0,0.0,0.0,0.0,0.0,0.0,0.0,0.0,0.0,ID_NORMAL_001,JOINT2_SWEEP_MEDIUM,RUN_01,50.0,0.0,NORMAL,NONE,COLD
508848.7238556,45.06,-8.02,111.95,0.24,64.87,-0.1,0.0,0.0,0.0,0.0,0.0,0.0,0.0,0.0,33.0,0.0,0.0,0.0,0.0,0.0,0.0,0.0,0.0,0.0,ID_NORMAL_001,JOINT2_SWEEP_MEDIUM,RUN_01,50.0,0.0,NORMAL,NONE,COLD
508848.7357931,45.06,-8.02,111.95,0.24,64.87,-0.1,0.0,0.0,0.0,0.0,0.0,0.0,0.0,0.0,34.0,0.0,0.0,0.0,0.0,0.0,0.0,0.0,0.0,0.0,ID_NORMAL_001,JOINT2_SWEEP_MEDIUM,RUN_01,50.0,0.0,NORMAL,NONE,COLD
508848.7872214,45.06,-8.02,111.95,0.24,64.87,-0.1,0.0,0.0,0.0,0.0,0.0,0.0,0.0,0.0,34.0,0.0,0.0,0.0,0.0,0.0,0.0,0.0,0.0,0.0,ID_NORMAL_001,JOINT2_SWEEP_MEDIUM,RUN_01,50.0,0.0,NORMAL,NONE,COLD
508848.7872214,45.06,-8.02,111.95,0.24,64.87,-0.1,0.0,0.0,0.0,0.0,0.0,0.0,0.0,0.0,32.0,0.0,0.0,0.0,0.0,0.0,0.0,0.0,0.0,0.0,ID_NORMAL_001,JOINT2_SWEEP_MEDIUM,RUN_01,50.0,0.0,NORMAL,NONE,COLD
508848.8338044,45.06,-8.02,111.95,0.24,64.87,-0.1,0.0,0.0,0.0,0.0,0.0,0.0,0.0,0.0,34.0,0.0,0.0,0.0,0.0,0.0,0.0,0.0,0.0,0.0,ID_NORMAL_001,JOINT2_SWEEP_MEDIUM,RUN_01,50.0,0.0,NORMAL,NONE,COLD
508848.8804918,45.06,-8.02,111.95,0.24,64.87,-0.1,0.0,0.0,0.0,0.0,0.0,0.0,0.0,0.0,33.0,0.0,0.0,0.0,0.0,0.0,0.0,0.0,0.0,0.0,ID_NORMAL_001,JOINT2_SWEEP_MEDIUM,RUN_01,50.0,0.0,NORMAL,NONE,COLD
508848.8804918,45.06,-8.02,111.95,0.24,64.87,-0.1,0.0,0.0,0.0,0.0,0.0,0.0,0.0,0.0,34.0,0.0,0.0,0.0,0.0,0.0,0.0,0.0,0.0,0.0,ID_NORMAL_001,JOINT2_SWEEP_MEDIUM,RUN_01,50.0,0.0,NORMAL,NONE,COLD
508848.9376063,45.06,-8.02,111.95,0.24,64.87,-0.1,0.0,0.0,0.0,0.0,0.0,0.0,0.0,0.0,32.0,0.0,0.0,0.0,0.0,0.0,0.0,0.0,0.0,0.0,ID_NORMAL_001,JOINT2_SWEEP_MEDIUM,RUN_01,50.0,0.0,NORMAL,NONE,COLD
508848.9376063,45.06,-8.02,111.95,0.24,64.87,-0.1,0.0,0.0,0.0,0.0,0.0,0.0,0.0,0.0,33.0,0.0,0.0,0.0,0.0,0.0,0.0,0.0,0.0,0.0,ID_NORMAL_001,JOINT2_SWEEP_MEDIUM,RUN_01,50.0,0.0,NORMAL,NONE,COLD
508848.9470771,45.06,-8.02,111.95,0.24,64.87,-0.1,0.0,0.0,0.0,0.0,0.0,0.0,0.0,0.0,34.0,0.0,0.0,0.0,0.0,0.0,0.0,0.0,0.0,0.0,ID_NORMAL_001,JOINT2_SWEEP_MEDIUM,RUN_01,50.0,0.0,NORMAL,NONE,COLD
508848.987885,45.06,-8.02,111.95,0.24,64.87,-0.1,0.0,0.0,0.0,0.0,0.0,0.0,0.0,0.0,33.0,0.0,0.0,0.0,0.0,0.0,0.0,0.0,0.0,0.0,ID_NORMAL_001,JOINT2_SWEEP_MEDIUM,RUN_01,50.0,0.0,NORMAL,NONE,COLD
508849.0345388,45.06,-8.02,111.95,0.24,64.87,-0.1,0.0,0.0,0.0,0.0,0.0,0.0,0.0,0.0,33.0,0.0,0.0,0.0,0.0,0.0,0.0,0.0,0.0,0.0,ID_NORMAL_001,JOINT2_SWEEP_MEDIUM,RUN_01,50.0,0.0,NORMAL,NONE,COLD
508849.0345388,45.06,-8.02,111.95,0.24,64.87,-0.1,0.0,0.0,0.0,0.0,0.0,0.0,0.0,0.0,32.0,0.0,0.0,0.0,0.0,0.0,0.0,0.0,0.0,0.0,ID_NORMAL_001,JOINT2_SWEEP_MEDIUM,RUN_01,50.0,0.0,NORMAL,NONE,COLD
508849.0817868,45.06,-8.02,111.95,0.24,64.87,-0.1,0.0,0.0,0.0,0.0,0.0,0.0,0.0,0.0,33.0,0.0,0.0,0.0,0.0,0.0,0.0,0.0,0.0,0.0,ID_NORMAL_001,JOINT2_SWEEP_MEDIUM,RUN_01,50.0,0.0,NORMAL,NONE,COLD
508849.1289914,45.06,-8.02,111.95,0.24,64.87,-0.1,0.0,0.0,0.0,0.0,0.0,0.0,0.0,0.0,32.0,0.0,0.0,0.0,0.0,0.0,0.0,0.0,0.0,0.0,ID_NORMAL_001,JOINT2_SWEEP_MEDIUM,RUN_01,50.0,0.0,NORMAL,NONE,COLD
508849.1289914,45.06,-8.02,111.95,0.24,64.87,-0.1,0.0,0.0,0.0,0.0,0.0,0.0,0.0,0.0,35.0,0.0,0.0,0.0,0.0,0.0,0.0,0.0,0.0,0.0,ID_NORMAL_001,JOINT2_SWEEP_MEDIUM,RUN_01,50.0,0.0,NORMAL,NONE,COLD
508849.1433424,45.06,-8.02,111.95,0.24,64.87,-0.1,0.0,0.0,0.0,0.0,0.0,0.0,0.0,0.0,34.0,0.0,0.0,0.0,0.0,0.0,0.0,0.0,0.0,0.0,ID_NORMAL_001,JOINT2_SWEEP_MEDIUM,RUN_01,50.0,0.0,NORMAL,NONE,COLD
508849.1907798,45.06,-8.02,111.95,0.24,64.87,-0.1,0.0,0.0,0.0,0.0,0.0,0.0,0.0,0.0,33.0,0.0,0.0,0.0,0.0,0.0,0.0,0.0,0.0,0.0,ID_NORMAL_001,JOINT2_SWEEP_MEDIUM,RUN_01,50.0,0.0,NORMAL,NONE,COLD
508849.2371357,45.06,-8.02,111.95,0.24,64.87,-0.1,0.0,0.0,0.0,0.0,0.0,0.0,0.0,0.0,34.0,0.0,0.0,0.0,0.0,0.0,0.0,0.0,0.0,0.0,ID_NORMAL_001,JOINT2_SWEEP_MEDIUM,RUN_01,50.0,0.0,NORMAL,NONE,COLD
508849.2371357,45.06,-8.02,111.95,0.24,64.87,-0.1,0.0,0.0,0.0,0.0,0.0,0.0,0.0,0.0,33.0,0.0,0.0,0.0,0.0,0.0,0.0,0.0,0.0,0.0,ID_NORMAL_001,JOINT2_SWEEP_MEDIUM,RUN_01,50.0,0.0,NORMAL,NONE,COLD
508849.2761271,45.06,-8.02,111.95,0.24,64.87,-0.1,0.0,0.0,0.0,0.0,0.0,0.0,0.0,0.0,32.0,0.0,0.0,0.0,0.0,0.0,0.0,0.0,0.0,0.0,ID_NORMAL_001,JOINT2_SWEEP_MEDIUM,RUN_01,50.0,0.0,NORMAL,NONE,COLD
508849.2761271,45.06,-8.02,111.95,0.24,64.87,-0.1,0.0,0.0,0.0,0.0,0.0,0.0,0.0,0.0,33.0,0.0,0.0,0.0,0.0,0.0,0.0,0.0,0.0,0.0,ID_NORMAL_001,JOINT2_SWEEP_MEDIUM,RUN_01,50.0,0.0,NORMAL,NONE,COLD
508849.3296036,45.06,-8.02,111.95,0.24,64.87,-0.1,0.0,0.0,0.0,0.0,0.0,0.0,0.0,0.0,34.0,0.0,0.0,0.0,0.0,0.0,0.0,0.0,0.0,0.0,ID_NORMAL_001,JOINT2_SWEEP_MEDIUM,RUN_01,50.0,0.0,NORMAL,NONE,COLD
508849.3427136,45.06,-8.02,111.95,0.24,64.87,-0.1,0.0,0.0,0.0,0.0,0.0,0.0,0.0,0.0,34.0,0.0,0.0,0.0,0.0,0.0,0.0,0.0,0.0,0.0,ID_NORMAL_001,JOINT2_SWEEP_MEDIUM,RUN_01,50.0,0.0,NORMAL,NONE,COLD
508849.392131,45.06,-8.02,111.95,0.24,64.87,-0.1,0.0,0.0,0.0,0.0,0.0,0.0,0.0,0.0,34.0,0.0,0.0,0.0,0.0,0.0,0.0,0.0,0.0,0.0,ID_NORMAL_001,JOINT2_SWEEP_MEDIUM,RUN_01,50.0,0.0,NORMAL,NONE,COLD
508849.392131,45.06,-8.02,111.95,0.24,64.87,-0.1,0.0,0.0,0.0,0.0,0.0,0.0,0.0,0.0,33.0,0.0,0.0,0.0,0.0,0.0,0.0,0.0,0.0,0.0,ID_NORMAL_001,JOINT2_SWEEP_MEDIUM,RUN_01,50.0,0.0,NORMAL,NONE,COLD
508849.437074,45.06,-8.02,111.95,0.24,64.87,-0.1,0.0,0.0,0.0,0.0,0.0,0.0,0.0,0.0,32.0,0.0,0.0,0.0,0.0,0.0,0.0,0.0,0.0,0.0,ID_NORMAL_001,JOINT2_SWEEP_MEDIUM,RUN_01,50.0,0.0,NORMAL,NONE,COLD
508849.4840558,45.06,-8.02,111.95,0.24,64.87,-0.1,0.0,0.0,0.0,0.0,0.0,0.0,0.0,0.0,33.0,0.0,0.0,0.0,0.0,0.0,0.0,0.0,0.0,0.0,ID_NORMAL_001,JOINT2_SWEEP_MEDIUM,RUN_01,50.0,0.0,NORMAL,NONE,COLD
508849.4840558,45.06,-8.02,111.95,0.24,64.87,-0.1,0.0,0.0,0.0,0.0,0.0,0.0,0.0,0.0,34.0,0.0,0.0,0.0,0.0,0.0,0.0,0.0,0.0,0.0,ID_NORMAL_001,JOINT2_SWEEP_MEDIUM,RUN_01,50.0,0.0,NORMAL,NONE,COLD
508849.5329321,45.06,-8.02,111.95,0.24,64.87,-0.1,0.0,0.0,0.0,0.0,0.0,0.0,0.0,0.0,33.0,0.0,0.0,0.0,0.0,0.0,0.0,0.0,0.0,0.0,ID_NORMAL_001,JOINT2_SWEEP_MEDIUM,RUN_01,50.0,0.0,NORMAL,NONE,COLD
508849.5329321,45.06,-8.02,111.95,0.24,64.87,-0.1,0.0,0.0,0.0,0.0,0.0,0.0,0.0,0.0,34.0,0.0,0.0,0.0,0.0,0.0,0.0,0.0,0.0,0.0,ID_NORMAL_001,JOINT2_SWEEP_MEDIUM,RUN_01,50.0,0.0,NORMAL,NONE,COLD
508849.5492212,45.06,-8.02,111.95,0.24,64.87,-0.1,0.0,0.0,0.0,0.0,0.0,0.0,0.0,0.0,33.0,0.0,0.0,0.0,0.0,0.0,0.0,0.0,0.0,0.0,ID_NORMAL_001,JOINT2_SWEEP_MEDIUM,RUN_01,50.0,0.0,NORMAL,NONE,COLD
508849.5940897,45.06,-8.02,111.95,0.24,64.87,-0.1,0.0,0.0,0.0,0.0,0.0,0.0,0.0,0.0,33.0,0.0,0.0,0.0,0.0,0.0,0.0,0.0,0.0,0.0,ID_NORMAL_001,JOINT2_SWEEP_MEDIUM,RUN_01,50.0,0.0,NORMAL,NONE,COLD
508849.6402171,45.06,-8.02,111.95,0.24,64.87,-0.1,0.0,0.0,0.0,0.0,0.0,0.0,0.0,0.0,32.0,0.0,0.0,0.0,0.0,0.0,0.0,0.0,0.0,0.0,ID_NORMAL_001,JOINT2_SWEEP_MEDIUM,RUN_01,50.0,0.0,NORMAL,NONE,COLD
508849.6402171,45.06,-8.02,111.95,0.24,64.87,-0.1,0.0,0.0,0.0,0.0,0.0,0.0,0.0,0.0,33.0,0.0,0.0,0.0,0.0,0.0,0.0,0.0,0.0,0.0,ID_NORMAL_001,JOINT2_SWEEP_MEDIUM,RUN_01,50.0,0.0,NORMAL,NONE,COLD
508849.6860539,45.06,-8.02,111.95,0.24,64.87,-0.1,0.0,0.0,0.0,0.0,0.0,0.0,0.0,0.0,34.0,0.0,0.0,0.0,0.0,0.0,0.0,0.0,0.0,0.0,ID_NORMAL_001,JOINT2_SWEEP_MEDIUM,RUN_01,50.0,0.0,NORMAL,NONE,COLD
508849.6860539,45.06,-8.02,111.95,0.24,64.87,-0.1,0.0,0.0,0.0,0.0,0.0,0.0,0.0,0.0,34.0,0.0,0.0,0.0,0.0,0.0,0.0,0.0,0.0,0.0,ID_NORMAL_001,JOINT2_SWEEP_MEDIUM,RUN_01,50.0,0.0,NORMAL,NONE,COLD
508849.7363463,45.06,-8.02,111.95,0.24,64.87,-0.1,0.0,0.0,0.0,0.0,0.0,0.0,0.0,0.0,33.0,0.0,0.0,0.0,0.0,0.0,0.0,0.0,0.0,0.0,ID_NORMAL_001,JOINT2_SWEEP_MEDIUM,RUN_01,50.0,0.0,NORMAL,NONE,COLD
508849.7468642,45.06,-8.02,111.95,0.24,64.87,-0.1,0.0,0.0,0.0,0.0,0.0,0.0,0.0,0.0,33.0,0.0,0.0,0.0,0.0,0.0,0.0,0.0,0.0,0.0,ID_NORMAL_001,JOINT2_SWEEP_MEDIUM,RUN_01,50.0,0.0,NORMAL,NONE,COLD
508849.7951827,45.06,-8.02,111.95,0.24,64.87,-0.1,0.0,0.0,0.0,0.0,0.0,0.0,0.0,0.0,34.0,0.0,0.0,0.0,0.0,0.0,0.0,0.0,0.0,0.0,ID_NORMAL_001,JOINT2_SWEEP_MEDIUM,RUN_01,50.0,0.0,NORMAL,NONE,COLD
508849.7951827,45.06,-8.02,111.95,0.24,64.87,-0.1,0.0,0.0,0.0,0.0,0.0,0.0,0.0,0.0,34.0,0.0,0.0,0.0,0.0,0.0,0.0,0.0,0.0,0.0,ID_NORMAL_001,JOINT2_SWEEP_MEDIUM,RUN_01,50.0,0.0,NORMAL,NONE,COLD
508849.8514147,45.06,-8.02,111.95,0.24,64.87,-0.1,0.0,0.0,0.0,0.0,0.0,0.0,0.0,0.0,33.0,0.0,0.0,0.0,0.0,0.0,0.0,0.0,0.0,0.0,ID_NORMAL_001,JOINT2_SWEEP_MEDIUM,RUN_01,50.0,0.0,NORMAL,NONE,COLD
508849.8912397,45.06,-8.02,111.95,0.24,64.87,-0.1,0.0,0.0,0.0,0.0,0.0,0.0,0.0,0.0,34.0,0.0,0.0,0.0,0.0,0.0,0.0,0.0,0.0,0.0,ID_NORMAL_001,JOINT2_SWEEP_MEDIUM,RUN_01,50.0,0.0,NORMAL,NONE,COLD
508849.8912397,45.06,-8.02,111.95,0.24,64.87,-0.1,0.0,0.0,0.0,0.0,0.0,0.0,0.0,0.0,33.0,0.0,0.0,0.0,0.0,0.0,0.0,0.0,0.0,0.0,ID_NORMAL_001,JOINT2_SWEEP_MEDIUM,RUN_01,50.0,0.0,NORMAL,NONE,COLD
508849.9426238,45.06,-8.02,111.95,0.24,64.87,-0.1,0.0,0.0,0.0,0.0,0.0,0.0,0.0,0.0,34.0,0.0,0.0,0.0,0.0,0.0,0.0,0.0,0.0,0.0,ID_NORMAL_001,JOINT2_SWEEP_MEDIUM,RUN_01,50.0,0.0,NORMAL,NONE,COLD
508849.9426238,45.06,-8.02,111.95,0.24,64.87,-0.1,0.0,0.0,0.0,0.0,0.0,0.0,0.0,0.0,33.0,0.0,0.0,0.0,0.0,0.0,0.0,0.0,0.0,0.0,ID_NORMAL_001,JOINT2_SWEEP_MEDIUM,RUN_01,50.0,0.0,NORMAL,NONE,COLD
508849.9596174,45.06,-8.02,111.95,0.24,64.87,-0.1,0.0,0.0,0.0,0.0,0.0,0.0,0.0,0.0,34.0,0.0,0.0,0.0,0.0,0.0,0.0,0.0,0.0,0.0,ID_NORMAL_001,JOINT2_SWEEP_MEDIUM,RUN_01,50.0,0.0,NORMAL,NONE,COLD
508850.001037,45.06,-8.02,111.95,0.24,64.87,-0.1,0.0,0.0,0.0,0.0,0.0,0.0,0.0,0.0,34.0,0.0,0.0,0.0,0.0,0.0,0.0,0.0,0.0,0.0,ID_NORMAL_001,JOINT2_SWEEP_MEDIUM,RUN_01,50.0,0.0,NORMAL,NONE,COLD
508850.0454203,45.06,-8.02,111.95,0.24,64.87,-0.1,0.0,0.0,0.0,0.0,0.0,0.0,0.0,0.0,33.0,0.0,0.0,0.0,0.0,0.0,0.0,0.0,0.0,0.0,ID_NORMAL_001,JOINT2_SWEEP_MEDIUM,RUN_01,50.0,0.0,NORMAL,NONE,COLD
508850.0454203,45.06,-8.02,111.95,0.24,64.87,-0.1,0.0,0.0,0.0,0.0,0.0,0.0,0.0,0.0,34.0,0.0,0.0,0.0,0.0,0.0,0.0,0.0,0.0,0.0,ID_NORMAL_001,JOINT2_SWEEP_MEDIUM,RUN_01,50.0,0.0,NORMAL,NONE,COLD
508850.0953181,45.06,-8.02,111.95,0.24,64.87,-0.1,0.0,0.0,0.0,0.0,0.0,0.0,0.0,0.0,33.0,0.0,0.0,0.0,0.0,0.0,0.0,0.0,0.0,0.0,ID_NORMAL_001,JOINT2_SWEEP_MEDIUM,RUN_01,50.0,0.0,NORMAL,NONE,COLD
508850.1419459,45.06,-8.02,111.95,0.24,64.87,-0.1,0.0,0.0,0.0,0.0,0.0,0.0,0.0,0.0,34.0,0.0,0.0,0.0,0.0,0.0,0.0,0.0,0.0,0.0,ID_NORMAL_001,JOINT2_SWEEP_MEDIUM,RUN_01,50.0,0.0,NORMAL,NONE,COLD
508850.1419459,45.06,-8.02,111.95,0.24,64.87,-0.1,0.0,0.0,0.0,0.0,0.0,0.0,0.0,0.0,35.0,0.0,0.0,0.0,0.0,0.0,0.0,0.0,0.0,0.0,ID_NORMAL_001,JOINT2_SWEEP_MEDIUM,RUN_01,50.0,0.0,NORMAL,NONE,COLD
508850.1492731,45.06,-8.02,111.95,0.24,64.87,-0.1,0.0,0.0,0.0,0.0,0.0,0.0,0.0,0.0,32.0,0.0,0.0,0.0,0.0,0.0,0.0,0.0,0.0,0.0,ID_NORMAL_001,JOINT2_SWEEP_MEDIUM,RUN_01,50.0,0.0,NORMAL,NONE,COLD
508850.2020879,45.06,-8.02,111.95,0.24,64.87,-0.1,0.0,0.0,0.0,0.0,0.0,0.0,0.0,0.0,34.0,0.0,0.0,0.0,0.0,0.0,0.0,0.0,0.0,0.0,ID_NORMAL_001,JOINT2_SWEEP_MEDIUM,RUN_01,50.0,0.0,NORMAL,NONE,COLD
508850.2551538,45.06,-8.02,111.95,0.24,64.87,-0.1,0.0,0.0,0.0,0.0,0.0,0.0,0.0,0.0,33.0,0.0,0.0,0.0,0.0,0.0,0.0,0.0,0.0,0.0,ID_NORMAL_001,JOINT2_SWEEP_MEDIUM,RUN_01,50.0,0.0,NORMAL,NONE,COLD
508850.2551538,45.06,-8.02,111.95,0.24,64.87,-0.1,0.0,0.0,0.0,0.0,0.0,0.0,0.0,0.0,33.0,0.0,0.0,0.0,0.0,0.0,0.0,0.0,0.0,0.0,ID_NORMAL_001,JOINT2_SWEEP_MEDIUM,RUN_01,50.0,0.0,NORMAL,NONE,COLD
508850.2961237,45.06,-8.02,111.95,0.24,64.87,-0.1,0.0,0.0,0.0,0.0,0.0,0.0,0.0,0.0,32.0,0.0,0.0,0.0,0.0,0.0,0.0,0.0,0.0,0.0,ID_NORMAL_001,JOINT2_SWEEP_MEDIUM,RUN_01,50.0,0.0,NORMAL,NONE,COLD
508850.2961237,45.06,-8.02,111.95,0.24,64.87,-0.1,0.0,0.0,0.0,0.0,0.0,0.0,0.0,0.0,34.0,0.0,0.0,0.0,0.0,0.0,0.0,0.0,0.0,0.0,ID_NORMAL_001,JOINT2_SWEEP_MEDIUM,RUN_01,50.0,0.0,NORMAL,NONE,COLD
508850.3507703,45.06,-8.02,111.95,0.24,64.87,-0.1,0.0,0.0,0.0,0.0,0.0,0.0,0.0,0.0,32.0,0.0,0.0,0.0,0.0,0.0,0.0,0.0,0.0,0.0,ID_NORMAL_001,JOINT2_SWEEP_MEDIUM,RUN_01,50.0,0.0,NORMAL,NONE,COLD
508850.3507703,45.06,-8.02,111.95,0.24,64.87,-0.1,0.0,0.0,0.0,0.0,0.0,0.0,0.0,0.0,34.0,0.0,0.0,0.0,0.0,0.0,0.0,0.0,0.0,0.0,ID_NORMAL_001,JOINT2_SWEEP_MEDIUM,RUN_01,50.0,0.0,NORMAL,NONE,COLD
508850.3681645,45.06,-8.02,111.95,0.24,64.87,-0.1,0.0,0.0,0.0,0.0,0.0,0.0,0.0,0.0,33.0,0.0,0.0,0.0,0.0,0.0,0.0,0.0,0.0,0.0,ID_NORMAL_001,JOINT2_SWEEP_MEDIUM,RUN_01,50.0,0.0,NORMAL,NONE,COLD
508850.4200955,45.06,-8.02,111.95,0.24,64.87,-0.1,0.0,0.0,0.0,0.0,0.0,0.0,0.0,0.0,33.0,0.0,0.0,0.0,0.0,0.0,0.0,0.0,0.0,0.0,ID_NORMAL_001,JOINT2_SWEEP_MEDIUM,RUN_01,50.0,0.0,NORMAL,NONE,COLD
508850.468408,45.06,-8.02,111.95,0.24,64.87,-0.1,0.0,0.0,0.0,0.0,0.0,0.0,0.0,0.0,34.0,0.0,0.0,0.0,0.0,0.0,0.0,0.0,0.0,0.0,ID_NORMAL_001,JOINT2_SWEEP_MEDIUM,RUN_01,50.0,0.0,NORMAL,NONE,COLD
508850.468408,45.06,-8.02,111.95,0.24,64.87,-0.1,0.0,0.0,0.0,0.0,0.0,0.0,0.0,0.0,34.0,0.0,0.0,0.0,0.0,0.0,0.0,0.0,0.0,0.0,ID_NORMAL_001,JOINT2_SWEEP_MEDIUM,RUN_01,50.0,0.0,NORMAL,NONE,COLD
508850.5219678,45.06,-8.02,111.95,0.24,64.87,-0.1,0.0,0.0,0.0,0.0,0.0,0.0,0.0,0.0,34.0,0.0,0.0,0.0,0.0,0.0,0.0,0.0,0.0,0.0,ID_NORMAL_001,JOINT2_SWEEP_MEDIUM,RUN_01,50.0,0.0,NORMAL,NONE,COLD
508850.5219678,45.06,-8.02,111.95,0.24,64.87,-0.1,0.0,0.0,0.0,0.0,0.0,0.0,0.0,0.0,33.0,0.0,0.0,0.0,0.0,0.0,0.0,0.0,0.0,0.0,ID_NORMAL_001,JOINT2_SWEEP_MEDIUM,RUN_01,50.0,0.0,NORMAL,NONE,COLD
508850.5560431,45.06,-8.02,111.95,0.24,64.87,-0.1,0.0,0.0,0.0,0.0,0.0,0.0,0.0,0.0,33.0,0.0,0.0,0.0,0.0,0.0,0.0,0.0,0.0,0.0,ID_NORMAL_001,JOINT2_SWEEP_MEDIUM,RUN_01,50.0,0.0,NORMAL,NONE,COLD
508850.6069279,45.06,-8.02,111.95,0.24,64.87,-0.1,0.0,0.0,0.0,0.0,0.0,0.0,0.0,0.0,34.0,0.0,0.0,0.0,0.0,0.0,0.0,0.0,0.0,0.0,ID_NORMAL_001,JOINT2_SWEEP_MEDIUM,RUN_01,50.0,0.0,NORMAL,NONE,COLD
508850.6069279,45.06,-8.02,111.95,0.24,64.87,-0.1,0.0,0.0,0.0,0.0,0.0,0.0,0.0,0.0,32.0,0.0,0.0,0.0,0.0,0.0,0.0,0.0,0.0,0.0,ID_NORMAL_001,JOINT2_SWEEP_MEDIUM,RUN_01,50.0,0.0,NORMAL,NONE,COLD
508850.6561127,45.06,-8.02,111.95,0.24,64.87,-0.1,0.0,0.0,0.0,0.0,0.0,0.0,0.0,0.0,34.0,0.0,0.0,0.0,0.0,0.0,0.0,0.0,0.0,0.0,ID_NORMAL_001,JOINT2_SWEEP_MEDIUM,RUN_01,50.0,0.0,NORMAL,NONE,COLD
508850.6561127,45.06,-8.02,111.95,0.24,64.87,-0.1,0.0,0.0,0.0,0.0,0.0,0.0,0.0,0.0,34.0,0.0,0.0,0.0,0.0,0.0,0.0,0.0,0.0,0.0,ID_NORMAL_001,JOINT2_SWEEP_MEDIUM,RUN_01,50.0,0.0,NORMAL,NONE,COLD
508850.6993941,45.06,-8.02,111.95,0.24,64.87,-0.1,0.0,0.0,0.0,0.0,0.0,0.0,0.0,0.0,33.0,0.0,0.0,0.0,0.0,0.0,0.0,0.0,0.0,0.0,ID_NORMAL_001,JOINT2_SWEEP_MEDIUM,RUN_01,50.0,0.0,NORMAL,NONE,COLD
508850.6993941,45.06,-8.02,111.95,0.24,64.87,-0.1,0.0,0.0,0.0,0.0,0.0,0.0,0.0,0.0,33.0,0.0,0.0,0.0,0.0,0.0,0.0,0.0,0.0,0.0,ID_NORMAL_001,JOINT2_SWEEP_MEDIUM,RUN_01,50.0,0.0,NORMAL,NONE,COLD
508850.7489395,45.06,-8.02,111.95,0.24,64.87,-0.1,0.0,0.0,0.0,0.0,0.0,0.0,0.0,0.0,33.0,0.0,0.0,0.0,0.0,0.0,0.0,0.0,0.0,0.0,ID_NORMAL_001,JOINT2_SWEEP_MEDIUM,RUN_01,50.0,0.0,NORMAL,NONE,COLD
508850.757081,45.06,-8.02,111.95,0.24,64.87,-0.1,0.0,0.0,0.0,0.0,0.0,0.0,0.0,0.0,34.0,0.0,0.0,0.0,0.0,0.0,0.0,0.0,0.0,0.0,ID_NORMAL_001,JOINT2_SWEEP_MEDIUM,RUN_01,50.0,0.0,NORMAL,NONE,COLD
508850.8103083,45.06,-8.02,111.95,0.24,64.87,-0.1,0.0,0.0,0.0,0.0,0.0,0.0,0.0,0.0,33.0,0.0,0.0,0.0,0.0,0.0,0.0,0.0,0.0,0.0,ID_NORMAL_001,JOINT2_SWEEP_MEDIUM,RUN_01,50.0,0.0,NORMAL,NONE,COLD
508850.8103083,45.06,-8.02,111.95,0.24,64.87,-0.1,0.0,0.0,0.0,0.0,0.0,0.0,0.0,0.0,35.0,0.0,0.0,0.0,0.0,0.0,0.0,0.0,0.0,0.0,ID_NORMAL_001,JOINT2_SWEEP_MEDIUM,RUN_01,50.0,0.0,NORMAL,NONE,COLD
508850.8573984,45.06,-8.02,111.95,0.24,64.87,-0.1,0.0,0.0,0.0,0.0,0.0,0.0,0.0,0.0,33.0,0.0,0.0,0.0,0.0,0.0,0.0,0.0,0.0,0.0,ID_NORMAL_001,JOINT2_SWEEP_MEDIUM,RUN_01,50.0,0.0,NORMAL,NONE,COLD
508850.887288,45.06,-8.02,111.95,0.24,64.87,-0.1,0.0,0.0,0.0,0.0,0.0,0.0,0.0,0.0,35.0,0.0,0.0,0.0,0.0,0.0,0.0,0.0,0.0,0.0,ID_NORMAL_001,JOINT2_SWEEP_MEDIUM,RUN_01,50.0,0.0,NORMAL,NONE,COLD
508850.887288,45.06,-8.02,111.95,0.24,64.87,-0.1,0.0,0.0,0.0,0.0,0.0,0.0,0.0,0.0,34.0,0.0,0.0,0.0,0.0,0.0,0.0,0.0,0.0,0.0,ID_NORMAL_001,JOINT2_SWEEP_MEDIUM,RUN_01,50.0,0.0,NORMAL,NONE,COLD
508850.9339141,45.06,-8.02,111.95,0.24,64.87,-0.1,0.0,0.0,0.0,0.0,0.0,0.0,0.0,0.0,34.0,0.0,0.0,0.0,0.0,0.0,0.0,0.0,0.0,0.0,ID_NORMAL_001,JOINT2_SWEEP_MEDIUM,RUN_01,50.0,0.0,NORMAL,NONE,COLD
508850.9579219,45.06,-8.02,111.95,0.24,64.87,-0.1,0.0,0.0,0.0,0.0,0.0,0.0,0.0,0.0,34.0,0.0,0.0,0.0,0.0,0.0,0.0,0.0,0.0,0.0,ID_NORMAL_001,JOINT2_SWEEP_MEDIUM,RUN_01,50.0,0.0,NORMAL,NONE,COLD
508851.0150788,45.06,-8.02,111.95,0.24,64.87,-0.1,0.0,0.0,0.0,0.0,0.0,0.0,0.0,0.0,33.0,0.0,0.0,0.0,0.0,0.0,0.0,0.0,0.0,0.0,ID_NORMAL_001,JOINT2_SWEEP_MEDIUM,RUN_01,50.0,0.0,NORMAL,NONE,COLD
508851.0150788,45.06,-8.02,111.95,0.24,64.87,-0.1,0.0,0.0,0.0,0.0,0.0,0.0,0.0,0.0,34.0,0.0,0.0,0.0,0.0,0.0,0.0,0.0,0.0,0.0,ID_NORMAL_001,JOINT2_SWEEP_MEDIUM,RUN_01,50.0,0.0,NORMAL,NONE,COLD
508851.0583163,45.06,-8.02,111.95,0.24,64.87,-0.1,0.0,0.0,0.0,0.0,0.0,0.0,0.0,0.0,33.0,0.0,0.0,0.0,0.0,0.0,0.0,0.0,0.0,0.0,ID_NORMAL_001,JOINT2_SWEEP_MEDIUM,RUN_01,50.0,0.0,NORMAL,NONE,COLD
508851.0583163,45.06,-8.02,111.95,0.24,64.87,-0.1,0.0,0.0,0.0,0.0,0.0,0.0,0.0,0.0,34.0,0.0,0.0,0.0,0.0,0.0,0.0,0.0,0.0,0.0,ID_NORMAL_001,JOINT2_SWEEP_MEDIUM,RUN_01,50.0,0.0,NORMAL,NONE,COLD
508851.1035507,45.06,-8.02,111.95,0.24,64.87,-0.1,0.0,0.0,0.0,0.0,0.0,0.0,0.0,0.0,33.0,0.0,0.0,0.0,0.0,0.0,0.0,0.0,0.0,0.0,ID_NORMAL_001,JOINT2_SWEEP_MEDIUM,RUN_01,50.0,0.0,NORMAL,NONE,COLD
508851.15034,45.06,-8.02,111.95,0.24,64.87,-0.1,0.0,0.0,0.0,0.0,0.0,0.0,0.0,0.0,33.0,0.0,0.0,0.0,0.0,0.0,0.0,0.0,0.0,0.0,ID_NORMAL_001,JOINT2_SWEEP_MEDIUM,RUN_01,50.0,0.0,NORMAL,NONE,COLD
508851.15034,45.06,-8.02,111.95,0.24,64.87,-0.1,0.0,0.0,0.0,0.0,0.0,0.0,0.0,0.0,33.0,0.0,0.0,0.0,0.0,0.0,0.0,0.0,0.0,0.0,ID_NORMAL_001,JOINT2_SWEEP_MEDIUM,RUN_01,50.0,0.0,NORMAL,NONE,COLD
508851.1604465,45.06,-8.02,111.95,0.24,64.87,-0.1,0.0,0.0,0.0,0.0,0.0,0.0,0.0,0.0,33.0,0.0,0.0,0.0,0.0,0.0,0.0,0.0,0.0,0.0,ID_NORMAL_001,JOINT2_SWEEP_MEDIUM,RUN_01,50.0,0.0,NORMAL,NONE,COLD
508851.2130317,45.06,-8.02,111.95,0.24,64.87,-0.1,0.0,0.0,0.0,0.0,0.0,0.0,0.0,0.0,33.0,0.0,0.0,0.0,0.0,0.0,0.0,0.0,0.0,0.0,ID_NORMAL_001,JOINT2_SWEEP_MEDIUM,RUN_01,50.0,0.0,NORMAL,NONE,COLD
508851.2607926,45.06,-8.02,111.95,0.24,64.87,-0.1,0.0,0.0,0.0,0.0,0.0,0.0,0.0,0.0,32.0,0.0,0.0,0.0,0.0,0.0,0.0,0.0,0.0,0.0,ID_NORMAL_001,JOINT2_SWEEP_MEDIUM,RUN_01,50.0,0.0,NORMAL,NONE,COLD
508851.2607926,45.06,-8.02,111.95,0.24,64.87,-0.1,0.0,0.0,0.0,0.0,0.0,0.0,0.0,0.0,32.0,0.0,0.0,0.0,0.0,0.0,0.0,0.0,0.0,0.0,ID_NORMAL_001,JOINT2_SWEEP_MEDIUM,RUN_01,50.0,0.0,NORMAL,NONE,COLD
508851.3100539,45.06,-8.02,111.95,0.24,64.87,-0.1,0.0,0.0,0.0,0.0,0.0,0.0,0.0,0.0,33.0,0.0,0.0,0.0,0.0,0.0,0.0,0.0,0.0,0.0,ID_NORMAL_001,JOINT2_SWEEP_MEDIUM,RUN_01,50.0,0.0,NORMAL,NONE,COLD
508851.3100539,45.06,-8.02,111.95,0.24,64.87,-0.1,0.0,0.0,0.0,0.0,0.0,0.0,0.0,0.0,33.0,0.0,0.0,0.0,0.0,0.0,0.0,0.0,0.0,0.0,ID_NORMAL_001,JOINT2_SWEEP_MEDIUM,RUN_01,50.0,0.0,NORMAL,NONE,COLD
508851.3562496,45.06,-8.02,111.95,0.24,64.87,-0.1,0.0,0.0,0.0,0.0,0.0,0.0,0.0,0.0,33.0,0.0,0.0,0.0,0.0,0.0,0.0,0.0,0.0,0.0,ID_NORMAL_001,JOINT2_SWEEP_MEDIUM,RUN_01,50.0,0.0,NORMAL,NONE,COLD
508851.3562496,45.06,-8.02,111.95,0.24,64.87,-0.1,0.0,0.0,0.0,0.0,0.0,0.0,0.0,0.0,33.0,0.0,0.0,0.0,0.0,0.0,0.0,0.0,0.0,0.0,ID_NORMAL_001,JOINT2_SWEEP_MEDIUM,RUN_01,50.0,0.0,NORMAL,NONE,COLD
508851.3785684,45.06,-8.02,111.95,0.24,64.87,-0.1,0.0,0.0,0.0,0.0,0.0,0.0,0.0,0.0,33.0,0.0,0.0,0.0,0.0,0.0,0.0,0.0,0.0,0.0,ID_NORMAL_001,JOINT2_SWEEP_MEDIUM,RUN_01,50.0,0.0,NORMAL,NONE,COLD
508851.4191488,45.06,-8.02,111.95,0.24,64.87,-0.1,0.0,0.0,0.0,0.0,0.0,0.0,0.0,0.0,33.0,0.0,0.0,0.0,0.0,0.0,0.0,0.0,0.0,0.0,ID_NORMAL_001,JOINT2_SWEEP_MEDIUM,RUN_01,50.0,0.0,NORMAL,NONE,COLD
508851.4606509,45.06,-8.02,111.95,0.24,64.87,-0.1,0.0,0.0,0.0,0.0,0.0,0.0,0.0,0.0,33.0,0.0,0.0,0.0,0.0,0.0,0.0,0.0,0.0,0.0,ID_NORMAL_001,JOINT2_SWEEP_MEDIUM,RUN_01,50.0,0.0,NORMAL,NONE,COLD
508851.4612734,45.06,-8.02,111.95,0.24,64.87,-0.1,0.0,0.0,0.0,0.0,0.0,0.0,0.0,0.0,34.0,0.0,0.0,0.0,0.0,0.0,0.0,0.0,0.0,0.0,ID_NORMAL_001,JOINT2_SWEEP_MEDIUM,RUN_01,50.0,0.0,NORMAL,NONE,COLD
508851.5130067,45.06,-8.02,111.95,0.24,64.87,-0.1,0.0,0.0,0.0,0.0,0.0,0.0,0.0,0.0,33.0,0.0,0.0,0.0,0.0,0.0,0.0,0.0,0.0,0.0,ID_NORMAL_001,JOINT2_SWEEP_MEDIUM,RUN_01,50.0,0.0,NORMAL,NONE,COLD
508851.5597392,45.06,-8.02,111.95,0.24,64.87,-0.1,0.0,0.0,0.0,0.0,0.0,0.0,0.0,0.0,33.0,0.0,0.0,0.0,0.0,0.0,0.0,0.0,0.0,0.0,ID_NORMAL_001,JOINT2_SWEEP_MEDIUM,RUN_01,50.0,0.0,NORMAL,NONE,COLD
508851.5597392,45.06,-8.02,111.95,0.24,64.87,-0.1,0.0,0.0,0.0,0.0,0.0,0.0,0.0,0.0,33.0,0.0,0.0,0.0,0.0,0.0,0.0,0.0,0.0,0.0,ID_NORMAL_001,JOINT2_SWEEP_MEDIUM,RUN_01,50.0,0.0,NORMAL,NONE,COLD
508851.6115382,45.06,-8.02,111.95,0.24,64.87,-0.1,0.0,0.0,0.0,0.0,0.0,0.0,0.0,0.0,34.0,0.0,0.0,0.0,0.0,0.0,0.0,0.0,0.0,0.0,ID_NORMAL_001,JOINT2_SWEEP_MEDIUM,RUN_01,50.0,0.0,NORMAL,NONE,COLD
508851.6115382,45.06,-8.02,111.95,0.24,64.87,-0.1,0.0,0.0,0.0,0.0,0.0,0.0,0.0,0.0,34.0,0.0,0.0,0.0,0.0,0.0,0.0,0.0,0.0,0.0,ID_NORMAL_001,JOINT2_SWEEP_MEDIUM,RUN_01,50.0,0.0,NORMAL,NONE,COLD
508851.6561621,45.06,-8.02,111.95,0.24,64.87,-0.1,0.0,0.0,0.0,0.0,0.0,0.0,0.0,0.0,33.0,0.0,0.0,0.0,0.0,0.0,0.0,0.0,0.0,0.0,ID_NORMAL_001,JOINT2_SWEEP_MEDIUM,RUN_01,50.0,0.0,NORMAL,NONE,COLD
508851.6561621,45.06,-8.02,111.95,0.24,64.87,-0.1,0.0,0.0,0.0,0.0,0.0,0.0,0.0,0.0,34.0,0.0,0.0,0.0,0.0,0.0,0.0,0.0,0.0,0.0,ID_NORMAL_001,JOINT2_SWEEP_MEDIUM,RUN_01,50.0,0.0,NORMAL,NONE,COLD
508851.7002648,45.06,-8.02,111.95,0.24,64.87,-0.1,0.0,0.0,0.0,0.0,0.0,0.0,0.0,0.0,33.0,0.0,0.0,0.0,0.0,0.0,0.0,0.0,0.0,0.0,ID_NORMAL_001,JOINT2_SWEEP_MEDIUM,RUN_01,50.0,0.0,NORMAL,NONE,COLD
508851.7485541,45.06,-8.02,111.95,0.24,64.87,-0.1,0.0,0.0,0.0,0.0,0.0,0.0,0.0,0.0,34.0,0.0,0.0,0.0,0.0,0.0,0.0,0.0,0.0,0.0,ID_NORMAL_001,JOINT2_SWEEP_MEDIUM,RUN_01,50.0,0.0,NORMAL,NONE,COLD
508851.7485541,45.06,-8.02,111.95,0.24,64.87,-0.1,0.0,0.0,0.0,0.0,0.0,0.0,0.0,0.0,35.0,0.0,0.0,0.0,0.0,0.0,0.0,0.0,0.0,0.0,ID_NORMAL_001,JOINT2_SWEEP_MEDIUM,RUN_01,50.0,0.0,NORMAL,NONE,COLD
508851.770394,45.06,-8.02,111.95,0.24,64.87,-0.1,0.0,0.0,0.0,0.0,0.0,0.0,0.0,0.0,34.0,0.0,0.0,0.0,0.0,0.0,0.0,0.0,0.0,0.0,ID_NORMAL_001,JOINT2_SWEEP_MEDIUM,RUN_01,50.0,0.0,NORMAL,NONE,COLD
508851.8159314,45.06,-8.02,111.95,0.24,64.87,-0.1,0.0,0.0,0.0,0.0,0.0,0.0,0.0,0.0,33.0,0.0,0.0,0.0,0.0,0.0,0.0,0.0,0.0,0.0,ID_NORMAL_001,JOINT2_SWEEP_MEDIUM,RUN_01,50.0,0.0,NORMAL,NONE,COLD
508851.8581293,45.06,-8.02,111.95,0.24,64.87,-0.1,0.0,0.0,0.0,0.0,0.0,0.0,0.0,0.0,35.0,0.0,0.0,0.0,0.0,0.0,0.0,0.0,0.0,0.0,ID_NORMAL_001,JOINT2_SWEEP_MEDIUM,RUN_01,50.0,0.0,NORMAL,NONE,COLD
508851.8581293,45.06,-8.02,111.95,0.24,64.87,-0.1,0.0,0.0,0.0,0.0,0.0,0.0,0.0,0.0,33.0,0.0,0.0,0.0,0.0,0.0,0.0,0.0,0.0,0.0,ID_NORMAL_001,JOINT2_SWEEP_MEDIUM,RUN_01,50.0,0.0,NORMAL,NONE,COLD
508851.9044764,45.06,-8.02,111.95,0.24,64.87,-0.1,0.0,0.0,0.0,0.0,0.0,0.0,0.0,0.0,32.0,0.0,0.0,0.0,0.0,0.0,0.0,0.0,0.0,0.0,ID_NORMAL_001,JOINT2_SWEEP_MEDIUM,RUN_01,50.0,0.0,NORMAL,NONE,COLD
508851.9044764,45.06,-8.02,111.95,0.24,64.87,-0.1,0.0,0.0,0.0,0.0,0.0,0.0,0.0,0.0,32.0,0.0,0.0,0.0,0.0,0.0,0.0,0.0,0.0,0.0,ID_NORMAL_001,JOINT2_SWEEP_MEDIUM,RUN_01,50.0,0.0,NORMAL,NONE,COLD
508851.9496628,45.06,-8.02,111.95,0.24,64.87,-0.1,0.0,0.0,0.0,0.0,0.0,0.0,0.0,0.0,35.0,0.0,0.0,0.0,0.0,0.0,0.0,0.0,0.0,0.0,ID_NORMAL_001,JOINT2_SWEEP_MEDIUM,RUN_01,50.0,0.0,NORMAL,NONE,COLD
508851.9738659,45.06,-8.02,111.95,0.24,64.87,-0.1,0.0,0.0,0.0,0.0,0.0,0.0,0.0,0.0,34.0,0.0,0.0,0.0,0.0,0.0,0.0,0.0,0.0,0.0,ID_NORMAL_001,JOINT2_SWEEP_MEDIUM,RUN_01,50.0,0.0,NORMAL,NONE,COLD
508852.0085914,45.06,-8.02,111.95,0.24,64.87,-0.1,0.0,0.0,0.0,0.0,0.0,0.0,0.0,0.0,33.0,0.0,0.0,0.0,0.0,0.0,0.0,0.0,0.0,0.0,ID_NORMAL_001,JOINT2_SWEEP_MEDIUM,RUN_01,50.0,0.0,NORMAL,NONE,COLD
508852.0085914,45.06,-8.02,111.95,0.24,64.87,-0.1,0.0,0.0,0.0,0.0,0.0,0.0,0.0,0.0,33.0,0.0,0.0,0.0,0.0,0.0,0.0,0.0,0.0,0.0,ID_NORMAL_001,JOINT2_SWEEP_MEDIUM,RUN_01,50.0,0.0,NORMAL,NONE,COLD
508852.0645231,45.06,-8.02,111.95,0.24,64.87,-0.1,0.0,0.0,0.0,0.0,0.0,0.0,0.0,0.0,33.0,0.0,0.0,0.0,0.0,0.0,0.0,0.0,0.0,0.0,ID_NORMAL_001,JOINT2_SWEEP_MEDIUM,RUN_01,50.0,0.0,NORMAL,NONE,COLD
508852.1061585,45.06,-8.02,111.95,0.24,64.87,-0.1,0.0,0.0,0.0,0.0,0.0,0.0,0.0,0.0,33.0,0.0,0.0,0.0,0.0,0.0,0.0,0.0,0.0,0.0,ID_NORMAL_001,JOINT2_SWEEP_MEDIUM,RUN_01,50.0,0.0,NORMAL,NONE,COLD
508852.1061585,45.06,-8.02,111.95,0.24,64.87,-0.1,0.0,0.0,0.0,0.0,0.0,0.0,0.0,0.0,33.0,0.0,0.0,0.0,0.0,0.0,0.0,0.0,0.0,0.0,ID_NORMAL_001,JOINT2_SWEEP_MEDIUM,RUN_01,50.0,0.0,NORMAL,NONE,COLD
508852.1532136,45.06,-8.02,111.95,0.24,64.87,-0.1,0.0,0.0,0.0,0.0,0.0,0.0,0.0,0.0,34.0,0.0,0.0,0.0,0.0,0.0,0.0,0.0,0.0,0.0,ID_NORMAL_001,JOINT2_SWEEP_MEDIUM,RUN_01,50.0,0.0,NORMAL,NONE,COLD
508852.1532136,45.06,-8.02,111.95,0.24,64.87,-0.1,0.0,0.0,0.0,0.0,0.0,0.0,0.0,0.0,33.0,0.0,0.0,0.0,0.0,0.0,0.0,0.0,0.0,0.0,ID_NORMAL_001,JOINT2_SWEEP_MEDIUM,RUN_01,50.0,0.0,NORMAL,NONE,COLD
508852.1767288,45.06,-8.02,111.95,0.24,64.87,-0.1,0.0,0.0,0.0,0.0,0.0,0.0,0.0,0.0,33.0,0.0,0.0,0.0,0.0,0.0,0.0,0.0,0.0,0.0,ID_NORMAL_001,JOINT2_SWEEP_MEDIUM,RUN_01,50.0,0.0,NORMAL,NONE,COLD
508852.2301794,45.06,-8.02,111.95,0.24,64.87,-0.1,0.0,0.0,0.0,0.0,0.0,0.0,0.0,0.0,33.0,0.0,0.0,0.0,0.0,0.0,0.0,0.0,0.0,0.0,ID_NORMAL_001,JOINT2_SWEEP_MEDIUM,RUN_01,50.0,0.0,NORMAL,NONE,COLD
508852.2301794,45.06,-8.02,111.95,0.24,64.87,-0.1,0.0,0.0,0.0,0.0,0.0,0.0,0.0,0.0,34.0,0.0,0.0,0.0,0.0,0.0,0.0,0.0,0.0,0.0,ID_NORMAL_001,JOINT2_SWEEP_MEDIUM,RUN_01,50.0,0.0,NORMAL,NONE,COLD
508852.2785474,45.06,-8.02,111.95,0.24,64.87,-0.1,0.0,0.0,0.0,0.0,0.0,0.0,0.0,0.0,34.0,0.0,0.0,0.0,0.0,0.0,0.0,0.0,0.0,0.0,ID_NORMAL_001,JOINT2_SWEEP_MEDIUM,RUN_01,50.0,0.0,NORMAL,NONE,COLD
508852.3271008,45.06,-8.02,111.95,0.24,64.87,-0.1,0.0,0.0,0.0,0.0,0.0,0.0,0.0,0.0,34.0,0.0,0.0,0.0,0.0,0.0,0.0,0.0,0.0,0.0,ID_NORMAL_001,JOINT2_SWEEP_MEDIUM,RUN_01,50.0,0.0,NORMAL,NONE,COLD
508852.3271008,45.06,-8.02,111.95,0.24,64.87,-0.1,0.0,0.0,0.0,0.0,0.0,0.0,0.0,0.0,34.0,0.0,0.0,0.0,0.0,0.0,0.0,0.0,0.0,0.0,ID_NORMAL_001,JOINT2_SWEEP_MEDIUM,RUN_01,50.0,0.0,NORMAL,NONE,COLD
508852.3723021,45.06,-8.02,111.95,0.24,64.87,-0.1,0.0,0.0,0.0,0.0,0.0,0.0,0.0,0.0,33.0,0.0,0.0,0.0,0.0,0.0,0.0,0.0,0.0,0.0,ID_NORMAL_001,JOINT2_SWEEP_MEDIUM,RUN_01,50.0,0.0,NORMAL,NONE,COLD
508852.3723021,45.06,-8.02,111.95,0.24,64.87,-0.1,0.0,0.0,0.0,0.0,0.0,0.0,0.0,0.0,32.0,0.0,0.0,0.0,0.0,0.0,0.0,0.0,0.0,0.0,ID_NORMAL_001,JOINT2_SWEEP_MEDIUM,RUN_01,50.0,0.0,NORMAL,NONE,COLD
508852.3890899,45.06,-8.02,111.95,0.24,64.87,-0.1,0.0,0.0,0.0,0.0,0.0,0.0,0.0,0.0,33.0,0.0,0.0,0.0,0.0,0.0,0.0,0.0,0.0,0.0,ID_NORMAL_001,JOINT2_SWEEP_MEDIUM,RUN_01,50.0,0.0,NORMAL,NONE,COLD
508852.4349105,45.06,-8.02,111.95,0.24,64.87,-0.1,0.0,0.0,0.0,0.0,0.0,0.0,0.0,0.0,34.0,0.0,0.0,0.0,0.0,0.0,0.0,0.0,0.0,0.0,ID_NORMAL_001,JOINT2_SWEEP_MEDIUM,RUN_01,50.0,0.0,NORMAL,NONE,COLD
508852.4920723,45.06,-8.02,111.95,0.24,64.87,-0.1,0.0,0.0,0.0,0.0,0.0,0.0,0.0,0.0,35.0,0.0,0.0,0.0,0.0,0.0,0.0,0.0,0.0,0.0,ID_NORMAL_001,JOINT2_SWEEP_MEDIUM,RUN_01,50.0,0.0,NORMAL,NONE,COLD
508852.4920723,45.06,-8.02,111.95,0.24,64.87,-0.1,0.0,0.0,0.0,0.0,0.0,0.0,0.0,0.0,34.0,0.0,0.0,0.0,0.0,0.0,0.0,0.0,0.0,0.0,ID_NORMAL_001,JOINT2_SWEEP_MEDIUM,RUN_01,50.0,0.0,NORMAL,NONE,COLD
508852.5265268,45.06,-8.02,111.95,0.24,64.87,-0.1,0.0,0.0,0.0,0.0,0.0,0.0,0.0,0.0,33.0,0.0,0.0,0.0,0.0,0.0,0.0,0.0,0.0,0.0,ID_NORMAL_001,JOINT2_SWEEP_MEDIUM,RUN_01,50.0,0.0,NORMAL,NONE,COLD
508852.5289336,45.06,-8.02,111.95,0.24,64.87,-0.1,0.0,0.0,0.0,0.0,0.0,0.0,0.0,0.0,33.0,0.0,0.0,0.0,0.0,0.0,0.0,0.0,0.0,0.0,ID_NORMAL_001,JOINT2_SWEEP_MEDIUM,RUN_01,50.0,0.0,NORMAL,NONE,COLD
508852.5730047,45.06,-8.02,111.95,0.24,64.87,-0.1,0.0,0.0,0.0,0.0,0.0,0.0,0.0,0.0,32.0,0.0,0.0,0.0,0.0,0.0,0.0,0.0,0.0,0.0,ID_NORMAL_001,JOINT2_SWEEP_MEDIUM,RUN_01,50.0,0.0,NORMAL,NONE,COLD
508852.58236,45.06,-8.02,111.95,0.24,64.87,-0.1,0.0,0.0,0.0,0.0,0.0,0.0,0.0,0.0,33.0,0.0,0.0,0.0,0.0,0.0,0.0,0.0,0.0,0.0,ID_NORMAL_001,JOINT2_SWEEP_MEDIUM,RUN_01,50.0,0.0,NORMAL,NONE,COLD
508852.6354077,45.06,-8.02,111.95,0.24,64.87,-0.1,0.0,0.0,0.0,0.0,0.0,0.0,0.0,0.0,33.0,0.0,0.0,0.0,0.0,0.0,0.0,0.0,0.0,0.0,ID_NORMAL_001,JOINT2_SWEEP_MEDIUM,RUN_01,50.0,0.0,NORMAL,NONE,COLD
508852.6928929,45.06,-8.02,111.95,0.24,64.87,-0.1,0.0,0.0,0.0,0.0,0.0,0.0,0.0,0.0,33.0,0.0,0.0,0.0,0.0,0.0,0.0,0.0,0.0,0.0,ID_NORMAL_001,JOINT2_SWEEP_MEDIUM,RUN_01,50.0,0.0,NORMAL,NONE,COLD
508852.6928929,45.06,-8.02,111.95,0.24,64.87,-0.1,0.0,0.0,0.0,0.0,0.0,0.0,0.0,0.0,33.0,0.0,0.0,0.0,0.0,0.0,0.0,0.0,0.0,0.0,ID_NORMAL_001,JOINT2_SWEEP_MEDIUM,RUN_01,50.0,0.0,NORMAL,NONE,COLD
508852.730473,45.06,-8.02,111.95,0.24,64.87,-0.1,0.0,0.0,0.0,0.0,0.0,0.0,0.0,0.0,34.0,0.0,0.0,0.0,0.0,0.0,0.0,0.0,0.0,0.0,ID_NORMAL_001,JOINT2_SWEEP_MEDIUM,RUN_01,50.0,0.0,NORMAL,NONE,COLD
508852.730473,45.06,-8.02,111.95,0.24,64.87,-0.1,0.0,0.0,0.0,0.0,0.0,0.0,0.0,0.0,35.0,0.0,0.0,0.0,0.0,0.0,0.0,0.0,0.0,0.0,ID_NORMAL_001,JOINT2_SWEEP_MEDIUM,RUN_01,50.0,0.0,NORMAL,NONE,COLD
508852.7787051,45.06,-8.02,111.95,0.24,64.87,-0.1,0.0,0.0,0.0,0.0,0.0,0.0,0.0,0.0,33.0,0.0,0.0,0.0,0.0,0.0,0.0,0.0,0.0,0.0,ID_NORMAL_001,JOINT2_SWEEP_MEDIUM,RUN_01,50.0,0.0,NORMAL,NONE,COLD
508852.7787051,45.06,-8.02,111.95,0.24,64.87,-0.1,0.0,0.0,0.0,0.0,0.0,0.0,0.0,0.0,34.0,0.0,0.0,0.0,0.0,0.0,0.0,0.0,0.0,0.0,ID_NORMAL_001,JOINT2_SWEEP_MEDIUM,RUN_01,50.0,0.0,NORMAL,NONE,COLD
508852.8004717,45.06,-8.02,111.95,0.24,64.87,-0.1,0.0,0.0,0.0,0.0,0.0,0.0,0.0,0.0,33.0,0.0,0.0,0.0,0.0,0.0,0.0,0.0,0.0,0.0,ID_NORMAL_001,JOINT2_SWEEP_MEDIUM,RUN_01,50.0,0.0,NORMAL,NONE,COLD
508852.8555858,45.06,-8.02,111.95,0.24,64.87,-0.1,0.0,0.0,0.0,0.0,0.0,0.0,0.0,0.0,33.0,0.0,0.0,0.0,0.0,0.0,0.0,0.0,0.0,0.0,ID_NORMAL_001,JOINT2_SWEEP_MEDIUM,RUN_01,50.0,0.0,NORMAL,NONE,COLD
508852.8555858,45.06,-8.02,111.95,0.24,64.87,-0.1,0.0,0.0,0.0,0.0,0.0,0.0,0.0,0.0,34.0,0.0,0.0,0.0,0.0,0.0,0.0,0.0,0.0,0.0,ID_NORMAL_001,JOINT2_SWEEP_MEDIUM,RUN_01,50.0,0.0,NORMAL,NONE,COLD
508852.9043237,45.06,-8.02,111.95,0.24,64.87,-0.1,0.0,0.0,0.0,0.0,0.0,0.0,0.0,0.0,33.0,0.0,0.0,0.0,0.0,0.0,0.0,0.0,0.0,0.0,ID_NORMAL_001,JOINT2_SWEEP_MEDIUM,RUN_01,50.0,0.0,NORMAL,NONE,COLD
508852.9492852,45.06,-8.02,111.95,0.24,64.87,-0.1,0.0,0.0,0.0,0.0,0.0,0.0,0.0,0.0,33.0,0.0,0.0,0.0,0.0,0.0,0.0,0.0,0.0,0.0,ID_NORMAL_001,JOINT2_SWEEP_MEDIUM,RUN_01,50.0,0.0,NORMAL,NONE,COLD
508852.9492852,45.06,-8.02,111.95,0.24,64.87,-0.1,0.0,0.0,0.0,0.0,0.0,0.0,0.0,0.0,33.0,0.0,0.0,0.0,0.0,0.0,0.0,0.0,0.0,0.0,ID_NORMAL_001,JOINT2_SWEEP_MEDIUM,RUN_01,50.0,0.0,NORMAL,NONE,COLD
508852.9815311,45.06,-8.02,111.95,0.24,64.87,-0.1,0.0,0.0,0.0,0.0,0.0,0.0,0.0,0.0,33.0,0.0,0.0,0.0,0.0,0.0,0.0,0.0,0.0,0.0,ID_NORMAL_001,JOINT2_SWEEP_MEDIUM,RUN_01,50.0,0.0,NORMAL,NONE,COLD
508853.027108,45.06,-8.02,111.95,0.24,64.87,-0.1,0.0,0.0,0.0,0.0,0.0,0.0,0.0,0.0,34.0,0.0,0.0,0.0,0.0,0.0,0.0,0.0,0.0,0.0,ID_NORMAL_001,JOINT2_SWEEP_MEDIUM,RUN_01,50.0,0.0,NORMAL,NONE,COLD
508853.027108,45.06,-8.02,111.95,0.24,64.87,-0.1,0.0,0.0,0.0,0.0,0.0,0.0,0.0,0.0,32.0,0.0,0.0,0.0,0.0,0.0,0.0,0.0,0.0,0.0,ID_NORMAL_001,JOINT2_SWEEP_MEDIUM,RUN_01,50.0,0.0,NORMAL,NONE,COLD
508853.0735785,45.06,-8.02,111.95,0.24,64.87,-0.1,0.0,0.0,0.0,0.0,0.0,0.0,0.0,0.0,34.0,0.0,0.0,0.0,0.0,0.0,0.0,0.0,0.0,0.0,ID_NORMAL_001,JOINT2_SWEEP_MEDIUM,RUN_01,50.0,0.0,NORMAL,NONE,COLD
508853.0735785,45.06,-8.02,111.95,0.24,64.87,-0.1,0.0,0.0,0.0,0.0,0.0,0.0,0.0,0.0,33.0,0.0,0.0,0.0,0.0,0.0,0.0,0.0,0.0,0.0,ID_NORMAL_001,JOINT2_SWEEP_MEDIUM,RUN_01,50.0,0.0,NORMAL,NONE,COLD
508853.1230394,45.06,-8.02,111.95,0.24,64.87,-0.1,0.0,0.0,0.0,0.0,0.0,0.0,0.0,0.0,34.0,0.0,0.0,0.0,0.0,0.0,0.0,0.0,0.0,0.0,ID_NORMAL_001,JOINT2_SWEEP_MEDIUM,RUN_01,50.0,0.0,NORMAL,NONE,COLD
508853.1744567,45.06,-8.02,111.95,0.24,64.87,-0.1,0.0,0.0,0.0,0.0,0.0,0.0,0.0,0.0,34.0,0.0,0.0,0.0,0.0,0.0,0.0,0.0,0.0,0.0,ID_NORMAL_001,JOINT2_SWEEP_MEDIUM,RUN_01,50.0,0.0,NORMAL,NONE,COLD
508853.1744567,45.06,-8.02,111.95,0.24,64.87,-0.1,0.0,0.0,0.0,0.0,0.0,0.0,0.0,0.0,33.0,0.0,0.0,0.0,0.0,0.0,0.0,0.0,0.0,0.0,ID_NORMAL_001,JOINT2_SWEEP_MEDIUM,RUN_01,50.0,0.0,NORMAL,NONE,COLD
508853.1875526,45.06,-8.02,111.95,0.24,64.87,-0.1,0.0,0.0,0.0,0.0,0.0,0.0,0.0,0.0,33.0,0.0,0.0,0.0,0.0,0.0,0.0,0.0,0.0,0.0,ID_NORMAL_001,JOINT2_SWEEP_MEDIUM,RUN_01,50.0,0.0,NORMAL,NONE,COLD
508853.2333758,45.06,-8.02,111.95,0.24,64.87,-0.1,0.0,0.0,0.0,0.0,0.0,0.0,0.0,0.0,34.0,0.0,0.0,0.0,0.0,0.0,0.0,0.0,0.0,0.0,ID_NORMAL_001,JOINT2_SWEEP_MEDIUM,RUN_01,50.0,0.0,NORMAL,NONE,COLD
508853.2834576,45.06,-8.02,111.95,0.24,64.87,-0.1,0.0,0.0,0.0,0.0,0.0,0.0,0.0,0.0,33.0,0.0,0.0,0.0,0.0,0.0,0.0,0.0,0.0,0.0,ID_NORMAL_001,JOINT2_SWEEP_MEDIUM,RUN_01,50.0,0.0,NORMAL,NONE,COLD
508853.2834576,45.06,-8.02,111.95,0.24,64.87,-0.1,0.0,0.0,0.0,0.0,0.0,0.0,0.0,0.0,33.0,0.0,0.0,0.0,0.0,0.0,0.0,0.0,0.0,0.0,ID_NORMAL_001,JOINT2_SWEEP_MEDIUM,RUN_01,50.0,0.0,NORMAL,NONE,COLD
508853.3260898,45.06,-8.02,111.95,0.24,64.87,-0.1,0.0,0.0,0.0,0.0,0.0,0.0,0.0,0.0,34.0,0.0,0.0,0.0,0.0,0.0,0.0,0.0,0.0,0.0,ID_NORMAL_001,JOINT2_SWEEP_MEDIUM,RUN_01,50.0,0.0,NORMAL,NONE,COLD
508853.3260898,45.06,-8.02,111.95,0.24,64.87,-0.1,0.0,0.0,0.0,0.0,0.0,0.0,0.0,0.0,35.0,0.0,0.0,0.0,0.0,0.0,0.0,0.0,0.0,0.0,ID_NORMAL_001,JOINT2_SWEEP_MEDIUM,RUN_01,50.0,0.0,NORMAL,NONE,COLD
508853.3764282,45.06,-8.02,111.95,0.24,64.87,-0.1,0.0,0.0,0.0,0.0,0.0,0.0,0.0,0.0,31.0,0.0,0.0,0.0,0.0,0.0,0.0,0.0,0.0,0.0,ID_NORMAL_001,JOINT2_SWEEP_MEDIUM,RUN_01,50.0,0.0,NORMAL,NONE,COLD
508853.3850017,45.06,-8.02,111.95,0.24,64.87,-0.1,0.0,0.0,0.0,0.0,0.0,0.0,0.0,0.0,33.0,0.0,0.0,0.0,0.0,0.0,0.0,0.0,0.0,0.0,ID_NORMAL_001,JOINT2_SWEEP_MEDIUM,RUN_01,50.0,0.0,NORMAL,NONE,COLD
508853.4336927,45.06,-8.02,111.95,0.24,64.87,-0.1,0.0,0.0,0.0,0.0,0.0,0.0,0.0,0.0,33.0,0.0,0.0,0.0,0.0,0.0,0.0,0.0,0.0,0.0,ID_NORMAL_001,JOINT2_SWEEP_MEDIUM,RUN_01,50.0,0.0,NORMAL,NONE,COLD
508853.4336927,45.06,-8.02,111.95,0.24,64.87,-0.1,0.0,0.0,0.0,0.0,0.0,0.0,0.0,0.0,35.0,0.0,0.0,0.0,0.0,0.0,0.0,0.0,0.0,0.0,ID_NORMAL_001,JOINT2_SWEEP_MEDIUM,RUN_01,50.0,0.0,NORMAL,NONE,COLD
508853.4801602,45.06,-8.02,111.95,0.24,64.87,-0.1,0.0,0.0,0.0,0.0,0.0,0.0,0.0,0.0,34.0,0.0,0.0,0.0,0.0,0.0,0.0,0.0,0.0,0.0,ID_NORMAL_001,JOINT2_SWEEP_MEDIUM,RUN_01,50.0,0.0,NORMAL,NONE,COLD
508853.5266359,45.06,-8.02,111.95,0.24,64.87,-0.1,0.0,0.0,0.0,0.0,0.0,0.0,0.0,0.0,34.0,0.0,0.0,0.0,0.0,0.0,0.0,0.0,0.0,0.0,ID_NORMAL_001,JOINT2_SWEEP_MEDIUM,RUN_01,50.0,0.0,NORMAL,NONE,COLD
508853.5266359,45.06,-8.02,111.95,0.24,64.87,-0.1,0.0,0.0,0.0,0.0,0.0,0.0,0.0,0.0,33.0,0.0,0.0,0.0,0.0,0.0,0.0,0.0,0.0,0.0,ID_NORMAL_001,JOINT2_SWEEP_MEDIUM,RUN_01,50.0,0.0,NORMAL,NONE,COLD
508853.5749458,45.06,-8.02,111.95,0.24,64.87,-0.1,0.0,0.0,0.0,0.0,0.0,0.0,0.0,0.0,33.0,0.0,0.0,0.0,0.0,0.0,0.0,0.0,0.0,0.0,ID_NORMAL_001,JOINT2_SWEEP_MEDIUM,RUN_01,50.0,0.0,NORMAL,NONE,COLD
508853.5749458,45.06,-8.02,111.95,0.24,64.87,-0.1,0.0,0.0,0.0,0.0,0.0,0.0,0.0,0.0,34.0,0.0,0.0,0.0,0.0,0.0,0.0,0.0,0.0,0.0,ID_NORMAL_001,JOINT2_SWEEP_MEDIUM,RUN_01,50.0,0.0,NORMAL,NONE,COLD
508853.5916783,45.06,-8.02,111.95,0.24,64.87,-0.1,0.0,0.0,0.0,0.0,0.0,0.0,0.0,0.0,34.0,0.0,0.0,0.0,0.0,0.0,0.0,0.0,0.0,0.0,ID_NORMAL_001,JOINT2_SWEEP_MEDIUM,RUN_01,50.0,0.0,NORMAL,NONE,COLD
508853.6374922,45.06,-8.02,111.95,0.24,64.87,-0.1,0.0,0.0,0.0,0.0,0.0,0.0,0.0,0.0,33.0,0.0,0.0,0.0,0.0,0.0,0.0,0.0,0.0,0.0,ID_NORMAL_001,JOINT2_SWEEP_MEDIUM,RUN_01,50.0,0.0,NORMAL,NONE,COLD
508853.6848094,45.06,-8.02,111.95,0.24,64.87,-0.1,0.0,0.0,0.0,0.0,0.0,0.0,0.0,0.0,35.0,0.0,0.0,0.0,0.0,0.0,0.0,0.0,0.0,0.0,ID_NORMAL_001,JOINT2_SWEEP_MEDIUM,RUN_01,50.0,0.0,NORMAL,NONE,COLD
508853.6848094,45.06,-8.02,111.95,0.24,64.87,-0.1,0.0,0.0,0.0,0.0,0.0,0.0,0.0,0.0,34.0,0.0,0.0,0.0,0.0,0.0,0.0,0.0,0.0,0.0,ID_NORMAL_001,JOINT2_SWEEP_MEDIUM,RUN_01,50.0,0.0,NORMAL,NONE,COLD
508853.7416372,45.06,-8.02,111.95,0.24,64.87,-0.1,0.0,0.0,0.0,0.0,0.0,0.0,0.0,0.0,33.0,0.0,0.0,0.0,0.0,0.0,0.0,0.0,0.0,0.0,ID_NORMAL_001,JOINT2_SWEEP_MEDIUM,RUN_01,50.0,0.0,NORMAL,NONE,COLD
508853.7416372,45.06,-8.02,111.95,0.24,64.87,-0.1,0.0,0.0,0.0,0.0,0.0,0.0,0.0,0.0,33.0,0.0,0.0,0.0,0.0,0.0,0.0,0.0,0.0,0.0,ID_NORMAL_001,JOINT2_SWEEP_MEDIUM,RUN_01,50.0,0.0,NORMAL,NONE,COLD
508853.7780217,45.06,-8.02,111.95,0.24,64.87,-0.1,0.0,0.0,0.0,0.0,0.0,0.0,0.0,0.0,35.0,0.0,0.0,0.0,0.0,0.0,0.0,0.0,0.0,0.0,ID_NORMAL_001,JOINT2_SWEEP_MEDIUM,RUN_01,50.0,0.0,NORMAL,NONE,COLD
508853.7964278,45.06,-8.02,111.95,0.24,64.87,-0.1,0.0,0.0,0.0,0.0,0.0,0.0,0.0,0.0,34.0,0.0,0.0,0.0,0.0,0.0,0.0,0.0,0.0,0.0,ID_NORMAL_001,JOINT2_SWEEP_MEDIUM,RUN_01,50.0,0.0,NORMAL,NONE,COLD
508853.8392985,45.06,-8.02,111.95,0.24,64.87,-0.1,0.0,0.0,0.0,0.0,0.0,0.0,0.0,0.0,32.0,0.0,0.0,0.0,0.0,0.0,0.0,0.0,0.0,0.0,ID_NORMAL_001,JOINT2_SWEEP_MEDIUM,RUN_01,50.0,0.0,NORMAL,NONE,COLD
508853.8392985,45.06,-8.02,111.95,0.24,64.87,-0.1,0.0,0.0,0.0,0.0,0.0,0.0,0.0,0.0,33.0,0.0,0.0,0.0,0.0,0.0,0.0,0.0,0.0,0.0,ID_NORMAL_001,JOINT2_SWEEP_MEDIUM,RUN_01,50.0,0.0,NORMAL,NONE,COLD
508853.8894224,45.06,-8.02,111.95,0.24,64.87,-0.1,0.0,0.0,0.0,0.0,0.0,0.0,0.0,0.0,33.0,0.0,0.0,0.0,0.0,0.0,0.0,0.0,0.0,0.0,ID_NORMAL_001,JOINT2_SWEEP_MEDIUM,RUN_01,50.0,0.0,NORMAL,NONE,COLD
508853.9336911,45.06,-8.02,111.95,0.24,64.87,-0.1,0.0,0.0,0.0,0.0,0.0,0.0,0.0,0.0,33.0,0.0,0.0,0.0,0.0,0.0,0.0,0.0,0.0,0.0,ID_NORMAL_001,JOINT2_SWEEP_MEDIUM,RUN_01,50.0,0.0,NORMAL,NONE,COLD
508853.9336911,45.06,-8.02,111.95,0.24,64.87,-0.1,0.0,0.0,0.0,0.0,0.0,0.0,0.0,0.0,32.0,0.0,0.0,0.0,0.0,0.0,0.0,0.0,0.0,0.0,ID_NORMAL_001,JOINT2_SWEEP_MEDIUM,RUN_01,50.0,0.0,NORMAL,NONE,COLD
508853.9815907,45.06,-8.02,111.95,0.24,64.87,-0.1,0.0,0.0,0.0,0.0,0.0,0.0,0.0,0.0,33.0,0.0,0.0,0.0,0.0,0.0,0.0,0.0,0.0,0.0,ID_NORMAL_001,JOINT2_SWEEP_MEDIUM,RUN_01,50.0,0.0,NORMAL,NONE,COLD
508853.9815907,45.06,-8.02,111.95,0.24,64.87,-0.1,0.0,0.0,0.0,0.0,0.0,0.0,0.0,0.0,34.0,0.0,0.0,0.0,0.0,0.0,0.0,0.0,0.0,0.0,ID_NORMAL_001,JOINT2_SWEEP_MEDIUM,RUN_01,50.0,0.0,NORMAL,NONE,COLD
508854.0068714,45.06,-8.02,111.95,0.24,64.87,-0.1,0.0,0.0,0.0,0.0,0.0,0.0,0.0,0.0,34.0,0.0,0.0,0.0,0.0,0.0,0.0,0.0,0.0,0.0,ID_NORMAL_001,JOINT2_SWEEP_MEDIUM,RUN_01,50.0,0.0,NORMAL,NONE,COLD
508854.0574788,45.06,-8.02,111.95,0.24,64.87,-0.1,0.0,0.0,0.0,0.0,0.0,0.0,0.0,0.0,33.0,0.0,0.0,0.0,0.0,0.0,0.0,0.0,0.0,0.0,ID_NORMAL_001,JOINT2_SWEEP_MEDIUM,RUN_01,50.0,0.0,NORMAL,NONE,COLD
508854.0574788,45.06,-8.02,111.95,0.24,64.87,-0.1,0.0,0.0,0.0,0.0,0.0,0.0,0.0,0.0,33.0,0.0,0.0,0.0,0.0,0.0,0.0,0.0,0.0,0.0,ID_NORMAL_001,JOINT2_SWEEP_MEDIUM,RUN_01,50.0,0.0,NORMAL,NONE,COLD
508854.105554,45.06,-8.02,111.95,0.24,64.87,-0.1,0.0,0.0,0.0,0.0,0.0,0.0,0.0,0.0,34.0,0.0,0.0,0.0,0.0,0.0,0.0,0.0,0.0,0.0,ID_NORMAL_001,JOINT2_SWEEP_MEDIUM,RUN_01,50.0,0.0,NORMAL,NONE,COLD
508854.1588641,45.06,-8.02,111.95,0.24,64.87,-0.1,0.0,0.0,0.0,0.0,0.0,0.0,0.0,0.0,33.0,0.0,0.0,0.0,0.0,0.0,0.0,0.0,0.0,0.0,ID_NORMAL_001,JOINT2_SWEEP_MEDIUM,RUN_01,50.0,0.0,NORMAL,NONE,COLD
508854.1588641,45.06,-8.02,111.95,0.24,64.87,-0.1,0.0,0.0,0.0,0.0,0.0,0.0,0.0,0.0,33.0,0.0,0.0,0.0,0.0,0.0,0.0,0.0,0.0,0.0,ID_NORMAL_001,JOINT2_SWEEP_MEDIUM,RUN_01,50.0,0.0,NORMAL,NONE,COLD
508854.1936116,45.06,-8.02,111.95,0.24,64.87,-0.1,0.0,0.0,0.0,0.0,0.0,0.0,0.0,0.0,34.0,0.0,0.0,0.0,0.0,0.0,0.0,0.0,0.0,0.0,ID_NORMAL_001,JOINT2_SWEEP_MEDIUM,RUN_01,50.0,0.0,NORMAL,NONE,COLD
508854.1936116,45.06,-8.02,111.95,0.24,64.87,-0.1,0.0,0.0,0.0,0.0,0.0,0.0,0.0,0.0,33.0,0.0,0.0,0.0,0.0,0.0,0.0,0.0,0.0,0.0,ID_NORMAL_001,JOINT2_SWEEP_MEDIUM,RUN_01,50.0,0.0,NORMAL,NONE,COLD
508854.2225242,45.06,-8.02,111.95,0.24,64.87,-0.1,0.0,0.0,0.0,0.0,0.0,0.0,0.0,0.0,33.0,0.0,0.0,0.0,0.0,0.0,0.0,0.0,0.0,0.0,ID_NORMAL_001,JOINT2_SWEEP_MEDIUM,RUN_01,50.0,0.0,NORMAL,NONE,COLD
508854.2637143,45.06,-8.02,111.95,0.24,64.87,-0.1,0.0,0.0,0.0,0.0,0.0,0.0,0.0,0.0,34.0,0.0,0.0,0.0,0.0,0.0,0.0,0.0,0.0,0.0,ID_NORMAL_001,JOINT2_SWEEP_MEDIUM,RUN_01,50.0,0.0,NORMAL,NONE,COLD
508854.3090399,45.06,-8.02,111.95,0.24,64.87,-0.1,0.0,0.0,0.0,0.0,0.0,0.0,0.0,0.0,33.0,0.0,0.0,0.0,0.0,0.0,0.0,0.0,0.0,0.0,ID_NORMAL_001,JOINT2_SWEEP_MEDIUM,RUN_01,50.0,0.0,NORMAL,NONE,COLD
508854.3090399,45.06,-8.02,111.95,0.24,64.87,-0.1,0.0,0.0,0.0,0.0,0.0,0.0,0.0,0.0,33.0,0.0,0.0,0.0,0.0,0.0,0.0,0.0,0.0,0.0,ID_NORMAL_001,JOINT2_SWEEP_MEDIUM,RUN_01,50.0,0.0,NORMAL,NONE,COLD
508854.3558044,45.06,-8.02,111.95,0.24,64.87,-0.1,0.0,0.0,0.0,0.0,0.0,0.0,0.0,0.0,34.0,0.0,0.0,0.0,0.0,0.0,0.0,0.0,0.0,0.0,ID_NORMAL_001,JOINT2_SWEEP_MEDIUM,RUN_01,50.0,0.0,NORMAL,NONE,COLD
508854.4033234,45.06,-8.02,111.95,0.24,64.87,-0.1,0.0,0.0,0.0,0.0,0.0,0.0,0.0,0.0,34.0,0.0,0.0,0.0,0.0,0.0,0.0,0.0,0.0,0.0,ID_NORMAL_001,JOINT2_SWEEP_MEDIUM,RUN_01,50.0,0.0,NORMAL,NONE,COLD
508854.4033234,45.06,-8.02,111.95,0.24,64.87,-0.1,0.0,0.0,0.0,0.0,0.0,0.0,0.0,0.0,34.0,0.0,0.0,0.0,0.0,0.0,0.0,0.0,0.0,0.0,ID_NORMAL_001,JOINT2_SWEEP_MEDIUM,RUN_01,50.0,0.0,NORMAL,NONE,COLD
508854.4124994,45.06,-8.02,111.95,0.24,64.87,-0.1,0.0,0.0,0.0,0.0,0.0,0.0,0.0,0.0,34.0,0.0,0.0,0.0,0.0,0.0,0.0,0.0,0.0,0.0,ID_NORMAL_001,JOINT2_SWEEP_MEDIUM,RUN_01,50.0,0.0,NORMAL,NONE,COLD
508854.4665237,45.06,-8.02,111.95,0.24,64.87,-0.1,0.0,0.0,0.0,0.0,0.0,0.0,0.0,0.0,35.0,0.0,0.0,0.0,0.0,0.0,0.0,0.0,0.0,0.0,ID_NORMAL_001,JOINT2_SWEEP_MEDIUM,RUN_01,50.0,0.0,NORMAL,NONE,COLD
508854.5157217,45.06,-8.02,111.95,0.24,64.87,-0.1,0.0,0.0,0.0,0.0,0.0,0.0,0.0,0.0,35.0,0.0,0.0,0.0,0.0,0.0,0.0,0.0,0.0,0.0,ID_NORMAL_001,JOINT2_SWEEP_MEDIUM,RUN_01,50.0,0.0,NORMAL,NONE,COLD
508854.5157217,45.06,-8.02,111.95,0.24,64.87,-0.1,0.0,0.0,0.0,0.0,0.0,0.0,0.0,0.0,33.0,0.0,0.0,0.0,0.0,0.0,0.0,0.0,0.0,0.0,ID_NORMAL_001,JOINT2_SWEEP_MEDIUM,RUN_01,50.0,0.0,NORMAL,NONE,COLD
508854.5608039,45.06,-8.02,111.95,0.24,64.87,-0.1,0.0,0.0,0.0,0.0,0.0,0.0,0.0,0.0,32.0,0.0,0.0,0.0,0.0,0.0,0.0,0.0,0.0,0.0,ID_NORMAL_001,JOINT2_SWEEP_MEDIUM,RUN_01,50.0,0.0,NORMAL,NONE,COLD
508854.5608039,45.06,-8.02,111.95,0.24,64.87,-0.1,0.0,0.0,0.0,0.0,0.0,0.0,0.0,0.0,33.0,0.0,0.0,0.0,0.0,0.0,0.0,0.0,0.0,0.0,ID_NORMAL_001,JOINT2_SWEEP_MEDIUM,RUN_01,50.0,0.0,NORMAL,NONE,COLD
508854.6049085,45.06,-8.02,111.95,0.24,64.87,-0.1,0.0,0.0,0.0,0.0,0.0,0.0,0.0,0.0,32.0,0.0,0.0,0.0,0.0,0.0,0.0,0.0,0.0,0.0,ID_NORMAL_001,JOINT2_SWEEP_MEDIUM,RUN_01,50.0,0.0,NORMAL,NONE,COLD
508854.6049085,45.06,-8.02,111.95,0.24,64.87,-0.1,0.0,0.0,0.0,0.0,0.0,0.0,0.0,0.0,33.0,0.0,0.0,0.0,0.0,0.0,0.0,0.0,0.0,0.0,ID_NORMAL_001,JOINT2_SWEEP_MEDIUM,RUN_01,50.0,0.0,NORMAL,NONE,COLD
508854.6565755,45.06,-8.02,111.95,0.24,64.87,-0.1,0.0,0.0,0.0,0.0,0.0,0.0,0.0,0.0,34.0,0.0,0.0,0.0,0.0,0.0,0.0,0.0,0.0,0.0,ID_NORMAL_001,JOINT2_SWEEP_MEDIUM,RUN_01,50.0,0.0,NORMAL,NONE,COLD
508854.7011737,45.06,-8.02,111.95,0.24,64.87,-0.1,0.0,0.0,0.0,0.0,0.0,0.0,0.0,0.0,33.0,0.0,0.0,0.0,0.0,0.0,0.0,0.0,0.0,0.0,ID_NORMAL_001,JOINT2_SWEEP_MEDIUM,RUN_01,50.0,0.0,NORMAL,NONE,COLD
508854.7011737,45.06,-8.02,111.95,0.24,64.87,-0.1,0.0,0.0,0.0,0.0,0.0,0.0,0.0,0.0,32.0,0.0,0.0,0.0,0.0,0.0,0.0,0.0,0.0,0.0,ID_NORMAL_001,JOINT2_SWEEP_MEDIUM,RUN_01,50.0,0.0,NORMAL,NONE,COLD
508854.741454,45.06,-8.02,111.95,0.24,64.87,-0.1,0.0,0.0,0.0,0.0,0.0,0.0,0.0,0.0,35.0,0.0,0.0,0.0,0.0,0.0,0.0,0.0,0.0,0.0,ID_NORMAL_001,JOINT2_SWEEP_MEDIUM,RUN_01,50.0,0.0,NORMAL,NONE,COLD
508854.7419892,45.06,-8.02,111.95,0.24,64.87,-0.1,0.0,0.0,0.0,0.0,0.0,0.0,0.0,0.0,33.0,0.0,0.0,0.0,0.0,0.0,0.0,0.0,0.0,0.0,ID_NORMAL_001,JOINT2_SWEEP_MEDIUM,RUN_01,50.0,0.0,NORMAL,NONE,COLD
508854.7922448,45.06,-8.02,111.95,0.24,64.87,-0.1,0.0,0.0,0.0,0.0,0.0,0.0,0.0,0.0,33.0,0.0,0.0,0.0,0.0,0.0,0.0,0.0,0.0,0.0,ID_NORMAL_001,JOINT2_SWEEP_MEDIUM,RUN_01,50.0,0.0,NORMAL,NONE,COLD
508854.8090196,45.06,-8.02,111.95,0.24,64.87,-0.1,0.0,0.0,0.0,0.0,0.0,0.0,0.0,0.0,32.0,0.0,0.0,0.0,0.0,0.0,0.0,0.0,0.0,0.0,ID_NORMAL_001,JOINT2_SWEEP_MEDIUM,RUN_01,50.0,0.0,NORMAL,NONE,COLD
508854.8547002,45.06,-8.02,111.95,0.24,64.87,-0.1,0.0,0.0,0.0,0.0,0.0,0.0,0.0,0.0,34.0,0.0,0.0,0.0,0.0,0.0,0.0,0.0,0.0,0.0,ID_NORMAL_001,JOINT2_SWEEP_MEDIUM,RUN_01,50.0,0.0,NORMAL,NONE,COLD
508854.8547002,45.06,-8.02,111.95,0.24,64.87,-0.1,0.0,0.0,0.0,0.0,0.0,0.0,0.0,0.0,32.0,0.0,0.0,0.0,0.0,0.0,0.0,0.0,0.0,0.0,ID_NORMAL_001,JOINT2_SWEEP_MEDIUM,RUN_01,50.0,0.0,NORMAL,NONE,COLD
508854.9019263,45.06,-8.02,111.95,0.24,64.87,-0.1,0.0,0.0,0.0,0.0,0.0,0.0,0.0,0.0,34.0,0.0,0.0,0.0,0.0,0.0,0.0,0.0,0.0,0.0,ID_NORMAL_001,JOINT2_SWEEP_MEDIUM,RUN_01,50.0,0.0,NORMAL,NONE,COLD
508854.9525748,45.06,-8.02,111.95,0.24,64.87,-0.1,0.0,0.0,0.0,0.0,0.0,0.0,0.0,0.0,33.0,0.0,0.0,0.0,0.0,0.0,0.0,0.0,0.0,0.0,ID_NORMAL_001,JOINT2_SWEEP_MEDIUM,RUN_01,50.0,0.0,NORMAL,NONE,COLD
508854.9525748,45.06,-8.02,111.95,0.24,64.87,-0.1,0.0,0.0,0.0,0.0,0.0,0.0,0.0,0.0,34.0,0.0,0.0,0.0,0.0,0.0,0.0,0.0,0.0,0.0,ID_NORMAL_001,JOINT2_SWEEP_MEDIUM,RUN_01,50.0,0.0,NORMAL,NONE,COLD
508854.9965632,45.06,-8.02,111.95,0.24,64.87,-0.1,0.0,0.0,0.0,0.0,0.0,0.0,0.0,0.0,33.0,0.0,0.0,0.0,0.0,0.0,0.0,0.0,0.0,0.0,ID_NORMAL_001,JOINT2_SWEEP_MEDIUM,RUN_01,50.0,0.0,NORMAL,NONE,COLD
508854.9965632,45.06,-8.02,111.95,0.24,64.87,-0.1,0.0,0.0,0.0,0.0,0.0,0.0,0.0,0.0,33.0,0.0,0.0,0.0,0.0,0.0,0.0,0.0,0.0,0.0,ID_NORMAL_001,JOINT2_SWEEP_MEDIUM,RUN_01,50.0,0.0,NORMAL,NONE,COLD
508855.0198138,45.06,-8.02,111.95,0.24,64.87,-0.1,0.0,0.0,0.0,0.0,0.0,0.0,0.0,0.0,32.0,0.0,0.0,0.0,0.0,0.0,0.0,0.0,0.0,0.0,ID_NORMAL_001,JOINT2_SWEEP_MEDIUM,RUN_01,50.0,0.0,NORMAL,NONE,COLD
508855.0593798,45.06,-8.02,111.95,0.24,64.87,-0.1,0.0,0.0,0.0,0.0,0.0,0.0,0.0,0.0,32.0,0.0,0.0,0.0,0.0,0.0,0.0,0.0,0.0,0.0,ID_NORMAL_001,JOINT2_SWEEP_MEDIUM,RUN_01,50.0,0.0,NORMAL,NONE,COLD
508855.106461,45.06,-8.02,111.95,0.24,64.87,-0.1,0.0,0.0,0.0,0.0,0.0,0.0,0.0,0.0,35.0,0.0,0.0,0.0,0.0,0.0,0.0,0.0,0.0,0.0,ID_NORMAL_001,JOINT2_SWEEP_MEDIUM,RUN_01,50.0,0.0,NORMAL,NONE,COLD
508855.106461,45.06,-8.02,111.95,0.24,64.87,-0.1,0.0,0.0,0.0,0.0,0.0,0.0,0.0,0.0,33.0,0.0,0.0,0.0,0.0,0.0,0.0,0.0,0.0,0.0,ID_NORMAL_001,JOINT2_SWEEP_MEDIUM,RUN_01,50.0,0.0,NORMAL,NONE,COLD
508855.1564614,45.06,-8.02,111.95,0.24,64.87,-0.1,0.0,0.0,0.0,0.0,0.0,0.0,0.0,0.0,34.0,0.0,0.0,0.0,0.0,0.0,0.0,0.0,0.0,0.0,ID_NORMAL_001,JOINT2_SWEEP_MEDIUM,RUN_01,50.0,0.0,NORMAL,NONE,COLD
508855.1564614,45.06,-8.02,111.95,0.24,64.87,-0.1,0.0,0.0,0.0,0.0,0.0,0.0,0.0,0.0,33.0,0.0,0.0,0.0,0.0,0.0,0.0,0.0,0.0,0.0,ID_NORMAL_001,JOINT2_SWEEP_MEDIUM,RUN_01,50.0,0.0,NORMAL,NONE,COLD
508855.2014569,45.06,-8.02,111.95,0.24,64.87,-0.1,0.0,0.0,0.0,0.0,0.0,0.0,0.0,0.0,32.0,0.0,0.0,0.0,0.0,0.0,0.0,0.0,0.0,0.0,ID_NORMAL_001,JOINT2_SWEEP_MEDIUM,RUN_01,50.0,0.0,NORMAL,NONE,COLD
508855.2255574,45.06,-8.02,111.95,0.24,64.87,-0.1,0.0,0.0,0.0,0.0,0.0,0.0,0.0,0.0,34.0,0.0,0.0,0.0,0.0,0.0,0.0,0.0,0.0,0.0,ID_NORMAL_001,JOINT2_SWEEP_MEDIUM,RUN_01,50.0,0.0,NORMAL,NONE,COLD
508855.2639481,45.06,-8.02,111.95,0.24,64.87,-0.1,0.0,0.0,0.0,0.0,0.0,0.0,0.0,0.0,33.0,0.0,0.0,0.0,0.0,0.0,0.0,0.0,0.0,0.0,ID_NORMAL_001,JOINT2_SWEEP_MEDIUM,RUN_01,50.0,0.0,NORMAL,NONE,COLD
508855.2639481,45.06,-8.02,111.95,0.24,64.87,-0.1,0.0,0.0,0.0,0.0,0.0,0.0,0.0,0.0,33.0,0.0,0.0,0.0,0.0,0.0,0.0,0.0,0.0,0.0,ID_NORMAL_001,JOINT2_SWEEP_MEDIUM,RUN_01,50.0,0.0,NORMAL,NONE,COLD
508855.3123186,45.06,-8.02,111.95,0.24,64.87,-0.1,0.0,0.0,0.0,0.0,0.0,0.0,0.0,0.0,33.0,0.0,0.0,0.0,0.0,0.0,0.0,0.0,0.0,0.0,ID_NORMAL_001,JOINT2_SWEEP_MEDIUM,RUN_01,50.0,0.0,NORMAL,NONE,COLD
508855.3602731,45.06,-8.02,111.95,0.24,64.87,-0.1,0.0,0.0,0.0,0.0,0.0,0.0,0.0,0.0,34.0,0.0,0.0,0.0,0.0,0.0,0.0,0.0,0.0,0.0,ID_NORMAL_001,JOINT2_SWEEP_MEDIUM,RUN_01,50.0,0.0,NORMAL,NONE,COLD
508855.3602731,45.06,-8.02,111.95,0.24,64.87,-0.1,0.0,0.0,0.0,0.0,0.0,0.0,0.0,0.0,33.0,0.0,0.0,0.0,0.0,0.0,0.0,0.0,0.0,0.0,ID_NORMAL_001,JOINT2_SWEEP_MEDIUM,RUN_01,50.0,0.0,NORMAL,NONE,COLD
508855.4148622,45.06,-8.02,111.95,0.24,64.87,-0.1,0.0,0.0,0.0,0.0,0.0,0.0,0.0,0.0,33.0,0.0,0.0,0.0,0.0,0.0,0.0,0.0,0.0,0.0,ID_NORMAL_001,JOINT2_SWEEP_MEDIUM,RUN_01,50.0,0.0,NORMAL,NONE,COLD
508855.4148622,45.06,-8.02,111.95,0.24,64.87,-0.1,0.0,0.0,0.0,0.0,0.0,0.0,0.0,0.0,35.0,0.0,0.0,0.0,0.0,0.0,0.0,0.0,0.0,0.0,ID_NORMAL_001,JOINT2_SWEEP_MEDIUM,RUN_01,50.0,0.0,NORMAL,NONE,COLD
508855.4271355,45.06,-8.02,111.95,0.24,64.87,-0.1,0.0,0.0,0.0,0.0,0.0,0.0,0.0,0.0,32.0,0.0,0.0,0.0,0.0,0.0,0.0,0.0,0.0,0.0,ID_NORMAL_001,JOINT2_SWEEP_MEDIUM,RUN_01,50.0,0.0,NORMAL,NONE,COLD
508855.4685845,45.06,-8.02,111.95,0.24,64.87,-0.1,0.0,0.0,0.0,0.0,0.0,0.0,0.0,0.0,33.0,0.0,0.0,0.0,0.0,0.0,0.0,0.0,0.0,0.0,ID_NORMAL_001,JOINT2_SWEEP_MEDIUM,RUN_01,50.0,0.0,NORMAL,NONE,COLD
508855.5147616,45.06,-8.02,111.95,0.24,64.87,-0.1,0.0,0.0,0.0,0.0,0.0,0.0,0.0,0.0,33.0,0.0,0.0,0.0,0.0,0.0,0.0,0.0,0.0,0.0,ID_NORMAL_001,JOINT2_SWEEP_MEDIUM,RUN_01,50.0,0.0,NORMAL,NONE,COLD
508855.5147616,45.06,-8.02,111.95,0.24,64.87,-0.1,0.0,0.0,0.0,0.0,0.0,0.0,0.0,0.0,33.0,0.0,0.0,0.0,0.0,0.0,0.0,0.0,0.0,0.0,ID_NORMAL_001,JOINT2_SWEEP_MEDIUM,RUN_01,50.0,0.0,NORMAL,NONE,COLD
508855.562706,45.06,-8.02,111.95,0.24,64.87,-0.1,0.0,0.0,0.0,0.0,0.0,0.0,0.0,0.0,33.0,0.0,0.0,0.0,0.0,0.0,0.0,0.0,0.0,0.0,ID_NORMAL_001,JOINT2_SWEEP_MEDIUM,RUN_01,50.0,0.0,NORMAL,NONE,COLD
508855.562706,45.06,-8.02,111.95,0.24,64.87,-0.1,0.0,0.0,0.0,0.0,0.0,0.0,0.0,0.0,33.0,0.0,0.0,0.0,0.0,0.0,0.0,0.0,0.0,0.0,ID_NORMAL_001,JOINT2_SWEEP_MEDIUM,RUN_01,50.0,0.0,NORMAL,NONE,COLD
508855.6076384,45.06,-8.02,111.95,0.24,64.87,-0.1,0.0,0.0,0.0,0.0,0.0,0.0,0.0,0.0,34.0,0.0,0.0,0.0,0.0,0.0,0.0,0.0,0.0,0.0,ID_NORMAL_001,JOINT2_SWEEP_MEDIUM,RUN_01,50.0,0.0,NORMAL,NONE,COLD
508855.6302776,45.06,-8.02,111.95,0.24,64.87,-0.1,0.0,0.0,0.0,0.0,0.0,0.0,0.0,0.0,33.0,0.0,0.0,0.0,0.0,0.0,0.0,0.0,0.0,0.0,ID_NORMAL_001,JOINT2_SWEEP_MEDIUM,RUN_01,50.0,0.0,NORMAL,NONE,COLD
508855.6699846,45.06,-8.02,111.95,0.24,64.87,-0.1,0.0,0.0,0.0,0.0,0.0,0.0,0.0,0.0,34.0,0.0,0.0,0.0,0.0,0.0,0.0,0.0,0.0,0.0,ID_NORMAL_001,JOINT2_SWEEP_MEDIUM,RUN_01,50.0,0.0,NORMAL,NONE,COLD
508855.6699846,45.06,-8.02,111.95,0.24,64.87,-0.1,0.0,0.0,0.0,0.0,0.0,0.0,0.0,0.0,33.0,0.0,0.0,0.0,0.0,0.0,0.0,0.0,0.0,0.0,ID_NORMAL_001,JOINT2_SWEEP_MEDIUM,RUN_01,50.0,0.0,NORMAL,NONE,COLD
508855.7166305,45.06,-8.02,111.95,0.24,64.87,-0.1,0.0,0.0,0.0,0.0,0.0,0.0,0.0,0.0,33.0,0.0,0.0,0.0,0.0,0.0,0.0,0.0,0.0,0.0,ID_NORMAL_001,JOINT2_SWEEP_MEDIUM,RUN_01,50.0,0.0,NORMAL,NONE,COLD
508855.7713158,45.06,-8.02,111.95,0.24,64.87,-0.1,0.0,0.0,0.0,0.0,0.0,0.0,0.0,0.0,33.0,0.0,0.0,0.0,0.0,0.0,0.0,0.0,0.0,0.0,ID_NORMAL_001,JOINT2_SWEEP_MEDIUM,RUN_01,50.0,0.0,NORMAL,NONE,COLD
508855.7713158,45.06,-8.02,111.95,0.24,64.87,-0.1,0.0,0.0,0.0,0.0,0.0,0.0,0.0,0.0,33.0,0.0,0.0,0.0,0.0,0.0,0.0,0.0,0.0,0.0,ID_NORMAL_001,JOINT2_SWEEP_MEDIUM,RUN_01,50.0,0.0,NORMAL,NONE,COLD
508855.8129723,45.06,-8.02,111.95,0.24,64.87,-0.1,0.0,0.0,0.0,0.0,0.0,0.0,0.0,0.0,32.0,0.0,0.0,0.0,0.0,0.0,0.0,0.0,0.0,0.0,ID_NORMAL_001,JOINT2_SWEEP_MEDIUM,RUN_01,50.0,0.0,NORMAL,NONE,COLD
508855.8129723,45.06,-8.02,111.95,0.24,64.87,-0.1,0.0,0.0,0.0,0.0,0.0,0.0,0.0,0.0,32.0,0.0,0.0,0.0,0.0,0.0,0.0,0.0,0.0,0.0,ID_NORMAL_001,JOINT2_SWEEP_MEDIUM,RUN_01,50.0,0.0,NORMAL,NONE,COLD
508855.8338257,45.06,-8.02,111.95,0.24,64.87,-0.1,0.0,0.0,0.0,0.0,0.0,0.0,0.0,0.0,33.0,0.0,0.0,0.0,0.0,0.0,0.0,0.0,0.0,0.0,ID_NORMAL_001,JOINT2_SWEEP_MEDIUM,RUN_01,50.0,0.0,NORMAL,NONE,COLD
508855.8890314,45.06,-8.02,111.95,0.24,64.87,-0.1,0.0,0.0,0.0,0.0,0.0,0.0,0.0,0.0,34.0,0.0,0.0,0.0,0.0,0.0,0.0,0.0,0.0,0.0,ID_NORMAL_001,JOINT2_SWEEP_MEDIUM,RUN_01,50.0,0.0,NORMAL,NONE,COLD
508855.8890314,45.06,-8.02,111.95,0.24,64.87,-0.1,0.0,0.0,0.0,0.0,0.0,0.0,0.0,0.0,33.0,0.0,0.0,0.0,0.0,0.0,0.0,0.0,0.0,0.0,ID_NORMAL_001,JOINT2_SWEEP_MEDIUM,RUN_01,50.0,0.0,NORMAL,NONE,COLD
508855.9370486,45.06,-8.02,111.95,0.24,64.87,-0.1,0.0,0.0,0.0,0.0,0.0,0.0,0.0,0.0,33.0,0.0,0.0,0.0,0.0,0.0,0.0,0.0,0.0,0.0,ID_NORMAL_001,JOINT2_SWEEP_MEDIUM,RUN_01,50.0,0.0,NORMAL,NONE,COLD
508855.9551107,45.06,-8.02,111.95,0.24,64.87,-0.1,0.0,0.0,0.0,0.0,0.0,0.0,0.0,0.0,33.0,0.0,0.0,0.0,0.0,0.0,0.0,0.0,0.0,0.0,ID_NORMAL_001,JOINT2_SWEEP_MEDIUM,RUN_01,50.0,0.0,NORMAL,NONE,COLD
508855.9996677,45.06,-8.02,111.95,0.24,64.87,-0.1,0.0,0.0,0.0,0.0,0.0,0.0,0.0,0.0,33.0,0.0,0.0,0.0,0.0,0.0,0.0,0.0,0.0,0.0,ID_NORMAL_001,JOINT2_SWEEP_MEDIUM,RUN_01,50.0,0.0,NORMAL,NONE,COLD
508855.9996677,45.06,-8.02,111.95,0.24,64.87,-0.1,0.0,0.0,0.0,0.0,0.0,0.0,0.0,0.0,33.0,0.0,0.0,0.0,0.0,0.0,0.0,0.0,0.0,0.0,ID_NORMAL_001,JOINT2_SWEEP_MEDIUM,RUN_01,50.0,0.0,NORMAL,NONE,COLD
508856.0354209,45.06,-8.02,111.95,0.24,64.87,-0.1,0.0,0.0,0.0,0.0,0.0,0.0,0.0,19.0,68.0,0.0,0.0,0.0,0.0,0.0,0.0,0.0,0.0,0.0,ID_NORMAL_001,JOINT2_SWEEP_MEDIUM,RUN_01,50.0,0.0,NORMAL,NONE,COLD
508856.0775794,45.06,-8.02,111.95,0.24,64.87,-0.1,0.0,0.0,0.0,0.0,0.0,0.0,0.0,27.0,68.0,0.0,0.0,0.0,0.0,0.0,0.0,0.0,0.0,0.0,ID_NORMAL_001,JOINT2_SWEEP_MEDIUM,RUN_01,50.0,0.0,NORMAL,NONE,COLD
508856.1241942,45.06,-8.02,111.95,0.24,64.87,-0.1,0.0,0.0,0.0,0.0,0.0,0.0,1.0,39.0,100.0,0.0,0.0,0.0,0.0,0.0,0.0,0.0,0.0,0.0,ID_NORMAL_001,JOINT2_SWEEP_MEDIUM,RUN_01,50.0,0.0,NORMAL,NONE,COLD
508856.1241942,45.06,-8.02,111.95,0.24,64.87,-0.1,0.0,0.0,0.0,0.0,0.0,0.0,28.0,166.0,129.0,0.0,0.0,0.0,0.0,0.0,0.0,0.0,0.0,0.0,ID_NORMAL_001,JOINT2_SWEEP_MEDIUM,RUN_01,50.0,0.0,NORMAL,NONE,COLD
508856.1738895,45.05,-8.02,111.95,0.24,64.87,-0.1,-0.20122627292125447,0.0,0.0,0.0,0.0,0.0,88.0,384.0,282.0,0.0,0.0,0.0,-4.049201291375848,0.0,0.0,0.0,0.0,0.0,ID_NORMAL_001,JOINT2_SWEEP_MEDIUM,RUN_01,50.0,0.0,NORMAL,NONE,COLD
508856.1738895,45.05,-8.02,111.95,0.24,64.87,-0.1,0.0,0.0,0.0,0.0,0.0,0.0,122.0,788.0,470.0,0.0,0.0,0.0,0.0,0.0,0.0,0.0,0.0,0.0,ID_NORMAL_001,JOINT2_SWEEP_MEDIUM,RUN_01,50.0,0.0,NORMAL,NONE,COLD
508856.2198474,45.05,-8.02,111.95,0.24,64.87,-0.1,0.0,0.0,0.0,0.0,0.0,0.0,43.0,1000.0,577.0,0.0,0.0,0.0,0.0,0.0,0.0,0.0,0.0,0.0,ID_NORMAL_001,JOINT2_SWEEP_MEDIUM,RUN_01,50.0,0.0,NORMAL,NONE,COLD
508856.2198474,45.04,-8.02,111.95,0.24,64.87,-0.1,0.0,0.0,0.0,0.0,0.0,0.0,23.0,1225.0,640.0,0.0,0.0,0.0,0.0,0.0,0.0,0.0,0.0,0.0,ID_NORMAL_001,JOINT2_SWEEP_MEDIUM,RUN_01,50.0,0.0,NORMAL,NONE,COLD
508856.2465295,45.03,-8.03,111.95,0.24,64.87,-0.1,-0.37478309391979175,-0.37478309391985837,0.0,0.0,0.0,0.0,46.0,742.0,710.0,0.0,9.0,9.0,-14.046236748811939,-14.046236748814437,0.0,0.0,0.0,0.0,ID_NORMAL_001,JOINT2_SWEEP_MEDIUM,RUN_01,50.0,0.0,NORMAL,NONE,COLD
508856.3006637,45.03,-8.04,111.95,0.24,64.87,-0.1,0.0,-0.18472610667731354,0.0,0.0,0.0,0.0,87.0,555.0,1115.0,0.0,39.0,9.0,6.923222178828254,3.51084873001359,0.0,0.0,0.0,0.0,ID_NORMAL_001,JOINT2_SWEEP_MEDIUM,RUN_01,50.0,0.0,NORMAL,NONE,COLD
508856.3440342,45.01,-8.05,111.95,0.24,64.87,-0.1,-0.4611429424400683,-0.23057147122003416,0.0,0.0,0.0,0.0,101.0,826.0,1096.0,0.0,120.0,9.0,-10.632640668112547,-1.057063315123223,0.0,0.0,0.0,0.0,ID_NORMAL_001,JOINT2_SWEEP_MEDIUM,RUN_01,50.0,0.0,NORMAL,NONE,COLD
508856.3440342,45.0,-8.05,111.94,0.24,64.87,-0.1,0.0,0.0,0.0,0.0,0.0,0.0,103.0,915.0,1329.0,0.0,243.0,19.0,0.0,0.0,0.0,0.0,0.0,0.0,ID_NORMAL_001,JOINT2_SWEEP_MEDIUM,RUN_01,50.0,0.0,NORMAL,NONE,COLD
508856.3809658,44.99,-8.06,111.94,0.24,64.87,-0.1,-0.27077083029572013,-0.2707708302957682,0.0,0.0,0.0,0.0,41.0,901.0,1098.0,0.0,371.0,19.0,-7.331684253904825,-7.331684253906126,0.0,0.0,0.0,0.0,ID_NORMAL_001,JOINT2_SWEEP_MEDIUM,RUN_01,50.0,0.0,NORMAL,NONE,COLD
508856.3809658,44.98,-8.07,111.94,0.24,64.87,-0.1,0.0,0.0,0.0,0.0,0.0,0.0,118.0,743.0,1078.0,0.0,601.0,39.0,0.0,0.0,0.0,0.0,0.0,0.0,ID_NORMAL_001,JOINT2_SWEEP_MEDIUM,RUN_01,50.0,0.0,NORMAL,NONE,COLD
508856.4231772,44.96,-8.09,111.93,0.24,64.87,-0.1,-0.4738056544446055,-0.47380565444468964,-0.2369028272221344,0.0,0.0,0.0,68.0,836.0,1030.0,0.0,693.0,39.0,-11.224589909186278,-11.224589909188271,-5.612294954589151,0.0,0.0,0.0,ID_NORMAL_001,JOINT2_SWEEP_MEDIUM,RUN_01,50.0,0.0,NORMAL,NONE,COLD
508856.4424084,44.94,-8.1,111.93,0.24,64.87,-0.1,-1.0399767053131341,-0.5199883526564747,0.0,0.0,0.0,0.0,52.0,922.0,878.0,0.0,819.0,57.0,-29.440235206291764,-2.4014465164377743,12.318671086690173,0.0,0.0,0.0,ID_NORMAL_001,JOINT2_SWEEP_MEDIUM,RUN_01,50.0,0.0,NORMAL,NONE,COLD
508856.4854992,44.92,-8.11,111.92,0.24,64.88,-0.1,-0.4641361961465572,-0.23206809807331982,-0.2320680980734435,0.0,0.2320680980731137,0.0,30.0,619.0,949.0,0.0,765.0,58.0,13.363421175586245,6.681710587790022,-5.385560214339784,0.0,5.385560214332131,0.0,ID_NORMAL_001,JOINT2_SWEEP_MEDIUM,RUN_01,50.0,0.0,NORMAL,NONE,COLD
508856.5347382,44.9,-8.13,111.92,0.23,64.89,-0.1,-0.40618209131207933,-0.40618209131204325,0.0,-0.20309104565600755,0.20309104565611183,0.0,68.0,791.0,1051.0,0.0,664.0,64.0,1.1769959750892016,-3.5360992950195436,4.713095270113664,-4.124597282565062,-0.5884979875397863,0.0,ID_NORMAL_001,JOINT2_SWEEP_MEDIUM,RUN_01,50.0,0.0,NORMAL,NONE,COLD
508856.5347382,44.88,-8.14,111.91,0.23,64.89,-0.1,0.0,0.0,0.0,0.0,0.0,0.0,64.0,885.0,1127.0,0.0,361.0,78.0,0.0,0.0,0.0,0.0,0.0,0.0,ID_NORMAL_001,JOINT2_SWEEP_MEDIUM,RUN_01,50.0,0.0,NORMAL,NONE,COLD
508856.5806297,44.85,-8.16,111.91,0.23,64.89,-0.1,-0.6537158302740423,-0.43581055351600245,0.0,0.0,0.0,0.0,65.0,674.0,804.0,0.0,225.0,78.0,-14.24481289169548,-9.496541927796425,0.0,0.0,0.0,0.0,ID_NORMAL_001,JOINT2_SWEEP_MEDIUM,RUN_01,50.0,0.0,NORMAL,NONE,COLD
508856.5806297,44.83,-8.18,111.9,0.23,64.89,-0.1,0.0,0.0,0.0,0.0,0.0,0.0,136.0,574.0,790.0,0.0,186.0,95.0,0.0,0.0,0.0,0.0,0.0,0.0,ID_NORMAL_001,JOINT2_SWEEP_MEDIUM,RUN_01,50.0,0.0,NORMAL,NONE,COLD
508856.626944,44.81,-8.2,111.9,0.23,64.89,-0.1,-0.4318320687912965,-0.4318320687913732,0.0,0.0,0.0,0.0,163.0,699.0,650.0,0.0,237.0,97.0,-9.323946781830406,-9.323946781832063,0.0,0.0,0.0,0.0,ID_NORMAL_001,JOINT2_SWEEP_MEDIUM,RUN_01,50.0,0.0,NORMAL,NONE,COLD
508856.626944,44.79,-8.22,111.89,0.23,64.9,-0.1,0.0,0.0,0.0,0.0,0.0,0.0,197.0,684.0,835.0,0.0,322.0,78.0,0.0,0.0,0.0,0.0,0.0,0.0,ID_NORMAL_001,JOINT2_SWEEP_MEDIUM,RUN_01,50.0,0.0,NORMAL,NONE,COLD
508856.6545136,44.77,-8.24,111.88,0.23,64.9,-0.1,-0.7254367135982225,-0.7254367135983514,-0.362718356799369,0.0,0.0,0.0,280.0,642.0,706.0,19.0,339.0,78.0,-26.31292127181471,-26.312921271819384,-13.156460635916703,0.0,0.0,0.0,ID_NORMAL_001,JOINT2_SWEEP_MEDIUM,RUN_01,50.0,0.0,NORMAL,NONE,COLD
508856.7054842,44.74,-8.26,111.88,0.23,64.9,-0.1,-0.5885745902124069,-0.3923830601415813,0.0,0.0,0.0,0.0,499.0,546.0,870.0,0.0,289.0,78.0,2.6851189395801076,6.534230586735199,7.116226940523269,0.0,0.0,0.0,ID_NORMAL_001,JOINT2_SWEEP_MEDIUM,RUN_01,50.0,0.0,NORMAL,NONE,COLD
508856.7548177,44.71,-8.29,111.87,0.23,64.91,-0.1,-0.6081060532573019,-0.6081060532572659,-0.20270201775224192,0.0,0.20270201775224192,0.0,234.0,516.0,797.0,0.0,193.0,78.0,-0.3959066968857176,-4.372748598014202,-4.108810800086757,0.0,4.108810800086757,0.0,ID_NORMAL_001,JOINT2_SWEEP_MEDIUM,RUN_01,50.0,0.0,NORMAL,NONE,COLD
508856.7548177,44.68,-8.31,111.86,0.23,64.91,-0.1,0.0,0.0,0.0,0.0,0.0,0.0,545.0,649.0,849.0,44.0,210.0,76.0,0.0,0.0,0.0,0.0,0.0,0.0,ID_NORMAL_001,JOINT2_SWEEP_MEDIUM,RUN_01,50.0,0.0,NORMAL,NONE,COLD
508856.8136919,44.63,-8.34,111.85,0.23,64.92,-0.1,-0.8492684404281131,-0.509561064256886,-0.16985368808571916,0.0,0.16985368808571916,0.0,296.0,682.0,894.0,87.0,168.0,82.0,-14.425137678144809,-8.655082606887193,-2.8850275356306017,0.0,2.8850275356306017,0.0,ID_NORMAL_001,JOINT2_SWEEP_MEDIUM,RUN_01,50.0,0.0,NORMAL,NONE,COLD
508856.8136919,44.61,-8.36,111.85,0.23,64.92,-0.1,0.0,0.0,0.0,0.0,0.0,0.0,198.0,365.0,690.0,22.0,154.0,97.0,0.0,0.0,0.0,0.0,0.0,0.0,ID_NORMAL_001,JOINT2_SWEEP_MEDIUM,RUN_01,50.0,0.0,NORMAL,NONE,COLD
508856.8471022,44.56,-8.37,111.84,0.23,64.92,-0.1,-1.49654447983658,-0.29930889596732657,-0.2993088959670608,0.0,0.0,0.0,348.0,691.0,720.0,19.0,106.0,97.0,-44.79290760258933,-8.958581520518184,-8.95858152051023,0.0,0.0,0.0,ID_NORMAL_001,JOINT2_SWEEP_MEDIUM,RUN_01,50.0,0.0,NORMAL,NONE,COLD
508856.8471022,44.52,-8.4,111.83,0.23,64.93,-0.1,0.0,0.0,0.0,0.0,0.0,0.0,337.0,711.0,767.0,94.0,114.0,122.0,0.0,0.0,0.0,0.0,0.0,0.0,ID_NORMAL_001,JOINT2_SWEEP_MEDIUM,RUN_01,50.0,0.0,NORMAL,NONE,COLD
508856.8973083,44.5,-8.42,111.82,0.23,64.93,-0.1,-0.3983579681025479,-0.39835796810247714,-0.19917898405134474,0.0,0.0,0.0,461.0,668.0,754.0,136.0,135.0,121.0,-7.934453537538289,-7.934453537536879,-3.9672267687705545,0.0,0.0,0.0,ID_NORMAL_001,JOINT2_SWEEP_MEDIUM,RUN_01,50.0,0.0,NORMAL,NONE,COLD
508856.9275843,44.45,-8.45,111.81,0.23,64.93,-0.1,-1.6514731153345776,-0.9908838692007819,-0.33029462306663393,0.0,0.0,0.0,172.0,570.0,723.0,44.0,146.0,146.0,-41.389719521446914,-19.570811916066017,-4.330679056673517,0.0,0.0,0.0,ID_NORMAL_001,JOINT2_SWEEP_MEDIUM,RUN_01,50.0,0.0,NORMAL,NONE,COLD
508856.9280183,44.4,-8.48,111.8,0.23,64.94,-0.1,-115.20737676171369,-69.12442605702493,-23.04147535235256,0.0,23.041475352319818,0.0,146.0,722.0,851.0,153.0,192.0,146.0,-261649.5554980828,-156989.73329884204,-52329.91109963984,0.0,53090.95864120445,0.0,ID_NORMAL_001,JOINT2_SWEEP_MEDIUM,RUN_01,50.0,0.0,NORMAL,NONE,COLD
508856.97653,44.35,-8.52,111.79,0.23,64.94,-0.1,-1.0306791968454008,-0.8245433574763499,-0.2061358393689044,0.0,0.0,0.0,205.0,807.0,722.0,68.0,214.0,180.0,2353.5909388925074,1407.9053649081964,470.7181877787075,0.0,-474.9673862052687,0.0,ID_NORMAL_001,JOINT2_SWEEP_MEDIUM,RUN_01,50.0,0.0,NORMAL,NONE,COLD
508857.0222139,44.31,-8.54,111.78,0.23,64.95,-0.1,-0.8755819881964397,-0.43779099409821987,-0.2188954970492266,0.0,0.2188954970492266,0.0,100.0,835.0,719.0,51.0,143.0,178.0,3.3950080578144566,8.465835081657556,-0.27930316101106795,0.0,4.791523862840346,0.0,ID_NORMAL_001,JOINT2_SWEEP_MEDIUM,RUN_01,50.0,0.0,NORMAL,NONE,COLD
508857.0222139,44.26,-8.58,111.77,0.23,64.95,-0.1,0.0,0.0,0.0,0.0,0.0,0.0,622.0,1089.0,757.0,183.0,109.0,195.0,0.0,0.0,0.0,0.0,0.0,0.0,ID_NORMAL_001,JOINT2_SWEEP_MEDIUM,RUN_01,50.0,0.0,NORMAL,NONE,COLD
508857.0480822,44.21,-8.62,111.76,0.23,64.96,-0.1,-1.9328676411437866,-1.5462941129150842,-0.3865735282284277,0.0,0.3865735282284277,0.0,534.0,518.0,753.0,89.0,154.0,234.0,-74.71954636361916,-59.775637090897455,-14.94390927271109,0.0,14.94390927271109,0.0,ID_NORMAL_001,JOINT2_SWEEP_MEDIUM,RUN_01,50.0,0.0,NORMAL,NONE,COLD
508857.1001948,44.15,-8.66,111.75,0.23,64.97,-0.1,-1.151353031496286,-0.7675686876641794,-0.19189217191613858,0.0,0.19189217191613858,0.0,553.0,846.0,801.0,195.0,201.0,273.0,14.99665358293754,14.943131317763832,3.735782829432571,0.0,-3.735782829432571,0.0,ID_NORMAL_001,JOINT2_SWEEP_MEDIUM,RUN_01,50.0,0.0,NORMAL,NONE,COLD
508857.1001948,44.11,-8.69,111.74,0.23,64.97,-0.1,0.0,0.0,0.0,0.0,0.0,0.0,401.0,616.0,706.0,83.0,143.0,312.0,0.0,0.0,0.0,0.0,0.0,0.0,ID_NORMAL_001,JOINT2_SWEEP_MEDIUM,RUN_01,50.0,0.0,NORMAL,NONE,COLD
508857.1438309,44.05,-8.73,111.72,0.23,64.98,-0.1,-1.3750083067915524,-0.916672204527688,-0.4583361022637422,0.0,0.22916805113203395,0.0,522.0,769.0,859.0,83.0,191.0,292.0,-31.51079739576167,-21.007198263840802,-10.503599131918069,0.0,5.251799565962766,0.0,ID_NORMAL_001,JOINT2_SWEEP_MEDIUM,RUN_01,50.0,0.0,NORMAL,NONE,COLD
508857.191519,43.99,-8.78,111.71,0.23,64.98,-0.1,-1.2581755206517053,-1.0484796005431498,-0.20969592010874172,0.0,0.0,0.0,641.0,574.0,770.0,229.0,190.0,311.0,2.449935858845054,-2.7639473184585412,5.21388317729713,0.0,-4.805560534163445,0.0,ID_NORMAL_001,JOINT2_SWEEP_MEDIUM,RUN_01,50.0,0.0,NORMAL,NONE,COLD
508857.191519,43.93,-8.82,111.7,0.23,64.99,-0.1,0.0,0.0,0.0,0.0,0.0,0.0,525.0,753.0,698.0,104.0,251.0,317.0,0.0,0.0,0.0,0.0,0.0,0.0,ID_NORMAL_001,JOINT2_SWEEP_MEDIUM,RUN_01,50.0,0.0,NORMAL,NONE,COLD
508857.2431714,43.88,-8.85,111.69,0.23,64.99,-0.1,-0.9680092309792147,-0.5808055385875495,-0.19360184619595297,0.0,0.0,0.0,541.0,616.0,892.0,225.0,258.0,330.0,-18.740837425220477,-11.244502455132686,-3.7481674850462254,0.0,0.0,0.0,ID_NORMAL_001,JOINT2_SWEEP_MEDIUM,RUN_01,50.0,0.0,NORMAL,NONE,COLD
508857.2431714,43.82,-8.9,111.67,0.23,65.0,-0.1,0.0,0.0,0.0,0.0,0.0,0.0,424.0,829.0,1123.0,118.0,266.0,351.0,0.0,0.0,0.0,0.0,0.0,0.0,ID_NORMAL_001,JOINT2_SWEEP_MEDIUM,RUN_01,50.0,0.0,NORMAL,NONE,COLD
508857.2571256,43.75,-8.95,111.66,0.23,65.01,-0.1,-5.016410820661588,-3.583150586186758,-0.7166301172377335,0.0,0.7166301172377335,0.0,532.0,752.0,815.0,224.0,202.0,400.0,-359.49110745215097,-256.7793624658156,-51.35587249319049,0.0,51.35587249319049,0.0,ID_NORMAL_001,JOINT2_SWEEP_MEDIUM,RUN_01,50.0,0.0,NORMAL,NONE,COLD
508857.2982147,43.68,-9.0,111.64,0.23,65.01,-0.1,-1.703614827020382,-1.2168677335859994,-0.486747093434296,0.0,0.0,0.0,653.0,641.0,990.0,113.0,169.0,459.0,80.62469105229792,57.58906503735316,5.594744683311627,0.0,-17.440881331650747,0.0,ID_NORMAL_001,JOINT2_SWEEP_MEDIUM,RUN_01,50.0,0.0,NORMAL,NONE,COLD
508857.3460922,43.63,-9.03,111.63,0.23,65.02,-0.1,-1.0443318884925492,-0.6265991330955518,-0.20886637769862856,0.0,0.20886637769833175,0.0,446.0,935.0,1137.0,221.0,247.0,498.0,13.770203924874558,12.328726445361566,5.803993852798146,0.0,4.362516373286185,0.0,ID_NORMAL_001,JOINT2_SWEEP_MEDIUM,RUN_01,50.0,0.0,NORMAL,NONE,COLD
508857.3460922,43.56,-9.09,111.61,0.23,65.03,-0.1,0.0,0.0,0.0,0.0,0.0,0.0,698.0,674.0,978.0,107.0,268.0,498.0,0.0,0.0,0.0,0.0,0.0,0.0,ID_NORMAL_001,JOINT2_SWEEP_MEDIUM,RUN_01,50.0,0.0,NORMAL,NONE,COLD
508857.3938117,43.49,-9.14,111.6,0.23,65.03,-0.1,-1.466905563656436,-1.0477896883260365,-0.20955793766531153,0.0,0.0,0.0,416.0,740.0,984.0,225.0,288.0,498.0,-30.740170466945685,-21.95726461924714,-4.391452923851612,0.0,0.0,0.0,ID_NORMAL_001,JOINT2_SWEEP_MEDIUM,RUN_01,50.0,0.0,NORMAL,NONE,COLD
508857.4404484,43.44,-9.17,111.59,0.23,65.04,-0.1,-1.0721170239495645,-0.6432702143696702,-0.21442340478969962,0.0,0.21442340479000432,0.0,349.0,487.0,1066.0,107.0,187.0,498.0,8.46519028559779,8.673844290954115,-0.10432700267045932,0.0,4.597739652171453,0.0,ID_NORMAL_001,JOINT2_SWEEP_MEDIUM,RUN_01,50.0,0.0,NORMAL,NONE,COLD
508857.4404484,43.36,-9.23,111.57,0.23,65.05,-0.1,0.0,0.0,0.0,0.0,0.0,0.0,666.0,492.0,925.0,162.0,115.0,539.0,0.0,0.0,0.0,0.0,0.0,0.0,ID_NORMAL_001,JOINT2_SWEEP_MEDIUM,RUN_01,50.0,0.0,NORMAL,NONE,COLD
508857.452263,43.28,-9.29,111.55,0.23,65.06,-0.1,-6.771282970872431,-5.078462228154323,-1.692820742717807,0.0,0.8464103713595049,0.0,642.0,682.0,907.0,109.0,54.0,585.0,-573.1284133953494,-429.84631004651203,-143.2821033488119,0.0,71.64105167445685,0.0,ID_NORMAL_001,JOINT2_SWEEP_MEDIUM,RUN_01,50.0,0.0,NORMAL,NONE,COLD
508857.5008876,43.19,-9.34,111.53,0.23,65.07,-0.1,-1.8509149692418656,-1.0282860940232343,-0.41131443760920605,0.0,0.2056572188044569,0.0,441.0,729.0,771.0,120.0,104.0,610.0,101.19091987107058,83.29479594143443,26.355102258925033,0.0,-13.17755112947789,0.0,ID_NORMAL_001,JOINT2_SWEEP_MEDIUM,RUN_01,50.0,0.0,NORMAL,NONE,COLD
508857.5490484,43.14,-9.39,111.52,0.23,65.07,-0.1,-1.0381887341513616,-1.0381887341514355,-0.20763774683039035,0.0,0.0,0.0,509.0,689.0,897.0,114.0,147.0,594.0,16.875264424405206,-0.2056161883890851,4.22909691551618,0.0,-4.270220153194017,0.0,ID_NORMAL_001,JOINT2_SWEEP_MEDIUM,RUN_01,50.0,0.0,NORMAL,NONE,COLD
508857.5490484,43.06,-9.44,111.5,0.23,65.08,-0.1,0.0,0.0,0.0,0.0,0.0,0.0,702.0,768.0,861.0,121.0,200.0,596.0,0.0,0.0,0.0,0.0,0.0,0.0,ID_NORMAL_001,JOINT2_SWEEP_MEDIUM,RUN_01,50.0,0.0,NORMAL,NONE,COLD
508857.5979634,42.97,-9.51,111.48,0.22,65.09,-0.1,-1.8399264032403184,-1.4310538691868657,-0.40887253405330726,-0.20443626702669446,0.20443626702679887,0.0,533.0,874.0,851.0,63.0,129.0,615.0,-37.614768548230295,-29.255931093067012,-8.358837455160307,-4.179418727580988,4.179418727583123,0.0,ID_NORMAL_001,JOINT2_SWEEP_MEDIUM,RUN_01,50.0,0.0,NORMAL,NONE,COLD
508857.5979634,42.88,-9.57,111.46,0.22,65.1,-0.1,0.0,0.0,0.0,0.0,0.0,0.0,549.0,705.0,742.0,113.0,45.0,636.0,0.0,0.0,0.0,0.0,0.0,0.0,ID_NORMAL_001,JOINT2_SWEEP_MEDIUM,RUN_01,50.0,0.0,NORMAL,NONE,COLD
508857.6407623,42.82,-9.61,111.45,0.22,65.11,-0.1,-1.4019051895698487,-0.934603459713177,-0.23365086492808673,0.0,0.23365086492841877,0.0,620.0,723.0,759.0,116.0,61.0,654.0,-32.75563600904665,-21.83709067269647,-5.459272668169269,0.0,5.459272668177027,0.0,ID_NORMAL_001,JOINT2_SWEEP_MEDIUM,RUN_01,50.0,0.0,NORMAL,NONE,COLD
508857.6407623,42.73,-9.67,111.43,0.22,65.11,-0.1,0.0,0.0,0.0,0.0,0.0,0.0,600.0,730.0,681.0,111.0,88.0,644.0,0.0,0.0,0.0,0.0,0.0,0.0,ID_NORMAL_001,JOINT2_SWEEP_MEDIUM,RUN_01,50.0,0.0,NORMAL,NONE,COLD
508857.6699847,42.63,-9.74,111.41,0.22,65.12,-0.1,-3.4220324151439248,-2.3954226906008933,-0.6844064830291741,0.0,0.34220324151458703,0.0,607.0,943.0,701.0,117.0,200.0,651.0,-117.10305850296429,-81.97214095208,-23.420611700606173,0.0,11.710305850303087,0.0,ID_NORMAL_001,JOINT2_SWEEP_MEDIUM,RUN_01,50.0,0.0,NORMAL,NONE,COLD
508857.7193266,42.54,-9.81,111.39,0.22,65.13,-0.1,-1.824007586343916,-1.4186725671563312,-0.40533501918744086,0.0,0.20266750959357643,0.0,454.0,690.0,904.0,118.0,217.0,663.0,32.38677123218937,19.79555150139078,5.655871857548933,0.0,-2.8279359287773844,0.0,ID_NORMAL_001,JOINT2_SWEEP_MEDIUM,RUN_01,50.0,0.0,NORMAL,NONE,COLD
508857.7663002,42.48,-9.86,111.37,0.22,65.14,-0.1,-1.2773132143917412,-1.0644276786597213,-0.4257710714638129,0.0,0.2128855357320577,0.0,547.0,505.0,757.0,117.0,176.0,677.0,11.638332425468002,7.541361286790525,-0.4350539937101569,0.0,0.21752699686136417,0.0,ID_NORMAL_001,JOINT2_SWEEP_MEDIUM,RUN_01,50.0,0.0,NORMAL,NONE,COLD
508857.7663002,42.38,-9.93,111.35,0.22,65.15,-0.09,0.0,0.0,0.0,0.0,0.0,0.0,461.0,668.0,821.0,117.0,156.0,669.0,0.0,0.0,0.0,0.0,0.0,0.0,ID_NORMAL_001,JOINT2_SWEEP_MEDIUM,RUN_01,50.0,0.0,NORMAL,NONE,COLD
508857.8132458,42.28,-10.0,111.33,0.22,65.16,-0.09,-2.1301250829636404,-1.491087558074533,-0.4260250165926373,0.0,0.21301250829616727,0.0,707.0,523.0,835.0,117.0,204.0,681.0,-45.37432869070792,-31.762030083495215,-9.07486573813965,0.0,4.5374328690666,0.0,ID_NORMAL_001,JOINT2_SWEEP_MEDIUM,RUN_01,50.0,0.0,NORMAL,NONE,COLD
508857.8132458,42.22,-10.05,111.32,0.22,65.17,-0.09,0.0,0.0,0.0,0.0,0.0,0.0,652.0,506.0,700.0,117.0,193.0,682.0,0.0,0.0,0.0,0.0,0.0,0.0,ID_NORMAL_001,JOINT2_SWEEP_MEDIUM,RUN_01,50.0,0.0,NORMAL,NONE,COLD
508857.8575323,42.12,-10.12,111.29,0.22,65.18,-0.09,-2.2580244532688396,-1.5806171172881316,-0.6774073359803471,0.0,0.22580244532699628,0.0,603.0,452.0,847.0,120.0,188.0,670.0,-50.986744315599694,-35.69072102091852,-15.296023294673025,0.0,5.098674431562506,0.0,ID_NORMAL_001,JOINT2_SWEEP_MEDIUM,RUN_01,50.0,0.0,NORMAL,NONE,COLD
508857.8575323,42.01,-10.19,111.27,0.22,65.19,-0.09,0.0,0.0,0.0,0.0,0.0,0.0,115.0,793.0,765.0,125.0,113.0,683.0,0.0,0.0,0.0,0.0,0.0,0.0,ID_NORMAL_001,JOINT2_SWEEP_MEDIUM,RUN_01,50.0,0.0,NORMAL,NONE,COLD
508857.9054604,41.91,-10.27,111.25,0.22,65.2,-0.09,-2.0864586751585392,-1.6691669401268092,-0.4172917350316189,0.0,0.2086458675159577,0.0,438.0,602.0,776.0,136.0,109.0,686.0,-43.53309803144265,-34.82647842515366,-8.706619606286674,0.0,4.353309803146431,0.0,ID_NORMAL_001,JOINT2_SWEEP_MEDIUM,RUN_01,50.0,0.0,NORMAL,NONE,COLD
508857.9523742,41.85,-10.31,111.23,0.22,65.21,-0.09,-1.2789413774702254,-0.8526275849802386,-0.42631379249002466,0.0,0.21315689624486087,0.0,552.0,794.0,758.0,125.0,109.0,693.0,17.21278808394349,17.405099460498146,-0.19231137655783123,0.0,0.09615568827252721,0.0,ID_NORMAL_001,JOINT2_SWEEP_MEDIUM,RUN_01,50.0,0.0,NORMAL,NONE,COLD
508857.9523742,41.74,-10.38,111.21,0.22,65.22,-0.09,0.0,0.0,0.0,0.0,0.0,0.0,249.0,907.0,903.0,136.0,153.0,679.0,0.0,0.0,0.0,0.0,0.0,0.0,ID_NORMAL_001,JOINT2_SWEEP_MEDIUM,RUN_01,50.0,0.0,NORMAL,NONE,COLD
508857.9951678,41.64,-10.45,111.19,0.22,65.23,-0.09,-2.336798025594695,-1.6357586179162287,-0.46735960511883945,0.0,0.23367980255958576,0.0,298.0,965.0,769.0,129.0,182.0,678.0,-54.606250124231885,-38.22437508696097,-10.92125002484405,0.0,5.460625012425905,0.0,ID_NORMAL_001,JOINT2_SWEEP_MEDIUM,RUN_01,50.0,0.0,NORMAL,NONE,COLD
508857.9951678,41.54,-10.53,111.17,0.22,65.24,-0.09,0.0,0.0,0.0,0.0,0.0,0.0,418.0,826.0,882.0,125.0,106.0,684.0,0.0,0.0,0.0,0.0,0.0,0.0,ID_NORMAL_001,JOINT2_SWEEP_MEDIUM,RUN_01,50.0,0.0,NORMAL,NONE,COLD
508858.045979,41.47,-10.58,111.15,0.22,65.25,-0.09,-1.3776490223923212,-0.9840350159945253,-0.3936140063977262,0.0,0.19680700319900293,0.0,484.0,627.0,900.0,124.0,107.0,673.0,-27.113097555693013,-19.366498254066634,-7.746599301625003,0.0,3.8732996508152535,0.0,ID_NORMAL_001,JOINT2_SWEEP_MEDIUM,RUN_01,50.0,0.0,NORMAL,NONE,COLD
508858.0583779,41.37,-10.65,111.13,0.22,65.26,-0.09,-8.065231594090724,-5.645662115863449,-1.6130463188189472,0.0,0.8065231594094736,0.0,535.0,972.0,578.0,127.0,67.0,673.0,-539.3690224535169,-375.97102165731826,-98.35004012994602,0.0,49.175020064961735,0.0,ID_NORMAL_001,JOINT2_SWEEP_MEDIUM,RUN_01,50.0,0.0,NORMAL,NONE,COLD
508858.1126249,41.27,-10.72,111.11,0.22,65.27,-0.09,-1.8434199118789454,-1.2903939383153404,-0.3686839823757367,0.0,0.18434199118773736,0.0,491.0,913.0,763.0,131.0,51.0,673.0,114.69411542950881,80.28588080065366,22.938823085917523,0.0,-11.469411542961174,0.0,ID_NORMAL_001,JOINT2_SWEEP_MEDIUM,RUN_01,50.0,0.0,NORMAL,NONE,COLD
508858.1126249,41.17,-10.79,111.09,0.22,65.28,-0.09,0.0,0.0,0.0,0.0,0.0,0.0,99.0,780.0,682.0,128.0,72.0,683.0,0.0,0.0,0.0,0.0,0.0,0.0,ID_NORMAL_001,JOINT2_SWEEP_MEDIUM,RUN_01,50.0,0.0,NORMAL,NONE,COLD
508858.1575808,41.1,-10.84,111.07,0.21,65.28,-0.09,-1.5570814955198327,-1.1122010682284633,-0.4448804272916066,-0.2224402136456897,0.0,0.0,351.0,938.0,755.0,125.0,104.0,677.0,-34.63575405271813,-24.739824323370346,-9.89592972935306,-4.947964864674003,0.0,0.0,ID_NORMAL_001,JOINT2_SWEEP_MEDIUM,RUN_01,50.0,0.0,NORMAL,NONE,COLD
508858.2117082,41.0,-10.91,111.05,0.21,65.29,-0.09,-1.8474931370995322,-1.2932451959696594,-0.3694986274198277,0.0,0.1847493137100451,0.0,519.0,815.0,716.0,132.0,158.0,677.0,-5.3653351475229645,-3.3447778351402597,1.3926735792531995,4.109567681253596,3.41323089163152,0.0,ID_NORMAL_001,JOINT2_SWEEP_MEDIUM,RUN_01,50.0,0.0,NORMAL,NONE,COLD
508858.2117082,40.9,-10.98,111.03,0.21,65.3,-0.09,0.0,0.0,0.0,0.0,0.0,0.0,63.0,924.0,535.0,129.0,186.0,634.0,0.0,0.0,0.0,0.0,0.0,0.0,ID_NORMAL_001,JOINT2_SWEEP_MEDIUM,RUN_01,50.0,0.0,NORMAL,NONE,COLD
508858.2524168,40.8,-11.06,111.0,0.21,65.31,-0.09,-2.456483395447816,-1.9651867163582266,-0.7369450186343622,0.0,0.24564833954490378,0.0,206.0,812.0,710.0,127.0,348.0,597.0,-60.343106721107446,-48.274485376885316,-18.102932016332662,0.0,6.0343106721137465,0.0,ID_NORMAL_001,JOINT2_SWEEP_MEDIUM,RUN_01,50.0,0.0,NORMAL,NONE,COLD
508858.2524168,40.73,-11.11,110.99,0.21,65.32,-0.09,0.0,0.0,0.0,0.0,0.0,0.0,235.0,623.0,482.0,142.0,556.0,625.0,0.0,0.0,0.0,0.0,0.0,0.0,ID_NORMAL_001,JOINT2_SWEEP_MEDIUM,RUN_01,50.0,0.0,NORMAL,NONE,COLD
508858.2688067,40.63,-11.18,110.97,0.21,65.34,-0.09,-6.1013184936012,-4.2709229455211,-1.2202636987200666,0.0,1.2202636987209337,0.0,185.0,785.0,560.0,138.0,194.0,625.0,-372.26087360362135,-260.5826115225508,-74.45217472071369,0.0,74.45217472076659,0.0,ID_NORMAL_001,JOINT2_SWEEP_MEDIUM,RUN_01,50.0,0.0,NORMAL,NONE,COLD
508858.3146597,40.53,-11.25,110.94,0.21,65.35,-0.09,-2.180882386934214,-1.5266176708539343,-0.6542647160802797,0.0,0.21808823869321994,0.0,634.0,685.0,571.0,140.0,106.0,625.0,85.50010054130851,59.85007037892198,12.343772122617775,0.0,-21.85626809392103,0.0,ID_NORMAL_001,JOINT2_SWEEP_MEDIUM,RUN_01,50.0,0.0,NORMAL,NONE,COLD
508858.3602743,40.46,-11.3,110.93,0.21,65.35,-0.09,-1.5345963789954247,-1.0961402707110288,-0.21922805414200325,0.0,0.0,0.0,543.0,861.0,593.0,72.0,96.0,627.0,14.168402393975292,9.437272278552351,9.537224087724757,0.0,-4.781106020001483,0.0,ID_NORMAL_001,JOINT2_SWEEP_MEDIUM,RUN_01,50.0,0.0,NORMAL,NONE,COLD
508858.3602743,40.36,-11.37,110.91,0.21,65.36,-0.09,0.0,0.0,0.0,0.0,0.0,0.0,468.0,797.0,547.0,137.0,104.0,633.0,0.0,0.0,0.0,0.0,0.0,0.0,ID_NORMAL_001,JOINT2_SWEEP_MEDIUM,RUN_01,50.0,0.0,NORMAL,NONE,COLD
508858.4156344,40.26,-11.45,110.89,0.21,65.37,-0.09,-1.8063551186031988,-1.4450840948825399,-0.36127102372056275,0.0,0.18063551186040971,0.0,250.0,775.0,657.0,146.0,196.0,654.0,-32.6291881450393,-26.103350516031092,-6.525837629006468,0.0,3.2629188145055528,0.0,ID_NORMAL_001,JOINT2_SWEEP_MEDIUM,RUN_01,50.0,0.0,NORMAL,NONE,COLD
508858.4156344,40.16,-11.52,110.86,0.21,65.38,-0.09,0.0,0.0,0.0,0.0,0.0,0.0,96.0,742.0,765.0,146.0,272.0,642.0,0.0,0.0,0.0,0.0,0.0,0.0,ID_NORMAL_001,JOINT2_SWEEP_MEDIUM,RUN_01,50.0,0.0,NORMAL,NONE,COLD
508858.4529339,40.09,-11.56,110.85,0.21,65.39,-0.09,-1.876700758975936,-1.072400433700664,-0.268100108425297,0.0,0.268100108425297,0.0,402.0,863.0,764.0,140.0,161.0,605.0,-50.31436769630282,-28.751067255033647,-7.187766813761924,0.0,7.187766813761924,0.0,ID_NORMAL_001,JOINT2_SWEEP_MEDIUM,RUN_01,50.0,0.0,NORMAL,NONE,COLD
508858.4661957,39.99,-11.64,110.83,0.21,65.4,-0.09,-7.5404545433778,-6.032363634702159,-1.5080909086752385,0.0,0.7540454543381551,0.0,266.0,697.0,633.0,166.0,211.0,584.0,-427.0727795616564,-374.0037705397789,-93.50094263491212,0.0,36.64248791421855,0.0,ID_NORMAL_001,JOINT2_SWEEP_MEDIUM,RUN_01,50.0,0.0,NORMAL,NONE,COLD
508858.5160469,39.89,-11.71,110.8,0.21,65.41,-0.09,-2.0059697652400548,-1.404178835668024,-0.6017909295720306,0.0,0.20059697652382016,0.0,247.0,515.0,772.0,166.0,241.0,531.0,111.02009131125472,92.83998774805963,18.180103563187025,0.0,-11.102009131136713,0.0,ID_NORMAL_001,JOINT2_SWEEP_MEDIUM,RUN_01,50.0,0.0,NORMAL,NONE,COLD
508858.5160469,39.79,-11.78,110.78,0.21,65.42,-0.09,0.0,0.0,0.0,0.0,0.0,0.0,196.0,579.0,828.0,168.0,225.0,585.0,0.0,0.0,0.0,0.0,0.0,0.0,ID_NORMAL_001,JOINT2_SWEEP_MEDIUM,RUN_01,50.0,0.0,NORMAL,NONE,COLD
508858.5612619,39.72,-11.83,110.77,0.21,65.43,-0.09,-1.5481587971674977,-1.1058277122625098,-0.22116554245261194,0.0,0.22116554245261194,0.0,445.0,781.0,1028.0,168.0,294.0,585.0,-34.23993801781577,-24.457098584154373,-4.8914197168333065,0.0,4.8914197168333065,0.0,ID_NORMAL_001,JOINT2_SWEEP_MEDIUM,RUN_01,50.0,0.0,NORMAL,NONE,COLD
508858.6086537,39.62,-11.9,110.75,0.21,65.44,-0.09,-2.1100696755225408,-1.4770487728657635,-0.42201393510441815,0.0,0.21100696755205917,0.0,406.0,449.0,971.0,182.0,191.0,585.0,-11.856711047631947,-7.833023028942299,-4.238041027120145,0.0,-0.21435300844180513,0.0,ID_NORMAL_001,JOINT2_SWEEP_MEDIUM,RUN_01,50.0,0.0,NORMAL,NONE,COLD
508858.6086537,39.52,-11.98,110.72,0.21,65.45,-0.09,0.0,0.0,0.0,0.0,0.0,0.0,307.0,430.0,850.0,175.0,177.0,586.0,0.0,0.0,0.0,0.0,0.0,0.0,ID_NORMAL_001,JOINT2_SWEEP_MEDIUM,RUN_01,50.0,0.0,NORMAL,NONE,COLD
508858.6566443,39.42,-12.05,110.69,0.21,65.46,-0.09,-2.083741399513267,-1.4586189796592723,-0.625122419853995,0.0,0.20837413995113427,0.0,242.0,816.0,809.0,174.0,130.0,601.0,-43.41978220045448,-30.39384754031783,-13.025934660136652,0.0,4.341978220041438,0.0,ID_NORMAL_001,JOINT2_SWEEP_MEDIUM,RUN_01,50.0,0.0,NORMAL,NONE,COLD
508858.6566443,39.35,-12.1,110.69,0.21,65.46,-0.09,0.0,0.0,0.0,0.0,0.0,0.0,237.0,679.0,1129.0,178.0,159.0,525.0,0.0,0.0,0.0,0.0,0.0,0.0,ID_NORMAL_001,JOINT2_SWEEP_MEDIUM,RUN_01,50.0,0.0,NORMAL,NONE,COLD
508858.6790377,39.25,-12.17,110.66,0.21,65.47,-0.09,-4.465601467045014,-3.125921026931478,-1.3396804401135358,0.0,0.4465601467047235,0.0,128.0,761.0,872.0,192.0,280.0,605.0,-199.41596462474294,-139.59117523731865,-59.8247893874243,0.0,19.941596462484213,0.0,ID_NORMAL_001,JOINT2_SWEEP_MEDIUM,RUN_01,50.0,0.0,NORMAL,NONE,COLD
508858.732316,39.15,-12.24,110.63,0.2,65.49,-0.09,-1.8769367648328215,-1.3138557353829616,-0.5630810294498597,-0.18769367648327911,0.3753873529664843,0.0,269.0,718.0,753.0,228.0,187.0,563.0,48.587599514070014,34.011319659848674,14.576279854221353,-3.522891619180991,-1.335868332231625,0.0,ID_NORMAL_001,JOINT2_SWEEP_MEDIUM,RUN_01,50.0,0.0,NORMAL,NONE,COLD
508858.7807132,39.04,-12.31,110.61,0.2,65.5,-0.09,-2.2728587600739316,-1.446364665501606,-0.41324704728608924,0.0,0.20662352364319145,0.0,222.0,1007.0,856.0,176.0,182.0,490.0,-8.18067977445192,-2.7379462055289716,3.0959225356153515,3.878192880050051,-3.4870577078279084,0.0,ID_NORMAL_001,JOINT2_SWEEP_MEDIUM,RUN_01,50.0,0.0,NORMAL,NONE,COLD
508858.7807132,38.98,-12.36,110.6,0.2,65.5,-0.09,0.0,0.0,0.0,0.0,0.0,0.0,294.0,729.0,863.0,185.0,153.0,532.0,0.0,0.0,0.0,0.0,0.0,0.0,ID_NORMAL_001,JOINT2_SWEEP_MEDIUM,RUN_01,50.0,0.0,NORMAL,NONE,COLD
508858.8275026,38.88,-12.43,110.57,0.2,65.51,-0.09,-2.1372362121465014,-1.4960653485026418,-0.6411708636440111,0.0,0.21372362121477162,0.0,497.0,666.0,720.0,185.0,183.0,537.0,-45.677786265105844,-31.97445038557603,-13.70333587953305,0.0,4.567778626513181,0.0,ID_NORMAL_001,JOINT2_SWEEP_MEDIUM,RUN_01,50.0,0.0,NORMAL,NONE,COLD
508858.8275026,38.77,-12.51,110.55,0.2,65.53,-0.09,0.0,0.0,0.0,0.0,0.0,0.0,30.0,735.0,769.0,175.0,106.0,560.0,0.0,0.0,0.0,0.0,0.0,0.0,ID_NORMAL_001,JOINT2_SWEEP_MEDIUM,RUN_01,50.0,0.0,NORMAL,NONE,COLD
508858.8694975,38.71,-12.55,110.54,0.2,65.53,-0.09,-1.4287449178281542,-0.952496611885422,-0.23812415297113343,0.0,0.0,0.0,195.0,732.0,852.0,185.0,146.0,566.0,-34.02186733699503,-22.681244891329683,-5.670311222827133,0.0,0.0,0.0,ID_NORMAL_001,JOINT2_SWEEP_MEDIUM,RUN_01,50.0,0.0,NORMAL,NONE,COLD
508858.9217669,38.6,-12.63,110.52,0.2,65.54,-0.09,-2.1044817816916632,-1.5305322048666734,-0.38263305121686375,0.0,0.19131652560843188,0.0,216.0,626.0,1069.0,196.0,97.0,566.0,-12.927962901983834,-11.05877613271261,-2.7646940331861396,0.0,3.6602012970863043,0.0,ID_NORMAL_001,JOINT2_SWEEP_MEDIUM,RUN_01,50.0,0.0,NORMAL,NONE,COLD
508858.9217669,38.5,-12.7,110.49,0.2,65.55,-0.08,0.0,0.0,0.0,0.0,0.0,0.0,107.0,475.0,817.0,186.0,164.0,554.0,0.0,0.0,0.0,0.0,0.0,0.0,ID_NORMAL_001,JOINT2_SWEEP_MEDIUM,RUN_01,50.0,0.0,NORMAL,NONE,COLD
508858.9676258,38.4,-12.77,110.47,0.2,65.56,-0.08,-2.1806018022699742,-1.5264212615889665,-0.4361203604539019,0.0,0.21806018022710588,0.0,438.0,614.0,758.0,187.0,175.0,576.0,-47.550242200629924,-33.28516954044061,-9.510048440123958,0.0,4.755024220065358,0.0,ID_NORMAL_001,JOINT2_SWEEP_MEDIUM,RUN_01,50.0,0.0,NORMAL,NONE,COLD
508858.9676258,38.33,-12.82,110.46,0.2,65.57,-0.08,0.0,0.0,0.0,0.0,0.0,0.0,385.0,701.0,915.0,239.0,151.0,489.0,0.0,0.0,0.0,0.0,0.0,0.0,ID_NORMAL_001,JOINT2_SWEEP_MEDIUM,RUN_01,50.0,0.0,NORMAL,NONE,COLD
508859.0179767,38.23,-12.89,110.43,0.2,65.58,-0.08,-1.9860618188413148,-1.3902432731889063,-0.5958185456521263,0.0,0.19860618188423027,0.0,107.0,503.0,938.0,244.0,191.0,439.0,-39.444415482592156,-27.611090837814228,-11.833324644772322,0.0,3.944441548261177,0.0,ID_NORMAL_001,JOINT2_SWEEP_MEDIUM,RUN_01,50.0,0.0,NORMAL,NONE,COLD
508859.0179767,38.13,-12.96,110.41,0.2,65.6,-0.08,0.0,0.0,0.0,0.0,0.0,0.0,458.0,550.0,796.0,214.0,43.0,390.0,0.0,0.0,0.0,0.0,0.0,0.0,ID_NORMAL_001,JOINT2_SWEEP_MEDIUM,RUN_01,50.0,0.0,NORMAL,NONE,COLD
508859.073598,38.03,-13.04,110.4,0.2,65.6,-0.08,-1.7978723975109903,-1.438297918008741,-0.17978723975093294,0.0,0.0,0.0,279.0,339.0,780.0,207.0,95.0,453.0,-32.3234515773187,-25.85876126185404,-3.232345157728884,0.0,0.0,0.0,ID_NORMAL_001,JOINT2_SWEEP_MEDIUM,RUN_01,50.0,0.0,NORMAL,NONE,COLD
508859.073598,37.96,-13.08,110.37,0.2,65.61,-0.08,0.0,0.0,0.0,0.0,0.0,0.0,385.0,640.0,799.0,216.0,100.0,455.0,0.0,0.0,0.0,0.0,0.0,0.0,ID_NORMAL_001,JOINT2_SWEEP_MEDIUM,RUN_01,50.0,0.0,NORMAL,NONE,COLD
508859.088436,37.86,-13.15,110.35,0.2,65.62,-0.08,-6.739452755172323,-4.717616928620578,-1.3478905510351349,0.0,0.6739452755175674,0.0,434.0,907.0,904.0,199.0,187.0,474.0,-454.2022343919917,-317.94156407439095,-90.84044687844352,0.0,45.42022343922176,0.0,ID_NORMAL_001,JOINT2_SWEEP_MEDIUM,RUN_01,50.0,0.0,NORMAL,NONE,COLD
508859.1413192,37.76,-13.23,110.33,0.2,65.63,-0.08,-1.890959699932068,-1.5127677599456342,-0.37819193998633294,0.0,0.1890959699930321,0.0,208.0,670.0,854.0,216.0,116.0,480.0,91.68304972859696,60.602406223250235,18.336609945733596,0.0,-9.168304972869338,0.0,ID_NORMAL_001,JOINT2_SWEEP_MEDIUM,RUN_01,50.0,0.0,NORMAL,NONE,COLD
508859.1883969,37.66,-13.3,110.31,0.2,65.64,-0.08,-2.1241479497968774,-1.486903564857799,-0.42482958995928494,0.0,0.2124147949797934,0.0,334.0,641.0,746.0,209.0,101.0,503.0,-4.9532634286705,0.5493937696897063,-0.9906526857338899,0.0,0.4953263428730051,0.0,ID_NORMAL_001,JOINT2_SWEEP_MEDIUM,RUN_01,50.0,0.0,NORMAL,NONE,COLD
508859.1883969,37.59,-13.35,110.29,0.2,65.65,-0.08,0.0,0.0,0.0,0.0,0.0,0.0,141.0,673.0,830.0,204.0,105.0,470.0,0.0,0.0,0.0,0.0,0.0,0.0,ID_NORMAL_001,JOINT2_SWEEP_MEDIUM,RUN_01,50.0,0.0,NORMAL,NONE,COLD
508859.2347566,37.49,-13.42,110.27,0.2,65.66,-0.08,-2.1570458836320108,-1.5099321185423924,-0.43140917672661677,0.0,0.21570458836300185,0.0,308.0,768.0,882.0,208.0,149.0,487.0,-46.528469440937364,-32.56992860865583,-9.305693888192103,0.0,4.652846944089439,0.0,ID_NORMAL_001,JOINT2_SWEEP_MEDIUM,RUN_01,50.0,0.0,NORMAL,NONE,COLD
508859.2347566,37.39,-13.49,110.26,0.2,65.67,-0.08,0.0,0.0,0.0,0.0,0.0,0.0,390.0,587.0,887.0,185.0,89.0,405.0,0.0,0.0,0.0,0.0,0.0,0.0,ID_NORMAL_001,JOINT2_SWEEP_MEDIUM,RUN_01,50.0,0.0,NORMAL,NONE,COLD
508859.2751023,37.29,-13.57,110.23,0.19,65.68,-0.08,-2.478578882501817,-1.9828631060014272,-0.7435736647505627,-0.2478578882501784,0.247857888250305,0.0,447.0,395.0,709.0,194.0,24.0,341.0,-61.43353276783869,-49.1468262142703,-18.430059830352043,-6.143353276783787,6.143353276786925,0.0,ID_NORMAL_001,JOINT2_SWEEP_MEDIUM,RUN_01,50.0,0.0,NORMAL,NONE,COLD
508859.3275604,37.22,-13.61,110.21,0.19,65.69,-0.08,-1.3343983097392158,-0.762513319850961,-0.3812566599256837,0.0,0.19062832996257095,0.0,486.0,692.0,761.0,192.0,3.0,378.0,21.811323176155096,23.263324170425555,6.906788554687028,4.724873530522402,-1.0909575120896275,0.0,ID_NORMAL_001,JOINT2_SWEEP_MEDIUM,RUN_01,50.0,0.0,NORMAL,NONE,COLD
508859.3275604,37.12,-13.69,110.2,0.19,65.7,-0.08,0.0,0.0,0.0,0.0,0.0,0.0,166.0,542.0,659.0,172.0,9.0,390.0,0.0,0.0,0.0,0.0,0.0,0.0,ID_NORMAL_001,JOINT2_SWEEP_MEDIUM,RUN_01,50.0,0.0,NORMAL,NONE,COLD
508859.3740772,37.02,-13.76,110.17,0.19,65.7,-0.08,-2.149760946201414,-1.5048326623410815,-0.6449282838604853,0.0,0.0,0.0,533.0,628.0,656.0,185.0,57.0,391.0,-46.21472125813061,-32.3503048806934,-13.864416377440497,0.0,0.0,0.0,ID_NORMAL_001,JOINT2_SWEEP_MEDIUM,RUN_01,50.0,0.0,NORMAL,NONE,COLD
508859.3740772,36.95,-13.81,110.15,0.19,65.71,-0.08,0.0,0.0,0.0,0.0,0.0,0.0,402.0,567.0,728.0,66.0,264.0,400.0,0.0,0.0,0.0,0.0,0.0,0.0,ID_NORMAL_001,JOINT2_SWEEP_MEDIUM,RUN_01,50.0,0.0,NORMAL,NONE,COLD
508859.4197365,36.85,-13.88,110.14,0.19,65.72,-0.08,-2.190134321030103,-1.5330940247210565,-0.21901343210311922,0.0,0.21901343210311922,0.0,63.0,793.0,605.0,166.0,553.0,404.0,-47.96688344153922,-33.57681840907711,-4.7966883441563075,0.0,4.7966883441563075,0.0,ID_NORMAL_001,JOINT2_SWEEP_MEDIUM,RUN_01,50.0,0.0,NORMAL,NONE,COLD
508859.4197365,36.75,-13.95,110.11,0.19,65.74,-0.08,0.0,0.0,0.0,0.0,0.0,0.0,392.0,626.0,545.0,115.0,45.0,419.0,0.0,0.0,0.0,0.0,0.0,0.0,ID_NORMAL_001,JOINT2_SWEEP_MEDIUM,RUN_01,50.0,0.0,NORMAL,NONE,COLD
508859.4662162,36.65,-14.03,110.09,0.19,65.75,-0.08,-2.151476883222405,-1.721181506577901,-0.43029537664438927,0.0,0.2151476883223475,0.0,59.0,630.0,487.0,139.0,57.0,419.0,-46.288527790403286,-37.03082223232213,-9.257705558078683,0.0,4.628852779042631,0.0,ID_NORMAL_001,JOINT2_SWEEP_MEDIUM,RUN_01,50.0,0.0,NORMAL,NONE,COLD
508859.4762009,36.58,-14.07,110.08,0.19,65.75,-0.08,-7.010726404930916,-4.006129374246314,-1.0015323435620678,0.0,0.0,0.0,271.0,405.0,899.0,89.0,146.0,419.0,-486.66955614270927,-228.84491928219248,-57.211229820605716,0.0,-21.54773684973318,0.0,ID_NORMAL_001,JOINT2_SWEEP_MEDIUM,RUN_01,50.0,0.0,NORMAL,NONE,COLD
508859.5336637,36.48,-14.14,110.05,0.19,65.76,-0.08,-1.7402563048540518,-1.2181794133978239,-0.5220768914562279,0.0,0.17402563048549172,0.0,523.0,621.0,747.0,136.0,360.0,295.0,91.71968821203399,48.51747496984124,8.343753734238257,0.0,3.0284920065857412,0.0,ID_NORMAL_001,JOINT2_SWEEP_MEDIUM,RUN_01,50.0,0.0,NORMAL,NONE,COLD
508859.5336637,36.38,-14.22,110.03,0.19,65.78,-0.08,0.0,0.0,0.0,0.0,0.0,0.0,329.0,485.0,600.0,124.0,185.0,245.0,0.0,0.0,0.0,0.0,0.0,0.0,ID_NORMAL_001,JOINT2_SWEEP_MEDIUM,RUN_01,50.0,0.0,NORMAL,NONE,COLD
508859.5766279,36.28,-14.29,110.01,0.19,65.79,-0.08,-2.327519189119338,-1.629263432383479,-0.4655038378237684,0.0,0.2327519189120496,0.0,235.0,288.0,1036.0,78.0,76.0,323.0,-54.173455757186645,-37.921419030029305,-10.83469115143502,0.0,5.4173455757213596,0.0,ID_NORMAL_001,JOINT2_SWEEP_MEDIUM,RUN_01,50.0,0.0,NORMAL,NONE,COLD
508859.6236296,36.21,-14.34,110.0,0.19,65.79,-0.08,-1.4893078343314452,-1.0637913102367573,-0.2127582620474573,0.0,0.0,0.0,298.0,361.0,776.0,122.0,83.0,324.0,17.83363910730255,12.030886594416241,5.377370944232436,0.0,-4.951989375591305,0.0,ID_NORMAL_001,JOINT2_SWEEP_MEDIUM,RUN_01,50.0,0.0,NORMAL,NONE,COLD
508859.6236296,36.11,-14.41,109.97,0.19,65.8,-0.08,0.0,0.0,0.0,0.0,0.0,0.0,282.0,776.0,883.0,121.0,194.0,324.0,0.0,0.0,0.0,0.0,0.0,0.0,ID_NORMAL_001,JOINT2_SWEEP_MEDIUM,RUN_01,50.0,0.0,NORMAL,NONE,COLD
508859.6634971,36.01,-14.48,109.95,0.19,65.81,-0.08,-2.5083087716861123,-1.7558161401802608,-0.5016617543371156,0.0,0.250830877168736,0.0,56.0,483.0,690.0,78.0,244.0,325.0,-62.916128941174044,-44.041290258821384,-12.583225788232127,0.0,6.291612894120533,0.0,ID_NORMAL_001,JOINT2_SWEEP_MEDIUM,RUN_01,50.0,0.0,NORMAL,NONE,COLD
508859.6634971,35.91,-14.56,109.93,0.19,65.82,-0.08,0.0,0.0,0.0,0.0,0.0,0.0,507.0,583.0,1004.0,115.0,324.0,370.0,0.0,0.0,0.0,0.0,0.0,0.0,ID_NORMAL_001,JOINT2_SWEEP_MEDIUM,RUN_01,50.0,0.0,NORMAL,NONE,COLD
508859.6913833,35.84,-14.6,109.91,0.19,65.83,-0.08,-2.5102021790588624,-1.434401245176602,-0.7172006225886832,0.0,0.3586003112943416,0.0,212.0,693.0,1022.0,117.0,194.0,344.0,-90.01592828217821,-51.43767330410575,-25.71883665206658,0.0,12.85941832603329,0.0,ID_NORMAL_001,JOINT2_SWEEP_MEDIUM,RUN_01,50.0,0.0,NORMAL,NONE,COLD
508859.7318481,35.74,-14.68,109.89,0.19,65.84,-0.08,-2.4712836820208453,-1.9770269456166498,-0.4942567364040637,0.0,0.24712836820220743,0.0,379.0,648.0,693.0,60.0,183.0,356.0,0.9617864665882713,-13.409820389426027,5.50957587934355,0.0,-2.7547879396674357,0.0,ID_NORMAL_001,JOINT2_SWEEP_MEDIUM,RUN_01,50.0,0.0,NORMAL,NONE,COLD
508859.7787796,35.64,-14.75,109.87,0.19,65.85,-0.08,-2.1307650528008026,-1.4915355369605467,-0.4261530105600697,0.0,0.21307650527988345,0.0,518.0,845.0,837.0,104.0,134.0,334.0,7.255651949696907,10.344681269994428,1.451130389939072,0.0,-0.7255651949765033,0.0,ID_NORMAL_001,JOINT2_SWEEP_MEDIUM,RUN_01,50.0,0.0,NORMAL,NONE,COLD
508859.7787796,35.57,-14.79,109.85,0.19,65.86,-0.08,0.0,0.0,0.0,0.0,0.0,0.0,477.0,683.0,598.0,97.0,115.0,255.0,0.0,0.0,0.0,0.0,0.0,0.0,ID_NORMAL_001,JOINT2_SWEEP_MEDIUM,RUN_01,50.0,0.0,NORMAL,NONE,COLD
508859.8263924,35.47,-14.87,109.83,0.18,65.87,-0.08,-2.1002755548279843,-1.680220443862365,-0.4200551109655073,-0.2100275554827956,0.2100275554829029,0.0,195.0,690.0,896.0,54.0,182.0,282.0,-44.11157406207934,-35.289259249663004,-8.822314812413987,-4.4111574062078756,4.411157406210128,0.0,ID_NORMAL_001,JOINT2_SWEEP_MEDIUM,RUN_01,50.0,0.0,NORMAL,NONE,COLD
508859.8710049,35.37,-14.94,109.81,0.18,65.88,-0.08,-2.2415242363966104,-1.5690669654776113,-0.4483048472792265,0.0,0.22415242363945398,0.0,431.0,774.0,901.0,97.0,312.0,285.0,-3.166123430951379,2.491532157592085,-0.6332246861901409,4.7078185592581345,0.3166123430881553,0.0,ID_NORMAL_001,JOINT2_SWEEP_MEDIUM,RUN_01,50.0,0.0,NORMAL,NONE,COLD
508859.8710049,35.26,-15.01,109.78,0.18,65.89,-0.08,0.0,0.0,0.0,0.0,0.0,0.0,385.0,497.0,1020.0,97.0,189.0,284.0,0.0,0.0,0.0,0.0,0.0,0.0,ID_NORMAL_001,JOINT2_SWEEP_MEDIUM,RUN_01,50.0,0.0,NORMAL,NONE,COLD
508859.8868307,35.2,-15.06,109.77,0.18,65.9,-0.08,-3.791277544362145,-3.15939795363542,-0.6318795907273983,0.0,0.6318795907273983,0.0,234.0,660.0,980.0,92.0,132.0,286.0,-239.56309030643024,-199.63590858871078,-39.92718171776201,0.0,39.92718171776201,0.0,ID_NORMAL_001,JOINT2_SWEEP_MEDIUM,RUN_01,50.0,0.0,NORMAL,NONE,COLD
508859.9340102,35.1,-15.13,109.75,0.18,65.91,-0.08,-2.1195646392431438,-1.4836952474701854,-0.42391292784853835,0.0,0.21195646392411857,0.0,279.0,678.0,770.0,42.0,192.0,284.0,35.433035606566136,35.51760201871825,4.40798784779425,0.0,-8.900542107726338,0.0,ID_NORMAL_001,JOINT2_SWEEP_MEDIUM,RUN_01,50.0,0.0,NORMAL,NONE,COLD
508859.9813677,34.99,-15.21,109.72,0.18,65.92,-0.08,-2.322757749440965,-1.6892783632298032,-0.6334793862111996,0.0,0.21115979540383323,0.0,202.0,536.0,541.0,39.0,188.0,332.0,-4.2906215576818525,-4.341088866226124,-4.425201047134284,0.0,-0.016822436174804153,0.0,ID_NORMAL_001,JOINT2_SWEEP_MEDIUM,RUN_01,50.0,0.0,NORMAL,NONE,COLD
508859.9813677,34.9,-15.28,109.7,0.18,65.93,-0.08,0.0,0.0,0.0,0.0,0.0,0.0,540.0,686.0,684.0,76.0,191.0,317.0,0.0,0.0,0.0,0.0,0.0,0.0,ID_NORMAL_001,JOINT2_SWEEP_MEDIUM,RUN_01,50.0,0.0,NORMAL,NONE,COLD
508860.0280707,34.83,-15.33,109.69,0.18,65.94,-0.08,-1.498833050476612,-1.0705950360547338,-0.21411900721105326,0.0,0.21411900721074897,0.0,250.0,746.0,790.0,39.0,126.0,313.0,-32.09286447430024,-22.923474624500408,-4.584694924902362,0.0,4.584694924895847,0.0,ID_NORMAL_001,JOINT2_SWEEP_MEDIUM,RUN_01,50.0,0.0,NORMAL,NONE,COLD
508860.0280707,34.73,-15.4,109.66,0.18,65.95,-0.08,0.0,0.0,0.0,0.0,0.0,0.0,428.0,652.0,519.0,78.0,208.0,244.0,0.0,0.0,0.0,0.0,0.0,0.0,ID_NORMAL_001,JOINT2_SWEEP_MEDIUM,RUN_01,50.0,0.0,NORMAL,NONE,COLD
508860.075309,34.62,-15.47,109.64,0.18,65.96,-0.08,-2.3286189398077664,-1.4818484162413195,-0.42338526178314817,0.0,0.21169263089142368,0.0,468.0,347.0,679.0,78.0,142.0,214.0,-49.295146971195216,-31.36963898166997,-8.962753994761028,0.0,4.48137699737733,0.0,ID_NORMAL_001,JOINT2_SWEEP_MEDIUM,RUN_01,50.0,0.0,NORMAL,NONE,COLD
508860.075309,34.52,-15.54,109.62,0.18,65.97,-0.08,0.0,0.0,0.0,0.0,0.0,0.0,483.0,753.0,671.0,78.0,252.0,249.0,0.0,0.0,0.0,0.0,0.0,0.0,ID_NORMAL_001,JOINT2_SWEEP_MEDIUM,RUN_01,50.0,0.0,NORMAL,NONE,COLD
508860.1096755,34.46,-15.59,109.61,0.18,65.97,-0.08,-1.7458862534758701,-1.4549052112298573,-0.2909810422461162,0.0,0.0,0.0,551.0,672.0,697.0,78.0,184.0,259.0,-50.801980167931575,-42.33498347327531,-8.466996694659274,0.0,0.0,0.0,ID_NORMAL_001,JOINT2_SWEEP_MEDIUM,RUN_01,50.0,0.0,NORMAL,NONE,COLD
508860.1530421,34.35,-15.66,109.58,0.18,65.99,-0.08,-2.536514275809815,-1.6141454482426245,-0.6917766206754339,0.0,0.4611844137835134,0.0,354.0,865.0,581.0,96.0,141.0,269.0,-18.23126605004857,-3.67195576787477,-9.24203369424929,0.0,10.63455317584426,0.0,ID_NORMAL_001,JOINT2_SWEEP_MEDIUM,RUN_01,50.0,0.0,NORMAL,NONE,COLD
508860.1843471,34.25,-15.73,109.56,0.18,66.0,-0.08,-3.1943778996870544,-2.2360645297809154,-0.6388755799372746,0.0,0.3194377899688643,0.0,326.0,883.0,705.0,92.0,93.0,273.0,-21.014650211214608,-19.866445694595594,1.689859154044181,0.0,-4.527922824687633,0.0,ID_NORMAL_001,JOINT2_SWEEP_MEDIUM,RUN_01,50.0,0.0,NORMAL,NONE,COLD
508860.1843471,34.15,-15.81,109.53,0.18,66.0,-0.07,0.0,0.0,0.0,0.0,0.0,0.0,333.0,961.0,683.0,97.0,199.0,270.0,0.0,0.0,0.0,0.0,0.0,0.0,ID_NORMAL_001,JOINT2_SWEEP_MEDIUM,RUN_01,50.0,0.0,NORMAL,NONE,COLD
508860.2321214,34.08,-15.86,109.52,0.18,66.01,-0.07,-1.4652229325217787,-1.0465878089441012,-0.20931756178893177,0.0,0.20931756178893177,0.0,96.0,748.0,429.0,100.0,176.0,274.0,-30.669689171253033,-21.906920836608755,-4.381384167324086,0.0,4.381384167324086,0.0,ID_NORMAL_001,JOINT2_SWEEP_MEDIUM,RUN_01,50.0,0.0,NORMAL,NONE,COLD
508860.2779107,33.98,-15.93,109.5,0.18,66.02,-0.07,-2.1839163298723703,-1.5287414309106437,-0.436783265974381,0.0,0.21839163298703532,0.0,545.0,890.0,557.0,105.0,244.0,273.0,-15.695662466453868,-10.52983168519827,-4.967660658565135,0.0,0.19817012267962608,0.0,ID_NORMAL_001,JOINT2_SWEEP_MEDIUM,RUN_01,50.0,0.0,NORMAL,NONE,COLD
508860.2779107,33.88,-16.0,109.48,0.18,66.04,-0.07,0.0,0.0,0.0,0.0,0.0,0.0,335.0,760.0,764.0,103.0,90.0,214.0,0.0,0.0,0.0,0.0,0.0,0.0,ID_NORMAL_001,JOINT2_SWEEP_MEDIUM,RUN_01,50.0,0.0,NORMAL,NONE,COLD
508860.2921154,33.82,-16.05,109.47,0.18,66.04,-0.07,-4.2239540398831785,-3.5199616999025656,-0.7039923399808633,0.0,0.0,0.0,253.0,822.0,674.0,96.0,68.0,175.0,-297.3631288507458,-247.80260737561565,-49.56052147514779,0.0,0.0,0.0,ID_NORMAL_001,JOINT2_SWEEP_MEDIUM,RUN_01,50.0,0.0,NORMAL,NONE,COLD
508860.3410019,33.71,-16.12,109.44,0.18,66.05,-0.07,-2.2501099508680382,-1.4318881505524013,-0.6136663502367642,0.0,0.2045554500787276,0.0,372.0,819.0,726.0,103.0,134.0,193.0,40.37605660140953,42.71268246851975,1.847667348592753,0.0,4.184293215694888,0.0,ID_NORMAL_001,JOINT2_SWEEP_MEDIUM,RUN_01,50.0,0.0,NORMAL,NONE,COLD
508860.385884,33.61,-16.19,109.42,0.18,66.06,-0.07,-2.2280597378801397,-1.559641816516082,-0.4456119475759329,0.0,0.22280597378812478,0.0,184.0,630.0,806.0,100.0,178.0,210.0,0.49129191770017805,-2.8464279950026117,3.7443524834208985,0.0,0.40663257072134157,0.0,ID_NORMAL_001,JOINT2_SWEEP_MEDIUM,RUN_01,50.0,0.0,NORMAL,NONE,COLD
508860.385884,33.51,-16.27,109.39,0.18,66.07,-0.07,0.0,0.0,0.0,0.0,0.0,0.0,473.0,889.0,811.0,99.0,225.0,212.0,0.0,0.0,0.0,0.0,0.0,0.0,ID_NORMAL_001,JOINT2_SWEEP_MEDIUM,RUN_01,50.0,0.0,NORMAL,NONE,COLD
508860.4331343,33.44,-16.31,109.38,0.17,66.08,-0.07,-1.4814720751357566,-0.8465554715061251,-0.21163886787664407,-0.21163886787653538,0.21163886787664407,0.0,272.0,681.0,660.0,97.0,149.0,210.0,-31.35370727724337,-17.916404158424328,-4.4791010396084685,-4.479101039606169,4.4791010396084685,0.0,ID_NORMAL_001,JOINT2_SWEEP_MEDIUM,RUN_01,50.0,0.0,NORMAL,NONE,COLD
508860.4331343,33.34,-16.39,109.36,0.17,66.09,-0.07,0.0,0.0,0.0,0.0,0.0,0.0,293.0,815.0,817.0,108.0,108.0,214.0,0.0,0.0,0.0,0.0,0.0,0.0,ID_NORMAL_001,JOINT2_SWEEP_MEDIUM,RUN_01,50.0,0.0,NORMAL,NONE,COLD
508860.4806422,33.24,-16.46,109.33,0.17,66.1,-0.07,-2.104913078147188,-1.4734391547030168,-0.6314739234441714,0.0,0.21049130781452438,0.0,230.0,796.0,612.0,106.0,78.0,246.0,-44.306590665550075,-31.01461346588474,-13.291977199665338,0.0,4.4306590665509145,0.0,ID_NORMAL_001,JOINT2_SWEEP_MEDIUM,RUN_01,50.0,0.0,NORMAL,NONE,COLD
508860.49313,33.14,-16.53,109.32,0.17,66.11,-0.07,-8.007815605506682,-5.605470923854621,-0.8007815605510665,0.0,0.8007815605510665,0.0,181.0,715.0,724.0,110.0,72.0,242.0,-472.6935497637352,-330.8854848346113,-13.557843385560377,0.0,47.269354976420985,0.0,ID_NORMAL_001,JOINT2_SWEEP_MEDIUM,RUN_01,50.0,0.0,NORMAL,NONE,COLD
508860.5414696,33.07,-16.58,109.3,0.17,66.12,-0.07,-1.448088110664893,-1.0343486504748607,-0.41373946018988544,0.0,0.20686973009508972,0.0,396.0,665.0,711.0,107.0,114.0,247.0,135.7009056354566,94.56268309252403,8.00672948371132,0.0,-12.286238006664576,0.0,ID_NORMAL_001,JOINT2_SWEEP_MEDIUM,RUN_01,50.0,0.0,NORMAL,NONE,COLD
508860.5414696,32.97,-16.65,109.27,0.17,66.13,-0.07,0.0,0.0,0.0,0.0,0.0,0.0,377.0,772.0,664.0,112.0,211.0,245.0,0.0,0.0,0.0,0.0,0.0,0.0,ID_NORMAL_001,JOINT2_SWEEP_MEDIUM,RUN_01,50.0,0.0,NORMAL,NONE,COLD
508860.5891841,32.87,-16.72,109.26,0.17,66.14,-0.07,-2.095798971422859,-1.4670592799959863,-0.2095798971420923,0.0,0.20957989714239011,0.0,553.0,833.0,962.0,104.0,326.0,179.0,-43.92373328617051,-30.74661330031904,-4.392373328612994,0.0,4.392373328619235,0.0,ID_NORMAL_001,JOINT2_SWEEP_MEDIUM,RUN_01,50.0,0.0,NORMAL,NONE,COLD
508860.6395471,32.77,-16.8,109.24,0.17,66.15,-0.07,-1.9855846547448617,-1.5884677237960163,-0.3971169309491981,0.0,0.19855846547459904,0.0,595.0,631.0,788.0,107.0,482.0,233.0,2.1883985592903437,-2.410667429658073,-3.7237065652377876,0.0,-0.21883985592886263,0.0,ID_NORMAL_001,JOINT2_SWEEP_MEDIUM,RUN_01,50.0,0.0,NORMAL,NONE,COLD
508860.6395471,32.7,-16.85,109.22,0.17,66.16,-0.07,0.0,0.0,0.0,0.0,0.0,0.0,393.0,693.0,855.0,107.0,273.0,234.0,0.0,0.0,0.0,0.0,0.0,0.0,ID_NORMAL_001,JOINT2_SWEEP_MEDIUM,RUN_01,50.0,0.0,NORMAL,NONE,COLD
508860.6875882,32.6,-16.92,109.2,0.17,66.17,-0.07,-2.081551006433788,-1.4570857045036367,-0.41631020128666885,0.0,0.20815510064348233,0.0,218.0,803.0,1096.0,107.0,85.0,234.0,-43.32854592385454,-30.32998214669787,-8.66570918476906,0.0,4.332854592387609,0.0,ID_NORMAL_001,JOINT2_SWEEP_MEDIUM,RUN_01,50.0,0.0,NORMAL,NONE,COLD
508860.6875882,32.5,-16.99,109.18,0.17,66.17,-0.07,0.0,0.0,0.0,0.0,0.0,0.0,229.0,620.0,929.0,107.0,287.0,147.0,0.0,0.0,0.0,0.0,0.0,0.0,ID_NORMAL_001,JOINT2_SWEEP_MEDIUM,RUN_01,50.0,0.0,NORMAL,NONE,COLD
508860.7025984,32.43,-17.04,109.16,0.17,66.18,-0.07,-4.6634954793473495,-3.331068199533855,-1.3324272798142047,0.0,0.6662136399071024,0.0,214.0,594.0,1113.0,107.0,523.0,127.0,-310.6884297984725,-221.9203069989112,-88.76812279960863,0.0,44.38406139980432,0.0,ID_NORMAL_001,JOINT2_SWEEP_MEDIUM,RUN_01,50.0,0.0,NORMAL,NONE,COLD
508860.744079,32.33,-17.11,109.14,0.17,66.19,-0.07,-2.4107655133781014,-1.6875358593646537,-0.4821531026755175,0.0,0.24107655133758743,0.0,582.0,633.0,1054.0,105.0,345.0,166.0,54.308037129120095,39.6217108580146,20.498116631618608,0.0,-10.249058315813434,0.0,ID_NORMAL_001,JOINT2_SWEEP_MEDIUM,RUN_01,50.0,0.0,NORMAL,NONE,COLD
508860.7914441,32.23,-17.18,109.12,0.17,66.2,-0.07,-2.1112591361364332,-1.4778813952954883,-0.4222518272271967,0.0,0.21112591361374833,0.0,226.0,738.0,975.0,107.0,278.0,168.0,6.323355752825881,4.426349026978066,1.264671150564905,0.0,-0.6323355752756692,0.0,ID_NORMAL_001,JOINT2_SWEEP_MEDIUM,RUN_01,50.0,0.0,NORMAL,NONE,COLD
508860.7914441,32.13,-17.25,109.09,0.17,66.22,-0.07,0.0,0.0,0.0,0.0,0.0,0.0,294.0,297.0,895.0,106.0,258.0,171.0,0.0,0.0,0.0,0.0,0.0,0.0,ID_NORMAL_001,JOINT2_SWEEP_MEDIUM,RUN_01,50.0,0.0,NORMAL,NONE,COLD
508860.8388405,32.06,-17.3,109.08,0.17,66.23,-0.07,-1.4769054186006811,-1.05493244185764,-0.21098648837163295,0.0,0.21098648837163295,0.0,770.0,555.0,962.0,104.0,253.0,169.0,-31.16070879274349,-22.257649137674147,-4.451529827537043,0.0,4.451529827537043,0.0,ID_NORMAL_001,JOINT2_SWEEP_MEDIUM,RUN_01,50.0,0.0,NORMAL,NONE,COLD
508860.8897288,31.96,-17.37,109.05,0.17,66.23,-0.07,-1.9650882422788878,-1.3755617695952076,-0.5895264726836803,0.0,0.0,0.0,480.0,547.0,891.0,28.0,251.0,201.0,-9.593223268925376,-6.300649220668691,-7.438644724040284,0.0,-4.146070675788013,0.0,ID_NORMAL_001,JOINT2_SWEEP_MEDIUM,RUN_01,50.0,0.0,NORMAL,NONE,COLD
508860.8897288,31.86,-17.45,109.04,0.17,66.24,-0.07,0.0,0.0,0.0,0.0,0.0,0.0,309.0,668.0,750.0,87.0,254.0,203.0,0.0,0.0,0.0,0.0,0.0,0.0,ID_NORMAL_001,JOINT2_SWEEP_MEDIUM,RUN_01,50.0,0.0,NORMAL,NONE,COLD
508860.8968189,31.75,-17.52,109.01,0.17,66.26,-0.07,-15.514590703911159,-9.872921357034466,-4.231252010157771,0.0,2.82083467343985,0.0,110.0,546.0,1156.0,87.0,159.0,199.0,-2188.2047700898893,-1392.4939446026697,-596.78311911545,0.0,397.8554127438218,0.0,ID_NORMAL_001,JOINT2_SWEEP_MEDIUM,RUN_01,50.0,0.0,NORMAL,NONE,COLD
508860.9474027,31.69,-17.57,109.0,0.17,66.26,-0.07,-1.186150506451376,-0.9884587553761818,-0.19769175107533468,0.0,0.0,0.0,290.0,358.0,1014.0,93.0,128.0,197.0,283.26144328125895,175.6384969084251,79.74015906854794,0.0,-55.76557460860585,0.0,ID_NORMAL_001,JOINT2_SWEEP_MEDIUM,RUN_01,50.0,0.0,NORMAL,NONE,COLD
508860.9944328,31.59,-17.64,108.98,0.16,66.27,-0.07,-2.1262978409131623,-1.4884084886391986,-0.42525956818254185,-0.21262978409131342,0.21262978409111985,0.0,295.0,546.0,802.0,80.0,68.0,197.0,-19.990332474063326,-10.630420384022491,-4.8387695817636915,-4.521142508271852,4.521142508267737,0.0,ID_NORMAL_001,JOINT2_SWEEP_MEDIUM,RUN_01,50.0,0.0,NORMAL,NONE,COLD
508860.9944328,31.48,-17.71,108.95,0.16,66.28,-0.07,0.0,0.0,0.0,0.0,0.0,0.0,316.0,265.0,864.0,84.0,140.0,205.0,0.0,0.0,0.0,0.0,0.0,0.0,ID_NORMAL_001,JOINT2_SWEEP_MEDIUM,RUN_01,50.0,0.0,NORMAL,NONE,COLD
508861.0419901,31.38,-17.79,108.93,0.16,66.29,-0.07,-2.102726604931275,-1.6821812839449601,-0.4205453209861653,0.0,0.21027266049323207,0.0,176.0,459.0,1040.0,89.0,440.0,205.0,-44.21459175085743,-35.371673400684685,-8.842918350169601,0.0,4.421459175087942,0.0,ID_NORMAL_001,JOINT2_SWEEP_MEDIUM,RUN_01,50.0,0.0,NORMAL,NONE,COLD
508861.0419901,31.32,-17.84,108.92,0.16,66.3,-0.07,0.0,0.0,0.0,0.0,0.0,0.0,321.0,592.0,897.0,89.0,440.0,205.0,0.0,0.0,0.0,0.0,0.0,0.0,ID_NORMAL_001,JOINT2_SWEEP_MEDIUM,RUN_01,50.0,0.0,NORMAL,NONE,COLD
508861.0951575,31.21,-17.9,108.89,0.16,66.31,-0.07,-2.0689369798475172,-1.1285110799168092,-0.564255539958438,0.0,0.1880851799862351,0.0,614.0,578.0,916.0,97.0,234.0,134.0,-38.913638423459886,-21.225620958250502,-10.61281047912588,0.0,3.537603493043636,0.0,ID_NORMAL_001,JOINT2_SWEEP_MEDIUM,RUN_01,50.0,0.0,NORMAL,NONE,COLD
508861.0951575,31.11,-17.98,108.87,0.16,66.32,-0.07,0.0,0.0,0.0,0.0,0.0,0.0,335.0,406.0,927.0,97.0,221.0,97.0,0.0,0.0,0.0,0.0,0.0,0.0,ID_NORMAL_001,JOINT2_SWEEP_MEDIUM,RUN_01,50.0,0.0,NORMAL,NONE,COLD
508861.1137891,31.01,-18.05,108.84,0.16,66.33,-0.07,-5.3672255685350025,-3.7570578979745974,-1.610167670560596,0.0,0.5367225568537863,0.0,135.0,484.0,750.0,97.0,480.0,136.0,-288.07110303536496,-201.6497721247606,-86.4213309106146,0.0,28.807110303551852,0.0,ID_NORMAL_001,JOINT2_SWEEP_MEDIUM,RUN_01,50.0,0.0,NORMAL,NONE,COLD
508861.1689689,30.95,-18.1,108.83,0.16,66.34,-0.07,-1.087354431113058,-0.9061286925941936,-0.18122573851892884,0.0,0.18122573851892884,0.0,170.0,815.0,1026.0,97.0,327.0,136.0,77.56228076447431,51.66617507099824,25.89610569347837,0.0,-6.442517344383107,0.0,ID_NORMAL_001,JOINT2_SWEEP_MEDIUM,RUN_01,50.0,0.0,NORMAL,NONE,COLD
508861.2153005,30.84,-18.17,108.81,0.16,66.35,-0.07,-2.3741895382806413,-1.5108478879967857,-0.4316708251418511,0.0,0.2158354125707722,0.0,91.0,658.0,923.0,97.0,332.0,136.0,-27.77445862663218,-13.05198170293026,-5.405491859763038,0.0,0.7469993277926357,0.0,ID_NORMAL_001,JOINT2_SWEEP_MEDIUM,RUN_01,50.0,0.0,NORMAL,NONE,COLD
508861.2153005,30.74,-18.24,108.78,0.16,66.36,-0.07,0.0,0.0,0.0,0.0,0.0,0.0,89.0,644.0,814.0,97.0,418.0,140.0,0.0,0.0,0.0,0.0,0.0,0.0,ID_NORMAL_001,JOINT2_SWEEP_MEDIUM,RUN_01,50.0,0.0,NORMAL,NONE,COLD
508861.2613242,30.68,-18.29,108.78,0.16,66.37,-0.07,-1.3036761484129002,-1.086396790344122,0.0,0.0,0.2172793580689325,0.0,390.0,1022.0,821.0,104.0,306.0,138.0,-28.32619166567884,-23.605159721399872,0.0,0.0,4.7210319442823225,0.0,ID_NORMAL_001,JOINT2_SWEEP_MEDIUM,RUN_01,50.0,0.0,NORMAL,NONE,COLD
508861.2613242,30.57,-18.37,108.75,0.16,66.38,-0.07,0.0,0.0,0.0,0.0,0.0,0.0,197.0,711.0,831.0,98.0,403.0,176.0,0.0,0.0,0.0,0.0,0.0,0.0,ID_NORMAL_001,JOINT2_SWEEP_MEDIUM,RUN_01,50.0,0.0,NORMAL,NONE,COLD
508861.3020431,30.47,-18.44,108.73,0.16,66.39,-0.07,-2.455862020959004,-1.7191034146712854,-0.4911724041916961,0.0,0.24558620209602255,0.0,581.0,693.0,910.0,99.0,514.0,175.0,-60.31258265988758,-42.21880786192088,-12.062516531974945,0.0,6.031258265991758,0.0,ID_NORMAL_001,JOINT2_SWEEP_MEDIUM,RUN_01,50.0,0.0,NORMAL,NONE,COLD
508861.3539658,30.37,-18.51,108.7,0.16,66.4,-0.07,-1.9259399061322515,-1.3481579342926102,-0.5777819718397097,0.0,0.19259399061332777,0.0,401.0,703.0,1062.0,102.0,427.0,174.0,10.205981480868617,7.144187036607038,-1.6680482258617373,0.0,-1.020598148087238,0.0,ID_NORMAL_001,JOINT2_SWEEP_MEDIUM,RUN_01,50.0,0.0,NORMAL,NONE,COLD
508861.3539658,30.3,-18.56,108.69,0.16,66.4,-0.07,0.0,0.0,0.0,0.0,0.0,0.0,451.0,766.0,892.0,111.0,587.0,175.0,0.0,0.0,0.0,0.0,0.0,0.0,ID_NORMAL_001,JOINT2_SWEEP_MEDIUM,RUN_01,50.0,0.0,NORMAL,NONE,COLD
508861.401529,30.2,-18.63,108.67,0.16,66.41,-0.07,-2.1024657717863238,-1.4717260402504115,-0.4204931543571751,0.0,0.21024657717843817,0.0,433.0,682.0,1042.0,109.0,540.0,177.0,-44.20362321532999,-30.942536250730676,-8.840724643064114,0.0,4.420362321528916,0.0,ID_NORMAL_001,JOINT2_SWEEP_MEDIUM,RUN_01,50.0,0.0,NORMAL,NONE,COLD
508861.401529,30.1,-18.7,108.64,0.16,66.43,-0.07,0.0,0.0,0.0,0.0,0.0,0.0,319.0,540.0,867.0,112.0,282.0,174.0,0.0,0.0,0.0,0.0,0.0,0.0,ID_NORMAL_001,JOINT2_SWEEP_MEDIUM,RUN_01,50.0,0.0,NORMAL,NONE,COLD
508861.4472726,30.0,-18.77,108.62,0.16,66.44,-0.07,-2.1860981645665394,-1.5302687151965622,-0.4372196329132147,0.0,0.21860981645645203,0.0,179.0,595.0,1018.0,111.0,78.0,174.0,-47.790251851211245,-33.453176295847534,-9.558050370240213,0.0,4.779025185116711,0.0,ID_NORMAL_001,JOINT2_SWEEP_MEDIUM,RUN_01,50.0,0.0,NORMAL,NONE,COLD
508861.4472726,29.93,-18.82,108.61,0.16,66.45,-0.07,0.0,0.0,0.0,0.0,0.0,0.0,140.0,748.0,807.0,107.0,97.0,172.0,0.0,0.0,0.0,0.0,0.0,0.0,ID_NORMAL_001,JOINT2_SWEEP_MEDIUM,RUN_01,50.0,0.0,NORMAL,NONE,COLD
508861.4945472,29.83,-18.9,108.58,0.16,66.45,-0.07,-2.115300818819881,-1.6922406550558449,-0.6345902456459793,0.0,0.0,0.0,234.0,663.0,737.0,109.0,221.0,172.0,-44.74497554099996,-35.7959804327987,-13.423492662300305,0.0,0.0,0.0,ID_NORMAL_001,JOINT2_SWEEP_MEDIUM,RUN_01,50.0,0.0,NORMAL,NONE,COLD
508861.5009643,29.73,-18.97,108.56,0.16,66.46,-0.06,-15.583363136515167,-10.908354195560895,-3.11667262730248,0.0,1.5583363136501327,1.5583363136515513,192.0,582.0,775.0,117.0,502.0,161.0,-2098.7770584186624,-1436.1804400904775,-386.7919108810051,0.0,242.84120664428934,242.8412066445104,ID_NORMAL_001,JOINT2_SWEEP_MEDIUM,RUN_01,50.0,0.0,NORMAL,NONE,COLD
508861.5577825,29.63,-19.04,108.55,0.15,66.47,-0.06,-1.7599994372876548,-1.2319996061013458,-0.17599994372885303,-0.17599994372876313,0.17599994372885303,0.0,366.0,634.0,443.0,64.0,701.0,160.0,243.2911233206267,170.30378632444382,51.75582268336688,-3.097598019252776,-24.329112332036768,-27.426710351316096,ID_NORMAL_001,JOINT2_SWEEP_MEDIUM,RUN_01,50.0,0.0,NORMAL,NONE,COLD
508861.5577825,29.56,-19.09,108.52,0.15,66.48,-0.06,0.0,0.0,0.0,0.0,0.0,0.0,594.0,973.0,653.0,120.0,716.0,164.0,0.0,0.0,0.0,0.0,0.0,0.0,ID_NORMAL_001,JOINT2_SWEEP_MEDIUM,RUN_01,50.0,0.0,NORMAL,NONE,COLD
508861.6038526,29.46,-19.16,108.5,0.15,66.5,-0.06,-2.170605230661928,-1.519423661463388,-0.43412104613230845,0.0,0.43412104613230845,0.0,358.0,588.0,587.0,132.0,404.0,117.0,-47.11527067377021,-32.980689471639984,-9.423054134752368,0.0,9.423054134752368,0.0,ID_NORMAL_001,JOINT2_SWEEP_MEDIUM,RUN_01,50.0,0.0,NORMAL,NONE,COLD
508861.6502881,29.36,-19.23,108.48,0.15,66.51,-0.06,-2.1535247803195263,-1.507467346223653,-0.4307049560638134,0.0,0.21535247803205973,0.0,263.0,581.0,698.0,80.0,366.0,117.0,0.3678317307137841,0.25748221150081085,0.07356634614307361,0.0,-4.711235325588987,0.0,ID_NORMAL_001,JOINT2_SWEEP_MEDIUM,RUN_01,50.0,0.0,NORMAL,NONE,COLD
508861.6502881,29.26,-19.3,108.47,0.15,66.51,-0.06,0.0,0.0,0.0,0.0,0.0,0.0,247.0,665.0,592.0,136.0,582.0,121.0,0.0,0.0,0.0,0.0,0.0,0.0,ID_NORMAL_001,JOINT2_SWEEP_MEDIUM,RUN_01,50.0,0.0,NORMAL,NONE,COLD
508861.7003549,29.19,-19.35,108.44,0.15,66.52,-0.06,-1.3981320962705297,-0.9986657830503886,-0.5991994698302473,0.0,0.19973315660989321,0.0,179.0,297.0,751.0,140.0,652.0,132.0,-27.9253336945974,-19.94666692471263,-11.968000154827863,0.0,3.989333384938841,0.0,ID_NORMAL_001,JOINT2_SWEEP_MEDIUM,RUN_01,50.0,0.0,NORMAL,NONE,COLD
508861.7003549,29.09,-19.43,108.42,0.15,66.53,-0.06,0.0,0.0,0.0,0.0,0.0,0.0,194.0,300.0,639.0,153.0,622.0,141.0,0.0,0.0,0.0,0.0,0.0,0.0,ID_NORMAL_001,JOINT2_SWEEP_MEDIUM,RUN_01,50.0,0.0,NORMAL,NONE,COLD
508861.7272815,28.99,-19.5,108.4,0.15,66.55,-0.06,-3.7137997336100663,-2.59965981352702,-0.7427599467218549,0.0,0.7427599467218549,0.0,295.0,760.0,656.0,162.0,155.0,145.0,-137.92308461362003,-96.54615922953303,-27.584616922718123,0.0,27.584616922718123,0.0,ID_NORMAL_001,JOINT2_SWEEP_MEDIUM,RUN_01,50.0,0.0,NORMAL,NONE,COLD
508861.7599107,28.89,-19.57,108.38,0.15,66.55,-0.06,-3.06473955612822,-2.1453176892898083,-0.6129479112259706,0.0,0.0,0.0,225.0,620.0,676.0,156.0,429.0,140.0,19.892004002362604,13.924402801651343,3.978400800457656,0.0,-22.763657894262064,0.0,ID_NORMAL_001,JOINT2_SWEEP_MEDIUM,RUN_01,50.0,0.0,NORMAL,NONE,COLD
508861.807635,28.82,-19.62,108.36,0.15,66.55,-0.06,-1.4667580263443565,-1.047684304531694,-0.4190737218125882,0.0,0.0,0.0,431.0,574.0,716.0,148.0,592.0,146.0,33.483603353721506,22.999465386821157,4.062378906044051,0.0,0.0,0.0,ID_NORMAL_001,JOINT2_SWEEP_MEDIUM,RUN_01,50.0,0.0,NORMAL,NONE,COLD
508861.807635,28.72,-19.69,108.34,0.15,66.57,-0.06,0.0,0.0,0.0,0.0,0.0,0.0,260.0,307.0,634.0,148.0,656.0,146.0,0.0,0.0,0.0,0.0,0.0,0.0,ID_NORMAL_001,JOINT2_SWEEP_MEDIUM,RUN_01,50.0,0.0,NORMAL,NONE,COLD
508861.8540951,28.62,-19.76,108.32,0.15,66.58,-0.06,-2.152384517235994,-1.5066691620652342,-0.4304769034474282,0.0,0.2152384517237141,0.0,428.0,575.0,671.0,137.0,434.0,146.0,-46.32759110037322,-32.42931377026208,-9.265518220079581,0.0,4.632759110039791,0.0,ID_NORMAL_001,JOINT2_SWEEP_MEDIUM,RUN_01,50.0,0.0,NORMAL,NONE,COLD
508861.8540951,28.55,-19.81,108.3,0.15,66.59,-0.06,0.0,0.0,0.0,0.0,0.0,0.0,289.0,721.0,724.0,145.0,337.0,75.0,0.0,0.0,0.0,0.0,0.0,0.0,ID_NORMAL_001,JOINT2_SWEEP_MEDIUM,RUN_01,50.0,0.0,NORMAL,NONE,COLD
508861.9025504,28.45,-19.88,108.28,0.15,66.6,-0.06,-2.06375773202545,-1.4446304124178004,-0.412751546405002,0.0,0.20637577320235437,0.0,118.0,705.0,744.0,155.0,373.0,122.0,-42.590959764947684,-29.81367183546308,-8.51819195298772,0.0,4.259095976490834,0.0,ID_NORMAL_001,JOINT2_SWEEP_MEDIUM,RUN_01,50.0,0.0,NORMAL,NONE,COLD
508861.9088913,28.35,-19.96,108.27,0.15,66.61,-0.06,-15.77063200288371,-12.616505602307528,-1.5770632002892115,0.0,1.5770632002892115,0.0,155.0,668.0,765.0,150.0,404.0,137.0,-2161.660700355052,-1761.8753240190124,-183.61930630077168,0.0,216.16607003566784,0.0,ID_NORMAL_001,JOINT2_SWEEP_MEDIUM,RUN_01,50.0,0.0,NORMAL,NONE,COLD
508861.9483473,28.24,-20.03,108.24,0.15,66.62,-0.06,-2.787915650921103,-1.7741281414952066,-0.7603406320694001,0.0,0.2534468773565867,0.0,44.0,799.0,775.0,150.0,472.0,131.0,329.04289190095363,274.79667105629153,20.69957845818572,0.0,-33.54664238653096,0.0,ID_NORMAL_001,JOINT2_SWEEP_MEDIUM,RUN_01,50.0,0.0,NORMAL,NONE,COLD
508861.9959884,28.18,-20.08,108.22,0.15,66.63,-0.06,-1.259416763760861,-1.0495139698006801,-0.41980558792021244,0.0,0.20990279395995706,0.0,111.0,679.0,882.0,153.0,290.0,138.0,32.08361869799118,15.209853918179947,7.147925720825683,0.0,-0.9140024765386255,0.0,ID_NORMAL_001,JOINT2_SWEEP_MEDIUM,RUN_01,50.0,0.0,NORMAL,NONE,COLD
508861.9959884,28.08,-20.15,108.21,0.15,66.64,-0.06,0.0,0.0,0.0,0.0,0.0,0.0,298.0,554.0,1159.0,154.0,340.0,141.0,0.0,0.0,0.0,0.0,0.0,0.0,ID_NORMAL_001,JOINT2_SWEEP_MEDIUM,RUN_01,50.0,0.0,NORMAL,NONE,COLD
508862.0438858,27.98,-20.22,108.18,0.15,66.65,-0.06,-2.0877959979212144,-1.461457198544887,-0.6263387993761047,0.0,0.20877959979223268,0.0,559.0,521.0,914.0,161.0,342.0,136.0,-43.58892128935932,-30.512244902552297,-13.076676386802376,0.0,4.358892128938255,0.0,ID_NORMAL_001,JOINT2_SWEEP_MEDIUM,RUN_01,50.0,0.0,NORMAL,NONE,COLD
508862.0916246,27.87,-20.3,108.15,0.15,66.66,-0.06,-2.3042053843027523,-1.6757857340384126,-0.628419650264414,0.0,0.20947321675460623,0.0,390.0,395.0,856.0,154.0,375.0,136.0,-4.533197030127245,-4.489608777217343,-0.043588252916123324,0.0,0.014529417630407833,0.0,ID_NORMAL_001,JOINT2_SWEEP_MEDIUM,RUN_01,50.0,0.0,NORMAL,NONE,COLD
508862.0916246,27.81,-20.34,108.14,0.15,66.67,-0.06,0.0,0.0,0.0,0.0,0.0,0.0,466.0,618.0,938.0,156.0,265.0,133.0,0.0,0.0,0.0,0.0,0.0,0.0,ID_NORMAL_001,JOINT2_SWEEP_MEDIUM,RUN_01,50.0,0.0,NORMAL,NONE,COLD
508862.1054431,27.71,-20.41,108.12,0.14,66.68,-0.06,-7.236675481015597,-5.065672836711046,-1.4473350962028624,-0.7236675481015737,0.7236675481019453,0.0,331.0,684.0,875.0,167.0,263.0,133.0,-523.6947201753344,-366.5863041227434,-104.73894403504828,-52.369472017534456,52.36947201756135,0.0,ID_NORMAL_001,JOINT2_SWEEP_MEDIUM,RUN_01,50.0,0.0,NORMAL,NONE,COLD
508862.1532162,27.6,-20.48,108.09,0.14,66.69,-0.06,-2.302551015841193,-1.4652597373535001,-0.627968458865807,0.0,0.20932281962173735,0.0,221.0,596.0,744.0,161.0,142.0,117.0,103.28248454158425,75.36486217612455,17.15121348315299,15.148013163750843,-10.766408882315195,0.0,ID_NORMAL_001,JOINT2_SWEEP_MEDIUM,RUN_01,50.0,0.0,NORMAL,NONE,COLD
508862.2002217,27.5,-20.56,108.07,0.14,66.7,-0.06,-2.1274106219729383,-1.70192849757829,-0.42548212439479927,0.0,0.21274106219739963,0.0,214.0,516.0,733.0,165.0,142.0,133.0,3.7259553425184393,-5.034916343913773,4.307715787579808,0.0,0.07272005563943974,0.0,ID_NORMAL_001,JOINT2_SWEEP_MEDIUM,RUN_01,50.0,0.0,NORMAL,NONE,COLD
508862.2002217,27.43,-20.61,108.06,0.14,66.7,-0.06,0.0,0.0,0.0,0.0,0.0,0.0,188.0,528.0,694.0,160.0,110.0,135.0,0.0,0.0,0.0,0.0,0.0,0.0,ID_NORMAL_001,JOINT2_SWEEP_MEDIUM,RUN_01,50.0,0.0,NORMAL,NONE,COLD
508862.248166,27.33,-20.68,108.04,0.14,66.71,-0.06,-2.085753676962271,-1.4600275738735748,-0.41715073539236525,0.0,0.20857536769603444,0.0,256.0,645.0,864.0,166.0,187.0,136.0,-43.50368400961572,-30.452578806730692,-8.700736801921288,0.0,4.350368400957553,0.0,ID_NORMAL_001,JOINT2_SWEEP_MEDIUM,RUN_01,50.0,0.0,NORMAL,NONE,COLD
508862.248166,27.23,-20.75,108.01,0.14,66.72,-0.06,0.0,0.0,0.0,0.0,0.0,0.0,277.0,1033.0,768.0,165.0,377.0,133.0,0.0,0.0,0.0,0.0,0.0,0.0,ID_NORMAL_001,JOINT2_SWEEP_MEDIUM,RUN_01,50.0,0.0,NORMAL,NONE,COLD
508862.2942395,27.17,-20.8,108.0,0.14,66.73,-0.06,-1.3022670296060523,-1.0852225246717488,-0.2170445049344577,0.0,0.2170445049344577,0.0,216.0,906.0,740.0,166.0,214.0,127.0,-28.26499027331678,-23.554158561098156,-4.710831712221974,0.0,4.710831712221974,0.0,ID_NORMAL_001,JOINT2_SWEEP_MEDIUM,RUN_01,50.0,0.0,NORMAL,NONE,COLD
508862.2942395,27.06,-20.87,107.98,0.14,66.74,-0.06,0.0,0.0,0.0,0.0,0.0,0.0,255.0,987.0,817.0,160.0,234.0,136.0,0.0,0.0,0.0,0.0,0.0,0.0,ID_NORMAL_001,JOINT2_SWEEP_MEDIUM,RUN_01,50.0,0.0,NORMAL,NONE,COLD
508862.3177024,26.96,-20.95,107.95,0.14,66.75,-0.06,-4.262047750619851,-3.4096382004958805,-1.278614325186031,0.0,0.4262047750622122,0.0,483.0,926.0,1004.0,157.0,145.0,136.0,-181.65051028564116,-145.32040822851292,-54.49515308569558,0.0,18.1650510285738,0.0,ID_NORMAL_001,JOINT2_SWEEP_MEDIUM,RUN_01,50.0,0.0,NORMAL,NONE,COLD
508862.3728292,26.86,-21.02,107.93,0.14,66.76,-0.06,-1.813999723376688,-1.2697998063636688,-0.3627999446752603,0.0,0.18139997233775904,0.0,678.0,680.0,873.0,132.0,273.0,136.0,44.40758444231881,38.816662550265924,16.61287032910907,0.0,-4.440758444234365,0.0,ID_NORMAL_001,JOINT2_SWEEP_MEDIUM,RUN_01,50.0,0.0,NORMAL,NONE,COLD
508862.4085389,26.79,-21.06,107.92,0.14,66.77,-0.06,-1.9602516950393443,-1.1201438257367398,-0.28003595643433415,0.0,0.2800359564339362,0.0,97.0,655.0,821.0,136.0,263.0,136.0,-4.095581076493812,4.190905567095883,2.3176892605355874,0.0,2.7621622145200613,0.0,ID_NORMAL_001,JOINT2_SWEEP_MEDIUM,RUN_01,50.0,0.0,NORMAL,NONE,COLD
508862.4085389,26.69,-21.14,107.9,0.14,66.78,-0.06,0.0,0.0,0.0,0.0,0.0,0.0,253.0,779.0,1013.0,134.0,408.0,136.0,0.0,0.0,0.0,0.0,0.0,0.0,ID_NORMAL_001,JOINT2_SWEEP_MEDIUM,RUN_01,50.0,0.0,NORMAL,NONE,COLD
508862.4486953,26.59,-21.21,107.87,0.14,66.79,-0.06,-2.4902630746409864,-1.7431841522486728,-0.7470789223923135,0.0,0.2490263074642225,0.0,126.0,903.0,906.0,135.0,306.0,136.0,-62.014101809202906,-43.4098712664416,-18.60423054276131,0.0,6.201410180923375,0.0,ID_NORMAL_001,JOINT2_SWEEP_MEDIUM,RUN_01,50.0,0.0,NORMAL,NONE,COLD
508862.5004562,26.49,-21.28,107.85,0.14,66.8,-0.06,-1.9319602244685707,-1.3523721571279859,-0.38639204489390633,0.0,0.1931960224466786,0.0,398.0,697.0,789.0,134.0,194.0,138.0,10.786188997405276,7.5503322981836165,6.968327008146808,0.0,-1.0786188997463684,0.0,ID_NORMAL_001,JOINT2_SWEEP_MEDIUM,RUN_01,50.0,0.0,NORMAL,NONE,COLD
508862.5004562,26.42,-21.33,107.83,0.14,66.81,-0.06,0.0,0.0,0.0,0.0,0.0,0.0,359.0,600.0,980.0,134.0,222.0,138.0,0.0,0.0,0.0,0.0,0.0,0.0,ID_NORMAL_001,JOINT2_SWEEP_MEDIUM,RUN_01,50.0,0.0,NORMAL,NONE,COLD
508862.5123534,26.32,-21.4,107.82,0.14,66.82,-0.06,-8.40533905722702,-5.883737340058854,-0.84053390572312,0.0,0.8405339057219255,0.0,269.0,654.0,970.0,131.0,369.0,138.0,-706.49724666945,-494.54807266860996,-70.64972466698013,0.0,70.64972466687973,0.0,ID_NORMAL_001,JOINT2_SWEEP_MEDIUM,RUN_01,50.0,0.0,NORMAL,NONE,COLD
508862.5577867,26.22,-21.48,107.79,0.14,66.83,-0.06,-2.20102875970764,-1.7608230077661273,-0.6603086279119947,0.0,0.22010287597087344,0.0,489.0,536.0,640.0,85.0,368.0,144.0,136.55865398990224,90.74653019186982,3.966810196885803,0.0,-13.655865398970725,0.0,ID_NORMAL_001,JOINT2_SWEEP_MEDIUM,RUN_01,50.0,0.0,NORMAL,NONE,COLD
508862.6046536,26.12,-21.55,107.77,0.14,66.84,-0.06,-2.1337020372032556,-1.4935914260423166,-0.4267404074408785,0.0,0.21337020372043924,0.0,411.0,755.0,775.0,132.0,141.0,145.0,1.4365516496582613,5.701925703291552,4.983649878451705,0.0,-0.14365516496573577,0.0,ID_NORMAL_001,JOINT2_SWEEP_MEDIUM,RUN_01,50.0,0.0,NORMAL,NONE,COLD
508862.6046536,26.05,-21.6,107.75,0.14,66.85,-0.06,0.0,0.0,0.0,0.0,0.0,0.0,333.0,867.0,802.0,135.0,75.0,144.0,0.0,0.0,0.0,0.0,0.0,0.0,ID_NORMAL_001,JOINT2_SWEEP_MEDIUM,RUN_01,50.0,0.0,NORMAL,NONE,COLD
508862.6535509,25.95,-21.67,107.73,0.14,66.86,-0.06,-2.045102695929332,-1.4315718871505179,-0.4090205391857792,0.0,0.20451026959303492,0.0,214.0,704.0,842.0,43.0,106.0,146.0,-41.82445036897362,-29.27711525828124,-8.36489007379294,0.0,4.182445036899443,0.0,ID_NORMAL_001,JOINT2_SWEEP_MEDIUM,RUN_01,50.0,0.0,NORMAL,NONE,COLD
508862.6535509,25.85,-21.74,107.71,0.14,66.87,-0.06,0.0,0.0,0.0,0.0,0.0,0.0,132.0,785.0,650.0,133.0,195.0,166.0,0.0,0.0,0.0,0.0,0.0,0.0,ID_NORMAL_001,JOINT2_SWEEP_MEDIUM,RUN_01,50.0,0.0,NORMAL,NONE,COLD
508862.6982887,25.75,-21.81,107.69,0.13,66.88,-0.06,-2.2352462558585815,-1.564672379100991,-0.447049251171621,-0.22352462558585515,0.22352462558565167,0.0,349.0,567.0,831.0,140.0,214.0,149.0,-49.96325824329736,-34.97428077030779,-9.992651648657342,-4.996325824329669,4.996325824325121,0.0,ID_NORMAL_001,JOINT2_SWEEP_MEDIUM,RUN_01,50.0,0.0,NORMAL,NONE,COLD
508862.7125171,25.68,-21.86,107.67,0.13,66.88,-0.06,-4.919738002851821,-3.514098573465622,-1.405639429385949,0.0,0.0,0.0,281.0,457.0,792.0,138.0,318.0,150.0,-188.67137237178085,-137.00951617386335,-67.37160755602157,15.709751358113593,-15.709751358099291,0.0,ID_NORMAL_001,JOINT2_SWEEP_MEDIUM,RUN_01,50.0,0.0,NORMAL,NONE,COLD
508862.7614372,25.58,-21.93,107.65,0.13,66.89,-0.06,-2.044149540510443,-1.4309046783572956,-0.4088299081020014,0.0,0.20441495405114596,0.0,296.0,483.0,765.0,50.0,510.0,153.0,58.78132833992175,42.58359843479784,20.37627724908987,0.0,4.178547343971074,0.0,ID_NORMAL_001,JOINT2_SWEEP_MEDIUM,RUN_01,50.0,0.0,NORMAL,NONE,COLD
508862.7614372,25.48,-22.01,107.63,0.13,66.9,-0.06,0.0,0.0,0.0,0.0,0.0,0.0,236.0,584.0,691.0,131.0,666.0,151.0,0.0,0.0,0.0,0.0,0.0,0.0,ID_NORMAL_001,JOINT2_SWEEP_MEDIUM,RUN_01,50.0,0.0,NORMAL,NONE,COLD
508862.8059078,25.41,-22.05,107.61,0.13,66.91,-0.06,-1.5740736587526627,-0.8994706621443559,-0.44973533107209807,0.0,0.22486766553588924,0.0,312.0,610.0,699.0,132.0,594.0,146.0,-35.39582690255691,-20.22618680146058,-10.113093400728495,0.0,5.056546700360654,0.0,ID_NORMAL_001,JOINT2_SWEEP_MEDIUM,RUN_01,50.0,0.0,NORMAL,NONE,COLD
508862.8530213,25.31,-22.13,107.59,0.13,66.93,-0.06,-2.122533880423643,-1.6980271043388542,-0.42450677608463816,0.0,0.4245067760849398,0.0,614.0,571.0,497.0,136.0,376.0,155.0,-11.64125402561301,-16.94963103988363,0.5354846271501377,0.0,4.237407759979949,0.0,ID_NORMAL_001,JOINT2_SWEEP_MEDIUM,RUN_01,50.0,0.0,NORMAL,NONE,COLD
508862.8530213,25.21,-22.2,107.57,0.13,66.93,-0.06,0.0,0.0,0.0,0.0,0.0,0.0,237.0,680.0,623.0,136.0,381.0,155.0,0.0,0.0,0.0,0.0,0.0,0.0,ID_NORMAL_001,JOINT2_SWEEP_MEDIUM,RUN_01,50.0,0.0,NORMAL,NONE,COLD
508862.9008686,25.11,-22.27,107.55,0.13,66.94,-0.06,-2.0899820883643545,-1.4629874618550334,-0.4179964176727818,0.0,0.2089982088362424,0.0,381.0,467.0,679.0,116.0,547.0,155.0,-43.68025129683767,-30.576175907786055,-8.73605025936567,0.0,4.368025129679732,0.0,ID_NORMAL_001,JOINT2_SWEEP_MEDIUM,RUN_01,50.0,0.0,NORMAL,NONE,COLD
508862.9008686,25.04,-22.32,107.53,0.13,66.95,-0.06,0.0,0.0,0.0,0.0,0.0,0.0,446.0,788.0,833.0,118.0,548.0,150.0,0.0,0.0,0.0,0.0,0.0,0.0,ID_NORMAL_001,JOINT2_SWEEP_MEDIUM,RUN_01,50.0,0.0,NORMAL,NONE,COLD
508862.9239328,24.94,-22.39,107.51,0.13,66.96,-0.05,-4.335723760546923,-3.035006632382923,-0.8671447521092306,0.0,0.4335723760543072,0.43357237605470134,136.0,601.0,729.0,68.0,332.0,160.0,-187.98500527771552,-131.58950369440421,-37.597001055536424,0.0,18.798500527754857,18.798500527771946,ID_NORMAL_001,JOINT2_SWEEP_MEDIUM,RUN_01,50.0,0.0,NORMAL,NONE,COLD
508862.9630695,24.84,-22.46,107.49,0.13,66.97,-0.05,-2.555146449333909,-1.788602514533718,-0.511029289867036,0.0,0.255514644933518,0.0,394.0,591.0,765.0,103.0,284.0,155.0,45.49635794510387,31.847450561575137,9.099271589010343,0.0,-4.549635794497299,-11.078409172054206,ID_NORMAL_001,JOINT2_SWEEP_MEDIUM,RUN_01,50.0,0.0,NORMAL,NONE,COLD
508863.0178349,24.73,-22.54,107.46,0.13,66.99,-0.05,-2.0085674527661546,-1.4607763292844522,-0.547791123481702,0.0,0.3651940823210482,0.0,279.0,720.0,909.0,110.0,45.0,156.0,9.980370753378006,5.986009144146971,-0.6712602045674843,0.0,2.002714074311797,0.0,ID_NORMAL_001,JOINT2_SWEEP_MEDIUM,RUN_01,50.0,0.0,NORMAL,NONE,COLD
508863.0178349,24.67,-22.58,107.45,0.13,66.99,-0.05,0.0,0.0,0.0,0.0,0.0,0.0,241.0,447.0,791.0,111.0,25.0,155.0,0.0,0.0,0.0,0.0,0.0,0.0,ID_NORMAL_001,JOINT2_SWEEP_MEDIUM,RUN_01,50.0,0.0,NORMAL,NONE,COLD
508863.0580739,24.57,-22.66,107.43,0.13,67.0,-0.05,-2.485151221793289,-1.9881209774346489,-0.49703024435855186,0.0,0.2485151221794525,0.0,453.0,347.0,638.0,107.0,171.0,155.0,-61.759765951805896,-49.40781276144516,-12.351953190358547,0.0,6.175976595183662,0.0,ID_NORMAL_001,JOINT2_SWEEP_MEDIUM,RUN_01,50.0,0.0,NORMAL,NONE,COLD
508863.0580739,24.47,-22.73,107.41,0.13,67.0,-0.05,0.0,0.0,0.0,0.0,0.0,0.0,595.0,477.0,1122.0,108.0,576.0,146.0,0.0,0.0,0.0,0.0,0.0,0.0,ID_NORMAL_001,JOINT2_SWEEP_MEDIUM,RUN_01,50.0,0.0,NORMAL,NONE,COLD
508863.1094104,24.36,-22.8,107.38,0.13,67.02,-0.05,-2.142724962657183,-1.3635522489636747,-0.5843795352701661,0.0,0.38958635684668513,0.0,614.0,578.0,1083.0,107.0,596.0,146.0,-41.73882059631137,-26.561067652198393,-11.383314708085411,0.0,7.588876472055143,0.0,ID_NORMAL_001,JOINT2_SWEEP_MEDIUM,RUN_01,50.0,0.0,NORMAL,NONE,COLD
508863.114719,24.3,-22.85,107.37,0.13,67.03,-0.05,-11.30241489358202,-9.41867907798535,-1.88373581559533,0.0,1.883735815598007,0.0,135.0,498.0,1014.0,107.0,403.0,146.0,-1725.4435982646723,-1517.3730907004772,-244.76439624694632,0.0,281.45828493048026,0.0,ID_NORMAL_001,JOINT2_SWEEP_MEDIUM,RUN_01,50.0,0.0,NORMAL,NONE,COLD
508863.1656874,24.2,-22.92,107.35,0.13,67.04,-0.05,-1.9619999854642154,-1.3733999898249367,-0.39239999709303824,0.0,0.19619999854651912,0.0,314.0,308.0,985.0,111.0,292.0,146.0,183.2589391395661,157.8483745402606,29.260008542237188,0.0,-33.10945248525315,0.0,ID_NORMAL_001,JOINT2_SWEEP_MEDIUM,RUN_01,50.0,0.0,NORMAL,NONE,COLD
508863.2118516,24.09,-22.99,107.32,0.13,67.05,-0.05,-2.3827987920895857,-1.516326504056946,-0.6498542160244605,0.0,0.21661807200794825,0.0,314.0,467.0,933.0,107.0,292.0,166.0,-9.115262619451606,-3.0960465951782594,-5.576923653528762,0.0,0.44229237073354544,0.0,ID_NORMAL_001,JOINT2_SWEEP_MEDIUM,RUN_01,50.0,0.0,NORMAL,NONE,COLD
508863.2118516,23.99,-23.07,107.3,0.13,67.06,-0.05,0.0,0.0,0.0,0.0,0.0,0.0,371.0,703.0,799.0,109.0,406.0,140.0,0.0,0.0,0.0,0.0,0.0,0.0,ID_NORMAL_001,JOINT2_SWEEP_MEDIUM,RUN_01,50.0,0.0,NORMAL,NONE,COLD
508863.2578377,23.93,-23.11,107.29,0.12,67.06,-0.05,-1.3047420839230879,-0.8698280559487253,-0.21745701398698816,-0.21745701398718612,0.0,0.0,195.0,437.0,1156.0,116.0,460.0,141.0,-28.372531759333306,-18.91502117288887,-4.7287552932180175,-4.728755293222322,0.0,0.0,ID_NORMAL_001,JOINT2_SWEEP_MEDIUM,RUN_01,50.0,0.0,NORMAL,NONE,COLD
508863.2578377,23.83,-23.19,107.26,0.12,67.07,-0.05,0.0,0.0,0.0,0.0,0.0,0.0,402.0,507.0,954.0,120.0,566.0,143.0,0.0,0.0,0.0,0.0,0.0,0.0,ID_NORMAL_001,JOINT2_SWEEP_MEDIUM,RUN_01,50.0,0.0,NORMAL,NONE,COLD
508863.3042682,23.72,-23.26,107.24,0.12,67.09,-0.05,-2.3691323595560925,-1.5076296833538911,-0.43075133810133037,0.0,0.43075133810133037,0.0,350.0,830.0,1005.0,68.0,382.0,144.0,-51.025346700871346,-32.47067517328207,-9.277335763799584,0.0,9.277335763799584,0.0,ID_NORMAL_001,JOINT2_SWEEP_MEDIUM,RUN_01,50.0,0.0,NORMAL,NONE,COLD
508863.3042682,23.66,-23.31,107.23,0.12,67.1,-0.05,0.0,0.0,0.0,0.0,0.0,0.0,500.0,860.0,817.0,101.0,419.0,140.0,0.0,0.0,0.0,0.0,0.0,0.0,ID_NORMAL_001,JOINT2_SWEEP_MEDIUM,RUN_01,50.0,0.0,NORMAL,NONE,COLD
508863.3295824,23.55,-23.38,107.2,0.12,67.11,-0.05,-4.345387178969236,-2.765246386616812,-1.1851055942643882,0.0,0.3950351980883165,0.0,481.0,728.0,1001.0,107.0,342.0,141.0,-171.6580885013665,-109.2369654099615,-46.81584231855651,0.0,15.605280772859562,0.0,ID_NORMAL_001,JOINT2_SWEEP_MEDIUM,RUN_01,50.0,0.0,NORMAL,NONE,COLD
508863.3840179,23.45,-23.45,107.18,0.12,67.12,-0.05,-1.8370364926624438,-1.2859255448636977,-0.36740729853241044,0.0,0.18370364926633576,0.0,372.0,722.0,790.0,113.0,310.0,142.0,46.07931747140399,27.17566370656557,15.021416092475091,0.0,-3.88223767236848,0.0,ID_NORMAL_001,JOINT2_SWEEP_MEDIUM,RUN_01,50.0,0.0,NORMAL,NONE,COLD
508863.4317955,23.35,-23.52,107.16,0.12,67.13,-0.05,-2.0930310436463713,-1.465121730552497,-0.41860620872949733,0.0,0.20930310436445124,0.0,82.0,782.0,710.0,107.0,225.0,143.0,-5.358045422136852,-3.7506317954968464,-1.071609084433679,0.0,0.5358045422078821,0.0,ID_NORMAL_001,JOINT2_SWEEP_MEDIUM,RUN_01,50.0,0.0,NORMAL,NONE,COLD
508863.4317955,23.28,-23.57,107.14,0.12,67.13,-0.05,0.0,0.0,0.0,0.0,0.0,0.0,202.0,598.0,618.0,107.0,265.0,141.0,0.0,0.0,0.0,0.0,0.0,0.0,ID_NORMAL_001,JOINT2_SWEEP_MEDIUM,RUN_01,50.0,0.0,NORMAL,NONE,COLD
508863.473785,23.18,-23.64,107.12,0.12,67.14,-0.05,-2.3815477682297055,-1.6670834377607768,-0.47630955364583955,0.0,0.238154776823089,0.0,279.0,713.0,707.0,108.0,254.0,136.0,-56.7176977235981,-39.70238840651827,-11.343539544717203,0.0,5.671769772362631,0.0,ID_NORMAL_001,JOINT2_SWEEP_MEDIUM,RUN_01,50.0,0.0,NORMAL,NONE,COLD
508863.473785,23.08,-23.72,107.1,0.12,67.15,-0.05,0.0,0.0,0.0,0.0,0.0,0.0,160.0,747.0,632.0,112.0,271.0,136.0,0.0,0.0,0.0,0.0,0.0,0.0,ID_NORMAL_001,JOINT2_SWEEP_MEDIUM,RUN_01,50.0,0.0,NORMAL,NONE,COLD
508863.5081067,22.98,-23.79,107.09,0.12,67.16,-0.05,-2.913608587559979,-2.039526011292037,-0.29136085875573914,0.0,0.29136085875573914,0.0,324.0,816.0,763.0,107.0,485.0,138.0,-84.89115001503437,-59.42380501052556,-8.489115001495897,0.0,8.489115001495897,0.0,ID_NORMAL_001,JOINT2_SWEEP_MEDIUM,RUN_01,50.0,0.0,NORMAL,NONE,COLD
508863.5275527,22.91,-23.84,107.06,0.12,67.17,-0.05,-3.5997120246766623,-2.5712228747690706,-1.542733724861479,0.0,0.5142445749540699,0.0,362.0,679.0,752.0,107.0,517.0,139.0,-35.28249703944148,-27.34222275630194,-64.35117076392733,0.0,11.461674190053554,0.0,ID_NORMAL_001,JOINT2_SWEEP_MEDIUM,RUN_01,50.0,0.0,NORMAL,NONE,COLD
508863.5723953,22.81,-23.91,107.04,0.12,67.18,-0.05,-2.2300223444488894,-1.5610156411142067,-0.44600446888968276,0.0,0.22300223444499984,0.0,525.0,585.0,676.0,107.0,245.0,140.0,30.54438591868944,22.527847035742145,24.457307466278763,0.0,-6.494769269848089,0.0,ID_NORMAL_001,JOINT2_SWEEP_MEDIUM,RUN_01,50.0,0.0,NORMAL,NONE,COLD
508863.6207225,22.71,-23.98,107.02,0.12,67.19,-0.05,-2.069228095223629,-1.4484596666565768,-0.41384561904494627,0.0,0.2069228095221791,0.0,458.0,527.0,758.0,107.0,328.0,136.0,3.3271997804730638,2.3290398463300583,0.6654399560880819,0.0,-0.33271997805340425,0.0,ID_NORMAL_001,JOINT2_SWEEP_MEDIUM,RUN_01,50.0,0.0,NORMAL,NONE,COLD
508863.6207225,22.61,-24.06,107.0,0.12,67.2,-0.05,0.0,0.0,0.0,0.0,0.0,0.0,235.0,601.0,891.0,107.0,498.0,137.0,0.0,0.0,0.0,0.0,0.0,0.0,ID_NORMAL_001,JOINT2_SWEEP_MEDIUM,RUN_01,50.0,0.0,NORMAL,NONE,COLD
508863.6683322,22.54,-24.1,106.98,0.12,67.21,-0.05,-1.4702886192545683,-0.8401649252883782,-0.4200824626440771,0.0,0.21004123132188932,0.0,482.0,665.0,763.0,107.0,345.0,139.0,-30.88212319870709,-17.64692754211946,-8.823463771057378,0.0,4.411731885525555,0.0,ID_NORMAL_001,JOINT2_SWEEP_MEDIUM,RUN_01,50.0,0.0,NORMAL,NONE,COLD
508863.6683322,22.44,-24.17,106.96,0.12,67.22,-0.05,0.0,0.0,0.0,0.0,0.0,0.0,262.0,663.0,860.0,107.0,327.0,138.0,0.0,0.0,0.0,0.0,0.0,0.0,ID_NORMAL_001,JOINT2_SWEEP_MEDIUM,RUN_01,50.0,0.0,NORMAL,NONE,COLD
508863.7131475,22.34,-24.25,106.94,0.12,67.23,-0.05,-2.231380799135328,-1.7851046393081988,-0.44627615982697044,0.0,0.2231380799136438,0.0,417.0,624.0,846.0,111.0,175.0,117.0,-49.790602707497435,-39.83248216599653,-9.958120541497365,0.0,4.97906027075222,0.0,ID_NORMAL_001,JOINT2_SWEEP_MEDIUM,RUN_01,50.0,0.0,NORMAL,NONE,COLD
508863.7131475,22.27,-24.3,106.92,0.12,67.24,-0.05,0.0,0.0,0.0,0.0,0.0,0.0,185.0,229.0,719.0,111.0,142.0,117.0,0.0,0.0,0.0,0.0,0.0,0.0,ID_NORMAL_001,JOINT2_SWEEP_MEDIUM,RUN_01,50.0,0.0,NORMAL,NONE,COLD
508863.7400016,22.17,-24.37,106.9,0.12,67.25,-0.05,-3.7238261573359166,-2.606678310135208,-0.7447652314670511,0.0,0.3723826157337901,0.0,257.0,179.0,567.0,112.0,199.0,117.0,-138.66881250059475,-97.06816875041879,-27.733762500114025,0.0,13.866881250066864,0.0,ID_NORMAL_001,JOINT2_SWEEP_MEDIUM,RUN_01,50.0,0.0,NORMAL,NONE,COLD
508863.7909785,22.07,-24.44,106.88,0.11,67.26,-0.05,-1.9616728370368364,-1.3731709859257717,-0.39233456740756245,-0.19616728370368075,0.19616728370378123,0.0,477.0,356.0,854.0,109.0,227.0,117.0,34.56768303124929,24.19737812187607,6.913536606243435,-3.848160319568039,-3.4567683031269074,0.0,ID_NORMAL_001,JOINT2_SWEEP_MEDIUM,RUN_01,50.0,0.0,NORMAL,NONE,COLD
508863.8367656,21.97,-24.51,106.86,0.11,67.27,-0.05,-2.1840212617284083,-1.5288148832098702,-0.43680425234558856,0.0,0.2184021261726391,0.0,639.0,630.0,917.0,113.0,332.0,117.0,-4.85613687038204,-3.3992958092673886,-0.971227374070112,4.284335184643414,0.4856136870316668,0.0,ID_NORMAL_001,JOINT2_SWEEP_MEDIUM,RUN_01,50.0,0.0,NORMAL,NONE,COLD
508863.8367656,21.9,-24.56,106.84,0.11,67.28,-0.05,0.0,0.0,0.0,0.0,0.0,0.0,409.0,425.0,768.0,114.0,206.0,141.0,0.0,0.0,0.0,0.0,0.0,0.0,ID_NORMAL_001,JOINT2_SWEEP_MEDIUM,RUN_01,50.0,0.0,NORMAL,NONE,COLD
508863.8846934,21.8,-24.63,106.82,0.11,67.29,-0.05,-2.0864717352690683,-1.4605302146883847,-0.417294347054036,0.0,0.208647173527018,0.0,643.0,635.0,1022.0,109.0,153.0,136.0,-43.533643020768096,-30.473550114538437,-8.706728604158258,0.0,4.353364302079129,0.0,ID_NORMAL_001,JOINT2_SWEEP_MEDIUM,RUN_01,50.0,0.0,NORMAL,NONE,COLD
508863.8846934,21.7,-24.71,106.8,0.11,67.3,-0.05,0.0,0.0,0.0,0.0,0.0,0.0,275.0,537.0,999.0,116.0,146.0,136.0,0.0,0.0,0.0,0.0,0.0,0.0,ID_NORMAL_001,JOINT2_SWEEP_MEDIUM,RUN_01,50.0,0.0,NORMAL,NONE,COLD
508863.9411279,21.6,-24.78,106.78,0.11,67.31,-0.05,-1.7719657310315844,-1.2403760117221405,-0.35439314620625395,0.0,0.17719657310325287,0.0,207.0,661.0,1033.0,115.0,202.0,136.0,-31.398625519503643,-21.979037863653108,-6.279725103899613,0.0,3.139862551952038,0.0,ID_NORMAL_001,JOINT2_SWEEP_MEDIUM,RUN_01,50.0,0.0,NORMAL,NONE,COLD
508863.9411279,21.53,-24.83,106.76,0.11,67.31,-0.05,0.0,0.0,0.0,0.0,0.0,0.0,353.0,487.0,768.0,116.0,478.0,136.0,0.0,0.0,0.0,0.0,0.0,0.0,ID_NORMAL_001,JOINT2_SWEEP_MEDIUM,RUN_01,50.0,0.0,NORMAL,NONE,COLD
508863.9603395,21.43,-24.9,106.74,0.11,67.32,-0.05,-5.205188529016381,-3.6436319703114295,-1.0410377058037938,0.0,0.5205188529011573,0.0,229.0,498.0,820.0,112.0,620.0,136.0,-270.9398762260333,-189.65791335822138,-54.1879752452336,0.0,27.0939876225783,0.0,ID_NORMAL_001,JOINT2_SWEEP_MEDIUM,RUN_01,50.0,0.0,NORMAL,NONE,COLD
508864.0117665,21.33,-24.97,106.72,0.11,67.33,-0.05,-1.9445038587960182,-1.3611527011571989,-0.38890077175912074,0.0,0.19445038587969854,0.0,481.0,524.0,1069.0,114.0,655.0,136.0,63.40413923560426,44.38289746492254,12.680827847132532,0.0,-6.340413923549197,0.0,ID_NORMAL_001,JOINT2_SWEEP_MEDIUM,RUN_01,50.0,0.0,NORMAL,NONE,COLD
508864.0411801,21.22,-25.04,106.7,0.11,67.35,-0.05,-3.7397666402676277,-2.379851498352149,-0.6799575709576188,0.0,0.6799575709576188,0.0,260.0,475.0,875.0,117.0,534.0,136.0,-61.03512600601484,-34.63359798391319,-9.895313709687475,0.0,16.50621431240597,0.0,ID_NORMAL_001,JOINT2_SWEEP_MEDIUM,RUN_01,50.0,0.0,NORMAL,NONE,COLD
508864.0411801,21.16,-25.09,106.68,0.11,67.36,-0.05,0.0,0.0,0.0,0.0,0.0,0.0,363.0,603.0,726.0,113.0,401.0,137.0,0.0,0.0,0.0,0.0,0.0,0.0,ID_NORMAL_001,JOINT2_SWEEP_MEDIUM,RUN_01,50.0,0.0,NORMAL,NONE,COLD
508864.0904082,21.06,-25.16,106.66,0.11,67.36,-0.05,-2.0313601382323245,-1.421952096762613,-0.40627202764666703,0.0,0.0,0.0,475.0,699.0,770.0,117.0,330.0,136.0,-41.2642401119919,-28.884968078394042,-8.252848022402487,0.0,0.0,0.0,ID_NORMAL_001,JOINT2_SWEEP_MEDIUM,RUN_01,50.0,0.0,NORMAL,NONE,COLD
508864.136263,20.96,-25.24,106.64,0.11,67.38,-0.05,-2.1807967744109282,-1.7446374195287424,-0.43615935488210816,0.0,0.43615935488210816,0.0,403.0,284.0,774.0,117.0,360.0,136.0,-3.258909341571253,-7.037111110381394,-0.6517818683081529,0.0,9.51174914256073,0.0,ID_NORMAL_001,JOINT2_SWEEP_MEDIUM,RUN_01,50.0,0.0,NORMAL,NONE,COLD
508864.136263,20.85,-25.31,106.62,0.11,67.39,-0.05,0.0,0.0,0.0,0.0,0.0,0.0,242.0,565.0,897.0,97.0,237.0,136.0,0.0,0.0,0.0,0.0,0.0,0.0,ID_NORMAL_001,JOINT2_SWEEP_MEDIUM,RUN_01,50.0,0.0,NORMAL,NONE,COLD
508864.1506551,20.79,-25.36,106.6,0.11,67.39,-0.05,-4.168953805816228,-3.4741281715134416,-1.3896512686060678,0.0,0.0,0.0,162.0,468.0,1013.0,96.0,223.0,137.0,-289.6695972504826,-241.39133104206314,-96.55653241687328,0.0,0.0,0.0,ID_NORMAL_001,JOINT2_SWEEP_MEDIUM,RUN_01,50.0,0.0,NORMAL,NONE,COLD
508864.1977262,20.68,-25.43,106.58,0.11,67.4,-0.05,-2.336890364729052,-1.4871120502821378,-0.42488915722338166,0.0,0.2124445786118418,0.0,222.0,344.0,1097.0,51.0,306.0,136.0,38.921194573172684,42.21308025697047,20.495848021326065,0.0,4.513269898153994,0.0,ID_NORMAL_001,JOINT2_SWEEP_MEDIUM,RUN_01,50.0,0.0,NORMAL,NONE,COLD
508864.2460861,20.58,-25.5,106.56,0.11,67.41,-0.04,-2.0678289237585195,-1.4474802466309489,-0.4135657847516157,0.0,0.20678289237566094,0.20678289237584904,118.0,543.0,966.0,56.0,448.0,141.0,5.563730299070052,0.8195178989064574,0.23414797111608313,0.0,-0.11707398556420107,4.275916457932196,ID_NORMAL_001,JOINT2_SWEEP_MEDIUM,RUN_01,50.0,0.0,NORMAL,NONE,COLD
508864.2460861,20.52,-25.55,106.54,0.11,67.42,-0.04,0.0,0.0,0.0,0.0,0.0,0.0,281.0,576.0,1065.0,78.0,343.0,143.0,0.0,0.0,0.0,0.0,0.0,0.0,ID_NORMAL_001,JOINT2_SWEEP_MEDIUM,RUN_01,50.0,0.0,NORMAL,NONE,COLD
508864.2898147,20.41,-25.62,106.52,0.11,67.44,-0.04,-2.5155161597067317,-1.6007830107224805,-0.4573665744923694,0.0,0.45736657449204443,0.0,275.0,343.0,1129.0,32.0,43.0,139.0,-57.52565045223397,-36.60723210596741,-10.459209173138854,0.0,10.459209173131422,0.0,ID_NORMAL_001,JOINT2_SWEEP_MEDIUM,RUN_01,50.0,0.0,NORMAL,NONE,COLD
508864.2898147,20.31,-25.7,106.5,0.11,67.44,-0.04,0.0,0.0,0.0,0.0,0.0,0.0,306.0,427.0,1175.0,68.0,113.0,139.0,0.0,0.0,0.0,0.0,0.0,0.0,ID_NORMAL_001,JOINT2_SWEEP_MEDIUM,RUN_01,50.0,0.0,NORMAL,NONE,COLD
508864.3404304,20.21,-25.77,106.48,0.11,67.45,-0.04,-1.9756715816536188,-1.3829701071575682,-0.39513431633065355,0.0,0.19756715816546716,0.0,349.0,641.0,991.0,75.0,274.0,135.0,-39.032781985537945,-27.322947389877257,-7.806556397106203,0.0,3.9032781985558747,0.0,ID_NORMAL_001,JOINT2_SWEEP_MEDIUM,RUN_01,50.0,0.0,NORMAL,NONE,COLD
508864.3449595,20.15,-25.81,106.46,0.1,67.45,-0.04,-13.247665017516521,-8.831776678343825,-4.415888339174265,-2.207944169586002,0.0,0.0,645.0,768.0,903.0,38.0,532.0,98.0,-2488.7932186325197,-1644.6549039224603,-887.760040207702,-487.50174560088226,-43.62172549731189,0.0,ID_NORMAL_001,JOINT2_SWEEP_MEDIUM,RUN_01,50.0,0.0,NORMAL,NONE,COLD
508864.4024352,20.04,-25.89,106.44,0.1,67.47,-0.04,-1.913852289382003,-1.3918925740960415,-0.3479731435239331,0.0,0.3479731435239331,0.0,346.0,848.0,768.0,61.0,411.0,137.0,197.19312215606584,129.44399296046788,70.77626191097515,38.4152636708167,6.054265430697591,0.0,ID_NORMAL_001,JOINT2_SWEEP_MEDIUM,RUN_01,50.0,0.0,NORMAL,NONE,COLD
508864.4024352,19.94,-25.96,106.42,0.1,67.48,-0.04,0.0,0.0,0.0,0.0,0.0,0.0,236.0,834.0,717.0,70.0,270.0,136.0,0.0,0.0,0.0,0.0,0.0,0.0,ID_NORMAL_001,JOINT2_SWEEP_MEDIUM,RUN_01,50.0,0.0,NORMAL,NONE,COLD
508864.4543319,19.84,-26.03,106.39,0.1,67.49,-0.04,-1.9269047937367747,-1.3488333556157286,-0.5780714381210461,0.0,0.19269047937349948,0.0,83.0,541.0,704.0,74.0,419.0,132.0,-37.12962084125709,-25.9907345888797,-11.138886252377391,0.0,3.7129620841222795,0.0,ID_NORMAL_001,JOINT2_SWEEP_MEDIUM,RUN_01,50.0,0.0,NORMAL,NONE,COLD
508864.4955123,19.77,-26.08,106.38,0.1,67.5,-0.04,-1.6998377867756982,-1.2141698476968534,-0.24283396953950873,0.0,0.24283396953950873,0.0,265.0,646.0,727.0,74.0,328.0,138.0,5.513958265178526,3.2700874180038793,8.14070452339894,0.0,1.2176542763571114,0.0,ID_NORMAL_001,JOINT2_SWEEP_MEDIUM,RUN_01,50.0,0.0,NORMAL,NONE,COLD
508864.4955123,19.67,-26.15,106.36,0.1,67.51,-0.04,0.0,0.0,0.0,0.0,0.0,0.0,169.0,594.0,1117.0,78.0,252.0,139.0,0.0,0.0,0.0,0.0,0.0,0.0,ID_NORMAL_001,JOINT2_SWEEP_MEDIUM,RUN_01,50.0,0.0,NORMAL,NONE,COLD
508864.5503845,19.57,-26.23,106.34,0.1,67.52,-0.04,-1.8224164510051883,-1.4579331608041637,-0.36448329020096,0.0,0.1822416451003505,0.0,399.0,615.0,1024.0,86.0,327.0,133.0,-33.21201720894299,-26.569613767154628,-6.642403441787183,0.0,3.3212017208912314,0.0,ID_NORMAL_001,JOINT2_SWEEP_MEDIUM,RUN_01,50.0,0.0,NORMAL,NONE,COLD
508864.5503845,19.47,-26.3,106.31,0.1,67.53,-0.04,0.0,0.0,0.0,0.0,0.0,0.0,396.0,483.0,865.0,96.0,254.0,136.0,0.0,0.0,0.0,0.0,0.0,0.0,ID_NORMAL_001,JOINT2_SWEEP_MEDIUM,RUN_01,50.0,0.0,NORMAL,NONE,COLD
508864.5615866,19.4,-26.35,106.3,0.1,67.54,-0.04,-6.248828363715491,-4.463448831225397,-0.8926897662455232,0.0,0.8926897662455232,0.0,426.0,599.0,824.0,87.0,244.0,134.0,-557.8265131310724,-398.44750937934145,-79.68950187590792,0.0,79.68950187590792,0.0,ID_NORMAL_001,JOINT2_SWEEP_MEDIUM,RUN_01,50.0,0.0,NORMAL,NONE,COLD
508864.6025589,19.3,-26.42,106.28,0.1,67.55,-0.04,-2.440673330072822,-1.7084713310510187,-0.4881346660144777,0.0,0.2440673330070654,0.0,642.0,608.0,746.0,93.0,307.0,131.0,92.94462427394431,67.2400010962644,9.873868436788712,0.0,-15.83075474092077,0.0,ID_NORMAL_001,JOINT2_SWEEP_MEDIUM,RUN_01,50.0,0.0,NORMAL,NONE,COLD
508864.6491801,19.2,-26.49,106.25,0.1,67.56,-0.04,-2.1449469345514345,-1.5014628541859125,-0.6434840803654456,0.0,0.2144946934552501,0.0,379.0,619.0,925.0,92.0,289.0,135.0,6.343174255395358,4.440221978779646,-3.3321625009646443,0.0,-0.6343174255325983,0.0,ID_NORMAL_001,JOINT2_SWEEP_MEDIUM,RUN_01,50.0,0.0,NORMAL,NONE,COLD
508864.6491801,19.13,-26.54,106.24,0.1,67.56,-0.04,0.0,0.0,0.0,0.0,0.0,0.0,222.0,535.0,873.0,88.0,212.0,138.0,0.0,0.0,0.0,0.0,0.0,0.0,ID_NORMAL_001,JOINT2_SWEEP_MEDIUM,RUN_01,50.0,0.0,NORMAL,NONE,COLD
508864.6980491,19.03,-26.61,106.22,0.1,67.57,-0.04,-2.0462870125889467,-1.432400908812299,-0.4092574025177167,0.0,0.20462870125871294,0.0,333.0,295.0,985.0,92.0,233.0,134.0,-41.87290537890286,-29.311033765232747,-8.374581075779085,0.0,4.187290537886567,0.0,ID_NORMAL_001,JOINT2_SWEEP_MEDIUM,RUN_01,50.0,0.0,NORMAL,NONE,COLD
508864.742296,18.93,-26.68,106.19,0.1,67.59,-0.04,-2.260045335907511,-1.5820317351352415,-0.6780136007722694,0.0,0.452009067181727,0.0,225.0,498.0,857.0,99.0,241.0,133.0,-4.83103501627524,-3.381724511391481,-6.0740119236142744,0.0,5.590908421993934,0.0,ID_NORMAL_001,JOINT2_SWEEP_MEDIUM,RUN_01,50.0,0.0,NORMAL,NONE,COLD
508864.742296,18.83,-26.75,106.16,0.1,67.59,-0.04,0.0,0.0,0.0,0.0,0.0,0.0,161.0,607.0,838.0,98.0,294.0,135.0,0.0,0.0,0.0,0.0,0.0,0.0,ID_NORMAL_001,JOINT2_SWEEP_MEDIUM,RUN_01,50.0,0.0,NORMAL,NONE,COLD
508864.7540569,18.76,-26.8,106.16,0.1,67.6,-0.04,-5.951925462201607,-4.251375330144264,0.0,0.0,0.8502750660280674,0.0,492.0,606.0,1029.0,90.0,296.0,135.0,-506.07738153722096,-361.48384395517985,0.0,0.0,72.29676879096918,0.0,ID_NORMAL_001,JOINT2_SWEEP_MEDIUM,RUN_01,50.0,0.0,NORMAL,NONE,COLD
508864.8056854,18.66,-26.88,106.13,0.1,67.61,-0.04,-1.9369146889553839,-1.5495317511642521,-0.5810744066866289,0.0,0.19369146889563474,0.0,91.0,496.0,751.0,101.0,488.0,136.0,77.76733343014612,52.332405153860975,-11.2549155368735,0.0,-12.717464138129548,0.0,ID_NORMAL_001,JOINT2_SWEEP_MEDIUM,RUN_01,50.0,0.0,NORMAL,NONE,COLD
508864.8509749,18.56,-26.95,106.11,0.1,67.62,-0.04,-2.2080173091779374,-1.5456121164245407,-0.44160346183549337,0.0,0.2208017309179036,0.0,264.0,311.0,993.0,91.0,531.0,133.0,-5.985992780148823,0.0865462135093795,3.0795426035870443,0.0,0.5985992780151804,0.0,ID_NORMAL_001,JOINT2_SWEEP_MEDIUM,RUN_01,50.0,0.0,NORMAL,NONE,COLD
508864.8509749,18.46,-27.02,106.09,0.1,67.64,-0.04,0.0,0.0,0.0,0.0,0.0,0.0,475.0,319.0,999.0,103.0,252.0,134.0,0.0,0.0,0.0,0.0,0.0,0.0,ID_NORMAL_001,JOINT2_SWEEP_MEDIUM,RUN_01,50.0,0.0,NORMAL,NONE,COLD
508864.9013001,18.39,-27.07,106.08,0.1,67.64,-0.04,-1.3909532395770332,-0.9935380282693195,-0.19870760565396273,0.0,0.0,0.0,411.0,170.0,879.0,107.0,189.0,147.0,-27.639298781283365,-19.74235627234546,-3.948471254471056,0.0,0.0,0.0,ID_NORMAL_001,JOINT2_SWEEP_MEDIUM,RUN_01,50.0,0.0,NORMAL,NONE,COLD
508864.9013001,18.29,-27.14,106.05,0.1,67.65,-0.04,0.0,0.0,0.0,0.0,0.0,0.0,255.0,206.0,808.0,103.0,205.0,142.0,0.0,0.0,0.0,0.0,0.0,0.0,ID_NORMAL_001,JOINT2_SWEEP_MEDIUM,RUN_01,50.0,0.0,NORMAL,NONE,COLD
508864.9448978,18.19,-27.21,106.02,0.09,67.66,-0.04,-2.2936989817481925,-1.6055892872237754,-0.6881096945244984,-0.22936989817482434,0.22936989817461553,0.0,70.0,454.0,886.0,104.0,219.0,145.0,-52.61055018872807,-36.827385132110585,-15.783165056619355,-5.2610550188729235,5.261055018868134,0.0,ID_NORMAL_001,JOINT2_SWEEP_MEDIUM,RUN_01,50.0,0.0,NORMAL,NONE,COLD
508864.9448978,18.09,-27.29,106.01,0.09,67.67,-0.04,0.0,0.0,0.0,0.0,0.0,0.0,194.0,528.0,767.0,102.0,329.0,146.0,0.0,0.0,0.0,0.0,0.0,0.0,ID_NORMAL_001,JOINT2_SWEEP_MEDIUM,RUN_01,50.0,0.0,NORMAL,NONE,COLD
508864.9707294,18.02,-27.33,105.99,0.09,67.68,-0.04,-2.709859241029177,-1.548490994873776,-0.7742454974373006,0.0,0.3871227487186503,0.0,63.0,553.0,719.0,102.0,193.0,145.0,-104.90481580273138,-59.94560903013069,-29.97280451508132,0.0,14.98640225754066,0.0,ID_NORMAL_001,JOINT2_SWEEP_MEDIUM,RUN_01,50.0,0.0,NORMAL,NONE,COLD
508865.0225325,17.92,-27.41,105.96,0.09,67.69,-0.04,-1.930386406153131,-1.5443091249225733,-0.5791159218459736,0.0,0.19303864061514164,0.0,64.0,309.0,884.0,96.0,188.0,140.0,15.04683764410395,0.0807262490610197,3.7667548015993555,0.0,-3.7465732393337587,0.0,ID_NORMAL_001,JOINT2_SWEEP_MEDIUM,RUN_01,50.0,0.0,NORMAL,NONE,COLD
508865.0696947,17.82,-27.48,105.95,0.09,67.7,-0.04,-2.1203421369149043,-1.484239495840418,-0.21203421369129455,0.0,0.2120342136915959,0.0,265.0,545.0,640.0,101.0,195.0,143.0,-4.027711400826447,1.2736816569174125,7.783388134910544,0.0,0.40277114008851644,0.0,ID_NORMAL_001,JOINT2_SWEEP_MEDIUM,RUN_01,50.0,0.0,NORMAL,NONE,COLD
508865.0696947,17.75,-27.53,105.93,0.09,67.71,-0.04,0.0,0.0,0.0,0.0,0.0,0.0,372.0,527.0,675.0,107.0,275.0,141.0,0.0,0.0,0.0,0.0,0.0,0.0,ID_NORMAL_001,JOINT2_SWEEP_MEDIUM,RUN_01,50.0,0.0,NORMAL,NONE,COLD
508865.1083195,17.65,-27.6,105.9,0.09,67.72,-0.04,-2.589010170639244,-1.8123071194474525,-0.7767030511917916,0.0,0.25890101706405316,0.0,222.0,494.0,756.0,98.0,325.0,143.0,-67.02973663673353,-46.92081564571299,-20.108920991020533,0.0,6.702973663676686,0.0,ID_NORMAL_001,JOINT2_SWEEP_MEDIUM,RUN_01,50.0,0.0,NORMAL,NONE,COLD
508865.1083195,17.55,-27.67,105.88,0.09,67.73,-0.04,0.0,0.0,0.0,0.0,0.0,0.0,361.0,356.0,613.0,99.0,320.0,136.0,0.0,0.0,0.0,0.0,0.0,0.0,ID_NORMAL_001,JOINT2_SWEEP_MEDIUM,RUN_01,50.0,0.0,NORMAL,NONE,COLD
508865.1575979,17.45,-27.74,105.87,0.09,67.74,-0.04,-2.029286664185088,-1.4205006649294751,-0.20292866641832136,0.0,0.20292866641832136,0.0,210.0,202.0,532.0,107.0,458.0,136.0,-41.18004365439384,-28.82603055807393,-4.1180043654355805,0.0,4.1180043654355805,0.0,ID_NORMAL_001,JOINT2_SWEEP_MEDIUM,RUN_01,50.0,0.0,NORMAL,NONE,COLD
508865.2116086,17.38,-27.79,105.85,0.09,67.74,-0.04,-1.2960394892207672,-0.9257424923005575,-0.3702969969204072,0.0,0.0,0.0,125.0,159.0,649.0,107.0,463.0,139.0,13.575961344476076,9.160373276311143,-3.098799508223643,0.0,-3.7571937881864517,0.0,ID_NORMAL_001,JOINT2_SWEEP_MEDIUM,RUN_01,50.0,0.0,NORMAL,NONE,COLD
508865.2116086,17.28,-27.87,105.82,0.09,67.75,-0.04,0.0,0.0,0.0,0.0,0.0,0.0,105.0,202.0,874.0,107.0,583.0,140.0,0.0,0.0,0.0,0.0,0.0,0.0,ID_NORMAL_001,JOINT2_SWEEP_MEDIUM,RUN_01,50.0,0.0,NORMAL,NONE,COLD
508865.257041,17.18,-27.94,105.81,0.09,67.77,-0.04,-2.2010723616517756,-1.5407506531562274,-0.22010723616497424,0.0,0.4402144723302613,0.0,124.0,296.0,821.0,107.0,466.0,101.0,-48.44719541227256,-33.91303678859045,-4.844719541222781,0.0,9.689439082452447,0.0,ID_NORMAL_001,JOINT2_SWEEP_MEDIUM,RUN_01,50.0,0.0,NORMAL,NONE,COLD
508865.257041,17.07,-28.01,105.79,0.09,67.78,-0.04,0.0,0.0,0.0,0.0,0.0,0.0,147.0,139.0,765.0,129.0,551.0,133.0,0.0,0.0,0.0,0.0,0.0,0.0,ID_NORMAL_001,JOINT2_SWEEP_MEDIUM,RUN_01,50.0,0.0,NORMAL,NONE,COLD
508865.3034572,17.01,-28.06,105.77,0.09,67.78,-0.04,-1.2926521344138842,-1.0772101120115318,-0.4308840448048577,0.0,0.0,0.0,241.0,206.0,765.0,123.0,465.0,132.0,-27.849159010080104,-23.20763250839926,-9.283053003364982,0.0,0.0,0.0,ID_NORMAL_001,JOINT2_SWEEP_MEDIUM,RUN_01,50.0,0.0,NORMAL,NONE,COLD
508865.3034572,16.91,-28.13,105.75,0.09,67.8,-0.04,0.0,0.0,0.0,0.0,0.0,0.0,473.0,109.0,633.0,115.0,432.0,136.0,0.0,0.0,0.0,0.0,0.0,0.0,ID_NORMAL_001,JOINT2_SWEEP_MEDIUM,RUN_01,50.0,0.0,NORMAL,NONE,COLD
508865.3503581,16.81,-28.2,105.73,0.09,67.81,-0.04,-2.1321552454607677,-1.4925086718225224,-0.42643104909206264,0.0,0.21321552454618284,0.0,364.0,223.0,727.0,122.0,189.0,134.0,-45.46085990745802,-31.8226019352203,-9.092171981489667,0.0,4.546085990748064,0.0,ID_NORMAL_001,JOINT2_SWEEP_MEDIUM,RUN_01,50.0,0.0,NORMAL,NONE,COLD
508865.3591519,16.7,-28.27,105.71,0.09,67.82,-0.04,-12.5088130795443,-7.960153777891901,-2.274329650827412,0.0,1.1371648254120899,0.0,416.0,420.0,780.0,111.0,264.0,135.0,-1179.9970294267328,-735.4778517877431,-210.13652908235343,0.0,105.06826454097572,0.0,ID_NORMAL_001,JOINT2_SWEEP_MEDIUM,RUN_01,50.0,0.0,NORMAL,NONE,COLD
508865.413514,16.64,-28.32,105.69,0.09,67.82,-0.04,-1.103710121062555,-0.9197584342188285,-0.36790337368745296,0.0,0.0,0.0,423.0,611.0,802.0,121.0,288.0,158.0,209.79879278395097,129.50925995156368,35.06903295231708,0.0,-20.918338785394727,0.0,ID_NORMAL_001,JOINT2_SWEEP_MEDIUM,RUN_01,50.0,0.0,NORMAL,NONE,COLD
508865.413514,16.53,-28.4,105.67,0.09,67.84,-0.04,0.0,0.0,0.0,0.0,0.0,0.0,313.0,617.0,819.0,124.0,137.0,136.0,0.0,0.0,0.0,0.0,0.0,0.0,ID_NORMAL_001,JOINT2_SWEEP_MEDIUM,RUN_01,50.0,0.0,NORMAL,NONE,COLD
508865.4587159,16.43,-28.47,105.65,0.09,67.84,-0.04,-2.2122963853960913,-1.5486074697772483,-0.44245927707912397,0.0,0.0,0.0,313.0,216.0,934.0,126.0,138.0,136.0,-48.94255296836541,-34.25978707785544,-9.788510593670997,0.0,0.0,0.0,ID_NORMAL_001,JOINT2_SWEEP_MEDIUM,RUN_01,50.0,0.0,NORMAL,NONE,COLD
508865.506313,16.33,-28.54,105.62,0.09,67.85,-0.04,-2.1009683376879305,-1.4706778363815363,-0.6302905013063941,0.0,0.21009683376859897,0.0,182.0,209.0,988.0,114.0,326.0,137.0,2.33896703331454,1.6372769233201658,-3.94627454930651,0.0,4.414067955963046,0.0,ID_NORMAL_001,JOINT2_SWEEP_MEDIUM,RUN_01,50.0,0.0,NORMAL,NONE,COLD
508865.506313,16.27,-28.59,105.61,0.08,67.86,-0.04,0.0,0.0,0.0,0.0,0.0,0.0,280.0,448.0,962.0,126.0,254.0,136.0,0.0,0.0,0.0,0.0,0.0,0.0,ID_NORMAL_001,JOINT2_SWEEP_MEDIUM,RUN_01,50.0,0.0,NORMAL,NONE,COLD
508865.5528107,16.16,-28.66,105.59,0.08,67.88,-0.03,-2.3657084094791756,-1.5054508060322165,-0.43012880172340306,0.0,0.43012880172340306,0.21506440086174436,260.0,464.0,848.0,154.0,112.0,143.0,-50.877966169822905,-32.37688756261487,-9.25053930360237,0.0,9.25053930360237,4.625269651802106,ID_NORMAL_001,JOINT2_SWEEP_MEDIUM,RUN_01,50.0,0.0,NORMAL,NONE,COLD
508865.5528107,16.06,-28.73,105.57,0.08,67.88,-0.03,0.0,0.0,0.0,0.0,0.0,0.0,220.0,413.0,1010.0,125.0,172.0,146.0,0.0,0.0,0.0,0.0,0.0,0.0,ID_NORMAL_001,JOINT2_SWEEP_MEDIUM,RUN_01,50.0,0.0,NORMAL,NONE,COLD
508865.5736395,16.0,-28.78,105.55,0.08,67.89,-0.03,-2.8806268264875396,-2.4005223554063684,-0.9602089421623426,0.0,0.4801044710815125,0.0,184.0,489.0,1068.0,119.0,273.0,146.0,-138.30018189133085,-115.25015157611314,-46.10006063043543,0.0,23.050030315234093,0.0,ID_NORMAL_001,JOINT2_SWEEP_MEDIUM,RUN_01,50.0,0.0,NORMAL,NONE,COLD
508865.6231651,15.89,-28.85,105.53,0.08,67.89,-0.03,-2.221073546478955,-1.413410438668439,-0.40383155390518627,0.0,0.0,0.0,118.0,565.0,936.0,117.0,664.0,146.0,13.317421297459108,19.93134696073421,11.234137262882063,0.0,-9.694066729685666,0.0,ID_NORMAL_001,JOINT2_SWEEP_MEDIUM,RUN_01,50.0,0.0,NORMAL,NONE,COLD
508865.6551532,15.79,-28.93,105.5,0.08,67.91,-0.03,-3.1261625442250045,-2.500930035379915,-0.9378487632675235,0.0,0.6252325088448676,0.0,340.0,220.0,650.0,116.0,425.0,166.0,-28.29455323943809,-33.9976302935005,-16.694245978800772,0.0,19.545784505826262,0.0,ID_NORMAL_001,JOINT2_SWEEP_MEDIUM,RUN_01,50.0,0.0,NORMAL,NONE,COLD
508865.6551532,15.69,-29.0,105.48,0.08,67.93,-0.03,0.0,0.0,0.0,0.0,0.0,0.0,320.0,99.0,1130.0,112.0,189.0,146.0,0.0,0.0,0.0,0.0,0.0,0.0,ID_NORMAL_001,JOINT2_SWEEP_MEDIUM,RUN_01,50.0,0.0,NORMAL,NONE,COLD
508865.7158098,15.62,-29.05,105.47,0.08,67.93,-0.03,-1.1540376470598126,-0.8243126050427317,-0.16486252100862833,0.0,0.0,0.0,85.0,129.0,826.0,117.0,91.0,146.0,-19.025755583304903,-13.5898254166465,-2.7179650833306517,0.0,0.0,0.0,ID_NORMAL_001,JOINT2_SWEEP_MEDIUM,RUN_01,50.0,0.0,NORMAL,NONE,COLD
508865.7158098,15.52,-29.12,105.44,0.08,67.94,-0.03,0.0,0.0,0.0,0.0,0.0,0.0,78.0,435.0,938.0,117.0,123.0,146.0,0.0,0.0,0.0,0.0,0.0,0.0,ID_NORMAL_001,JOINT2_SWEEP_MEDIUM,RUN_01,50.0,0.0,NORMAL,NONE,COLD
508865.7592392,15.42,-29.19,105.42,0.08,67.95,-0.03,-2.3025876502813354,-1.6118113551969468,-0.46051753005617707,0.0,0.23025876502825213,0.0,171.0,349.0,864.0,110.0,124.0,146.0,-53.0190988722814,-37.113369210597256,-10.603819774454207,0.0,5.30190988723087,0.0,ID_NORMAL_001,JOINT2_SWEEP_MEDIUM,RUN_01,50.0,0.0,NORMAL,NONE,COLD
508865.7663846,15.32,-29.26,105.4,0.08,67.96,-0.03,-13.995017690146563,-9.79651238310267,-2.799003538028766,0.0,1.3995017690133884,0.0,238.0,169.0,1026.0,115.0,199.0,146.0,-1636.3576524871553,-1145.4503567410175,-327.27153049736717,0.0,163.6357652485215,0.0,ID_NORMAL_001,JOINT2_SWEEP_MEDIUM,RUN_01,50.0,0.0,NORMAL,NONE,COLD
508865.811413,15.25,-29.31,105.39,0.08,67.97,-0.03,-1.5545744474844831,-1.110410319631706,-0.22208206392646745,0.0,0.22208206392646745,0.0,350.0,384.0,956.0,111.0,295.0,146.0,276.27993114890563,192.90274737305924,57.22880395447806,0.0,-26.148379821326223,0.0,ID_NORMAL_001,JOINT2_SWEEP_MEDIUM,RUN_01,50.0,0.0,NORMAL,NONE,COLD
508865.8522572,15.15,-29.38,105.36,0.08,67.98,-0.03,-2.448328036522449,-1.7138296255657273,-0.7344984109567652,0.0,0.24483280365237103,0.0,301.0,105.0,929.0,112.0,94.0,146.0,-21.882019697842228,-14.773684044971862,-12.54563308806699,0.0,0.5570127392255498,0.0,ID_NORMAL_001,JOINT2_SWEEP_MEDIUM,RUN_01,50.0,0.0,NORMAL,NONE,COLD
508865.8522572,15.05,-29.46,105.34,0.08,67.99,-0.03,0.0,0.0,0.0,0.0,0.0,0.0,605.0,38.0,1037.0,131.0,146.0,146.0,0.0,0.0,0.0,0.0,0.0,0.0,ID_NORMAL_001,JOINT2_SWEEP_MEDIUM,RUN_01,50.0,0.0,NORMAL,NONE,COLD
508865.8993161,14.95,-29.53,105.31,0.08,68.0,-0.03,-2.124996546730657,-1.4874975827114447,-0.6374989640192121,0.0,0.2124996546731714,0.0,431.0,137.0,1007.0,136.0,220.0,146.0,-45.15610323617153,-31.60927226531975,-13.546830970851778,0.0,4.5156103236193985,0.0,ID_NORMAL_001,JOINT2_SWEEP_MEDIUM,RUN_01,50.0,0.0,NORMAL,NONE,COLD
508865.9459742,14.88,-29.58,105.3,0.08,68.0,-0.03,-1.5002754083997882,-1.0716252917140965,-0.2143250583429411,0.0,0.0,0.0,117.0,358.0,896.0,130.0,238.0,146.0,13.389339442076356,8.913185303117364,9.069677202323064,0.0,-4.5544000885659,0.0,ID_NORMAL_001,JOINT2_SWEEP_MEDIUM,RUN_01,50.0,0.0,NORMAL,NONE,COLD
508865.9459742,14.78,-29.65,105.27,0.08,68.01,-0.03,0.0,0.0,0.0,0.0,0.0,0.0,328.0,345.0,941.0,136.0,268.0,146.0,0.0,0.0,0.0,0.0,0.0,0.0,ID_NORMAL_001,JOINT2_SWEEP_MEDIUM,RUN_01,50.0,0.0,NORMAL,NONE,COLD
508865.9677359,14.68,-29.72,105.25,0.08,68.03,-0.03,-4.595229223440988,-3.2166604564087162,-0.9190458446880181,0.0,0.9190458446880181,0.0,200.0,245.0,801.0,166.0,231.0,146.0,-211.16131615966142,-147.81292131176411,-42.23226323192404,0.0,42.23226323192404,0.0,ID_NORMAL_001,JOINT2_SWEEP_MEDIUM,RUN_01,50.0,0.0,NORMAL,NONE,COLD
508866.0103752,14.58,-29.79,105.23,0.08,68.04,-0.03,-2.3452542610522804,-1.6416779827366088,-0.4690508522103644,0.0,0.23452542610534885,0.0,205.0,376.0,792.0,164.0,275.0,146.0,52.7676336780308,36.93734357462184,10.553526735604098,0.0,-16.05374428458301,0.0,ID_NORMAL_001,JOINT2_SWEEP_MEDIUM,RUN_01,50.0,0.0,NORMAL,NONE,COLD
508866.0554812,14.51,-29.84,105.22,0.08,68.04,-0.03,-1.5518999697901192,-1.108499978421525,-0.22169999568441529,0.0,0.0,0.0,173.0,425.0,667.0,136.0,295.0,145.0,17.58866429489435,11.820556125561875,5.483768382431129,0.0,-5.199428595541489,0.0,ID_NORMAL_001,JOINT2_SWEEP_MEDIUM,RUN_01,50.0,0.0,NORMAL,NONE,COLD
508866.0554812,14.41,-29.91,105.19,0.07,68.05,-0.03,0.0,0.0,0.0,0.0,0.0,0.0,645.0,130.0,818.0,163.0,263.0,140.0,0.0,0.0,0.0,0.0,0.0,0.0,ID_NORMAL_001,JOINT2_SWEEP_MEDIUM,RUN_01,50.0,0.0,NORMAL,NONE,COLD
508866.102706,14.31,-29.99,105.17,0.07,68.07,-0.03,-2.117531467145454,-1.6940251737163332,-0.42350629342900803,0.0,0.42350629342900803,0.0,491.0,350.0,903.0,135.0,196.0,139.0,-44.83939514351195,-35.87151611480893,-8.967879028700636,0.0,8.967879028700636,0.0,ID_NORMAL_001,JOINT2_SWEEP_MEDIUM,RUN_01,50.0,0.0,NORMAL,NONE,COLD
508866.102706,14.24,-30.03,105.16,0.07,68.07,-0.03,0.0,0.0,0.0,0.0,0.0,0.0,446.0,500.0,822.0,159.0,222.0,141.0,0.0,0.0,0.0,0.0,0.0,0.0,ID_NORMAL_001,JOINT2_SWEEP_MEDIUM,RUN_01,50.0,0.0,NORMAL,NONE,COLD
508866.1509004,14.14,-30.11,105.13,0.07,68.08,-0.03,-2.074929865870287,-1.6599438926962002,-0.622478959761112,0.0,0.2074929865871356,0.0,475.0,486.0,734.0,166.0,107.0,140.0,-43.05333948280503,-34.442671586243414,-12.916001844842047,0.0,4.305333948282721,0.0,ID_NORMAL_001,JOINT2_SWEEP_MEDIUM,RUN_01,50.0,0.0,NORMAL,NONE,COLD
508866.1509004,14.04,-30.18,105.11,0.07,68.09,-0.03,0.0,0.0,0.0,0.0,0.0,0.0,142.0,292.0,733.0,163.0,85.0,136.0,0.0,0.0,0.0,0.0,0.0,0.0,ID_NORMAL_001,JOINT2_SWEEP_MEDIUM,RUN_01,50.0,0.0,NORMAL,NONE,COLD
508866.1762846,13.94,-30.25,105.09,0.07,68.1,-0.03,-3.9394584063345275,-2.75762088443419,-0.7878916812667516,0.0,0.39394584063309585,0.0,164.0,141.0,781.0,165.0,136.0,140.0,-155.1933253523983,-108.63532774667964,-31.038665070473595,0.0,15.51933253522577,0.0,ID_NORMAL_001,JOINT2_SWEEP_MEDIUM,RUN_01,50.0,0.0,NORMAL,NONE,COLD
508866.2281743,13.87,-30.3,105.07,0.07,68.11,-0.03,-1.3490153151736297,-0.9635823679811738,-0.38543294719266125,0.0,0.19271647359633062,0.0,447.0,341.0,672.0,159.0,133.0,139.0,49.92210575802509,34.5740776386641,7.75604279987624,0.0,-3.8780213999327247,0.0,ID_NORMAL_001,JOINT2_SWEEP_MEDIUM,RUN_01,50.0,0.0,NORMAL,NONE,COLD
508866.2756465,13.77,-30.37,105.05,0.07,68.12,-0.03,-2.1064960120845346,-1.4745472084591855,-0.4212992024168246,0.0,0.210649601208562,0.0,221.0,166.0,807.0,173.0,101.0,144.0,-15.95630067273841,-10.763453987823459,-0.7555212359810651,0.0,0.3777606179936857,0.0,ID_NORMAL_001,JOINT2_SWEEP_MEDIUM,RUN_01,50.0,0.0,NORMAL,NONE,COLD
508866.2756465,13.67,-30.45,105.03,0.07,68.13,-0.03,0.0,0.0,0.0,0.0,0.0,0.0,250.0,199.0,789.0,160.0,38.0,145.0,0.0,0.0,0.0,0.0,0.0,0.0,ID_NORMAL_001,JOINT2_SWEEP_MEDIUM,RUN_01,50.0,0.0,NORMAL,NONE,COLD
508866.3304914,13.57,-30.52,105.01,0.07,68.14,-0.03,-1.8233235915001575,-1.27632651405012,-0.3646647182999603,0.0,0.18233235915010967,0.0,503.0,502.0,649.0,162.0,96.0,139.0,-33.245089193210454,-23.271562435247496,-6.649017838640792,0.0,3.3245089193227577,0.0,ID_NORMAL_001,JOINT2_SWEEP_MEDIUM,RUN_01,50.0,0.0,NORMAL,NONE,COLD
508866.3304914,13.5,-30.56,104.99,0.07,68.15,-0.03,0.0,0.0,0.0,0.0,0.0,0.0,364.0,395.0,471.0,173.0,127.0,140.0,0.0,0.0,0.0,0.0,0.0,0.0,ID_NORMAL_001,JOINT2_SWEEP_MEDIUM,RUN_01,50.0,0.0,NORMAL,NONE,COLD
508866.3709493,13.4,-30.64,104.97,0.07,68.16,-0.03,-2.471705153312843,-1.9773641226503271,-0.494341030662472,0.0,0.24717051533106038,0.0,571.0,253.0,685.0,210.0,264.0,139.0,-61.093263649132865,-48.87461091930759,-12.218652729824186,0.0,6.109326364907751,0.0,ID_NORMAL_001,JOINT2_SWEEP_MEDIUM,RUN_01,50.0,0.0,NORMAL,NONE,COLD
508866.3709493,13.29,-30.71,104.96,0.07,68.16,-0.03,0.0,0.0,0.0,0.0,0.0,0.0,463.0,173.0,831.0,171.0,474.0,142.0,0.0,0.0,0.0,0.0,0.0,0.0,ID_NORMAL_001,JOINT2_SWEEP_MEDIUM,RUN_01,50.0,0.0,NORMAL,NONE,COLD
508866.3949661,13.19,-30.78,104.93,0.07,68.18,-0.03,-4.163752042441341,-2.9146264297089606,-1.2491256127318624,0.0,0.8327504084886972,0.0,295.0,562.0,885.0,175.0,454.0,104.0,-173.368310709345,-121.35781749654241,-52.01049321278102,0.0,34.67366214188686,0.0,ID_NORMAL_001,JOINT2_SWEEP_MEDIUM,RUN_01,50.0,0.0,NORMAL,NONE,COLD
508866.4474143,13.12,-30.83,104.91,0.07,68.19,-0.03,-1.3346501880912827,-0.9533215629222866,-0.3813286251691314,0.0,0.19066431258429475,0.0,212.0,440.0,749.0,216.0,207.0,137.0,53.940876029109795,37.39508441944531,16.545791609652035,0.0,-12.24229040956578,0.0,ID_NORMAL_001,JOINT2_SWEEP_MEDIUM,RUN_01,50.0,0.0,NORMAL,NONE,COLD
508866.4969932,13.02,-30.9,104.9,0.07,68.2,-0.03,-2.0169870657406626,-1.4118909460184743,-0.2016987065738835,0.0,0.20169870657417013,0.0,214.0,425.0,963.0,174.0,205.0,139.0,-13.76264656696673,-9.249285144496886,3.6231122242666443,0.0,0.2225622995586522,0.0,ID_NORMAL_001,JOINT2_SWEEP_MEDIUM,RUN_01,50.0,0.0,NORMAL,NONE,COLD
508866.4969932,12.92,-30.98,104.87,0.07,68.21,-0.03,0.0,0.0,0.0,0.0,0.0,0.0,243.0,556.0,1072.0,175.0,282.0,136.0,0.0,0.0,0.0,0.0,0.0,0.0,ID_NORMAL_001,JOINT2_SWEEP_MEDIUM,RUN_01,50.0,0.0,NORMAL,NONE,COLD
508866.5413249,12.85,-31.02,104.86,0.07,68.21,-0.03,-1.579005541696471,-0.9022888809693892,-0.2255722202424675,0.0,0.0,0.0,206.0,505.0,916.0,198.0,318.0,137.0,-35.61797858154508,-20.353130618025247,-5.088282654509023,0.0,0.0,0.0,ID_NORMAL_001,JOINT2_SWEEP_MEDIUM,RUN_01,50.0,0.0,NORMAL,NONE,COLD
508866.5413249,12.76,-31.1,104.84,0.07,68.23,-0.03,0.0,0.0,0.0,0.0,0.0,0.0,469.0,538.0,841.0,175.0,269.0,136.0,0.0,0.0,0.0,0.0,0.0,0.0,ID_NORMAL_001,JOINT2_SWEEP_MEDIUM,RUN_01,50.0,0.0,NORMAL,NONE,COLD
508866.5737542,12.65,-31.17,104.81,0.07,68.24,-0.03,-3.3919942751287326,-2.158541811445577,-0.9250893477624215,0.0,0.308363115920515,0.0,704.0,417.0,623.0,184.0,234.0,136.0,-104.5965923864196,-66.56146788226764,-28.526343378115666,0.0,9.508781126029547,0.0,ID_NORMAL_001,JOINT2_SWEEP_MEDIUM,RUN_01,50.0,0.0,NORMAL,NONE,COLD
508866.6252715,12.55,-31.24,104.79,0.07,68.25,-0.03,-1.9410955170505038,-1.358766861935294,-0.38821910341002486,0.0,0.19410955170515037,0.0,442.0,582.0,685.0,185.0,95.0,136.0,28.163330749998035,15.524395691437089,10.421164245502492,0.0,-2.2177708130548694,0.0,ID_NORMAL_001,JOINT2_SWEEP_MEDIUM,RUN_01,50.0,0.0,NORMAL,NONE,COLD
508866.6252715,12.49,-31.29,104.78,0.07,68.26,-0.03,0.0,0.0,0.0,0.0,0.0,0.0,660.0,246.0,785.0,175.0,122.0,137.0,0.0,0.0,0.0,0.0,0.0,0.0,ID_NORMAL_001,JOINT2_SWEEP_MEDIUM,RUN_01,50.0,0.0,NORMAL,NONE,COLD
508866.6688446,12.38,-31.36,104.75,0.06,68.27,-0.03,-2.52449332251736,-1.6064957506928803,-0.6884981788684005,-0.229499392956125,0.2294993929559161,0.0,439.0,341.0,932.0,188.0,85.0,138.0,-57.93696850395247,-36.86897995706101,-15.800991410169535,-5.266997136722984,5.266997136718189,0.0,ID_NORMAL_001,JOINT2_SWEEP_MEDIUM,RUN_01,50.0,0.0,NORMAL,NONE,COLD
508866.6688446,12.28,-31.43,104.73,0.06,68.28,-0.03,0.0,0.0,0.0,0.0,0.0,0.0,74.0,154.0,871.0,194.0,60.0,166.0,0.0,0.0,0.0,0.0,0.0,0.0,ID_NORMAL_001,JOINT2_SWEEP_MEDIUM,RUN_01,50.0,0.0,NORMAL,NONE,COLD
508866.7224387,12.18,-31.51,104.7,0.06,68.28,-0.03,-1.8658770275779537,-1.4927016220624028,-0.5597631082734094,0.0,0.0,0.0,230.0,559.0,793.0,241.0,178.0,146.0,-34.814970820431526,-27.85197665634596,-10.44449124612989,0.0,0.0,0.0,ID_NORMAL_001,JOINT2_SWEEP_MEDIUM,RUN_01,50.0,0.0,NORMAL,NONE,COLD
508866.7506039,12.11,-31.55,104.7,0.06,68.29,-0.03,-2.4853365122075197,-1.4201922926899753,0.0,0.0,0.355048073172683,0.0,300.0,537.0,556.0,195.0,190.0,146.0,-21.993789642615813,2.574429768071064,19.874281302552426,0.0,12.605913426357038,0.0,ID_NORMAL_001,JOINT2_SWEEP_MEDIUM,RUN_01,50.0,0.0,NORMAL,NONE,COLD
508866.7506039,12.01,-31.63,104.67,0.06,68.3,-0.03,0.0,0.0,0.0,0.0,0.0,0.0,291.0,426.0,837.0,195.0,329.0,146.0,0.0,0.0,0.0,0.0,0.0,0.0,ID_NORMAL_001,JOINT2_SWEEP_MEDIUM,RUN_01,50.0,0.0,NORMAL,NONE,COLD
508866.7773037,11.91,-31.7,104.65,0.06,68.31,-0.03,-3.7453464090403488,-2.621742486328264,-0.7490692818079233,0.0,0.3745346409042278,0.0,315.0,500.0,795.0,193.0,166.0,146.0,-140.27619723711484,-98.19333806598114,-28.055239447417485,0.0,14.02761972371871,0.0,ID_NORMAL_001,JOINT2_SWEEP_MEDIUM,RUN_01,50.0,0.0,NORMAL,NONE,COLD
508866.8237799,11.81,-31.77,104.63,0.06,68.33,-0.03,-2.151638903809223,-1.5061472326664678,-0.43032778076206635,0.0,0.4303277807617606,0.0,276.0,440.0,1076.0,191.0,99.0,146.0,34.29083069548043,24.003581486836485,6.858166139088165,0.0,1.2004669028313701,0.0,ID_NORMAL_001,JOINT2_SWEEP_MEDIUM,RUN_01,50.0,0.0,NORMAL,NONE,COLD
508866.8687396,11.74,-31.82,104.61,0.06,68.33,-0.03,-1.5569498897766045,-1.1121070641261575,-0.44484282565036815,0.0,0.0,0.0,617.0,352.0,870.0,185.0,42.0,146.0,13.227157069277707,8.764297099662691,-0.32284567912776946,0.0,-9.57141129749759,0.0,ID_NORMAL_001,JOINT2_SWEEP_MEDIUM,RUN_01,50.0,0.0,NORMAL,NONE,COLD
508866.8687396,11.64,-31.89,104.59,0.06,68.34,-0.03,0.0,0.0,0.0,0.0,0.0,0.0,277.0,554.0,583.0,190.0,49.0,147.0,0.0,0.0,0.0,0.0,0.0,0.0,ID_NORMAL_001,JOINT2_SWEEP_MEDIUM,RUN_01,50.0,0.0,NORMAL,NONE,COLD
508866.9165092,11.54,-31.96,104.57,0.06,68.35,-0.03,-2.093381564773211,-1.4653670953412328,-0.4186763129548504,0.0,0.20933815647712772,0.0,258.0,291.0,819.0,182.0,229.0,146.0,-43.822463757322744,-30.67572463012561,-8.764492751468909,0.0,4.382246375728227,0.0,ID_NORMAL_001,JOINT2_SWEEP_MEDIUM,RUN_01,50.0,0.0,NORMAL,NONE,COLD
508866.9165092,11.44,-32.04,104.54,0.06,68.36,-0.03,0.0,0.0,0.0,0.0,0.0,0.0,106.0,271.0,733.0,186.0,462.0,146.0,0.0,0.0,0.0,0.0,0.0,0.0,ID_NORMAL_001,JOINT2_SWEEP_MEDIUM,RUN_01,50.0,0.0,NORMAL,NONE,COLD
508866.9613898,11.37,-32.08,104.53,0.06,68.37,-0.02,-1.5596939432821744,-0.8912536818755057,-0.22281342046899516,0.0,0.22281342046899516,0.2228134204688811,186.0,498.0,615.0,195.0,278.0,146.0,-34.75207423872984,-19.85832813641655,-4.964582034106783,0.0,4.964582034106783,4.964582034104242,ID_NORMAL_001,JOINT2_SWEEP_MEDIUM,RUN_01,50.0,0.0,NORMAL,NONE,COLD
508866.9757831,11.27,-32.16,104.51,0.06,68.38,-0.02,-6.947677047722359,-5.558141638177789,-1.3895354095442003,0.0,0.6947677047716065,0.0,256.0,368.0,682.0,195.0,107.0,146.0,-374.33966548235065,-324.2403033829339,-81.06007584570808,0.0,32.789859486234974,-15.480356873161622,ID_NORMAL_001,JOINT2_SWEEP_MEDIUM,RUN_01,50.0,0.0,NORMAL,NONE,COLD
508867.0234432,11.17,-32.23,104.48,0.06,68.39,-0.02,-2.098191150169516,-1.4687338051186722,-0.6294573450508808,0.0,0.20981911501705966,0.0,209.0,187.0,881.0,192.0,111.0,146.0,101.75148393117283,85.80359324758564,15.94789068357863,0.0,-10.17514839310181,0.0,ID_NORMAL_001,JOINT2_SWEEP_MEDIUM,RUN_01,50.0,0.0,NORMAL,NONE,COLD
508867.0234432,11.1,-32.28,104.47,0.06,68.4,-0.02,0.0,0.0,0.0,0.0,0.0,0.0,417.0,334.0,737.0,191.0,127.0,146.0,0.0,0.0,0.0,0.0,0.0,0.0,ID_NORMAL_001,JOINT2_SWEEP_MEDIUM,RUN_01,50.0,0.0,NORMAL,NONE,COLD
508867.0749613,11.0,-32.35,104.45,0.06,68.41,-0.02,-1.9410653722815012,-1.3587457605970612,-0.3882130744562244,0.0,0.19410653722797427,0.0,592.0,627.0,898.0,199.0,214.0,146.0,-37.677347794703365,-26.374143456292554,-7.5354695589392,0.0,3.767734779466923,0.0,ID_NORMAL_001,JOINT2_SWEEP_MEDIUM,RUN_01,50.0,0.0,NORMAL,NONE,COLD
508867.1167709,10.9,-32.42,104.43,0.06,68.41,-0.02,-2.391795187910333,-1.674256631537246,-0.4783590375819732,0.0,0.0,0.0,407.0,444.0,679.0,195.0,478.0,146.0,-10.780534040687558,-7.546373828481349,-2.156106808137091,0.0,-4.642630816838085,0.0,ID_NORMAL_001,JOINT2_SWEEP_MEDIUM,RUN_01,50.0,0.0,NORMAL,NONE,COLD
508867.1167709,10.8,-32.49,104.4,0.06,68.43,-0.02,0.0,0.0,0.0,0.0,0.0,0.0,413.0,424.0,1084.0,194.0,318.0,146.0,0.0,0.0,0.0,0.0,0.0,0.0,ID_NORMAL_001,JOINT2_SWEEP_MEDIUM,RUN_01,50.0,0.0,NORMAL,NONE,COLD
508867.166281,10.73,-32.54,104.39,0.06,68.44,-0.02,-1.413852929832551,-1.0098949498803322,-0.20197898997618124,0.0,0.20197898997589422,0.0,284.0,548.0,783.0,195.0,155.0,146.0,-28.556858674229723,-20.397756195877133,-4.0795512391777455,0.0,4.079551239171948,0.0,ID_NORMAL_001,JOINT2_SWEEP_MEDIUM,RUN_01,50.0,0.0,NORMAL,NONE,COLD
508867.166281,10.63,-32.61,104.36,0.06,68.45,-0.02,0.0,0.0,0.0,0.0,0.0,0.0,426.0,387.0,689.0,195.0,174.0,146.0,0.0,0.0,0.0,0.0,0.0,0.0,ID_NORMAL_001,JOINT2_SWEEP_MEDIUM,RUN_01,50.0,0.0,NORMAL,NONE,COLD
508867.1865606,10.53,-32.69,104.34,0.05,68.45,-0.02,-4.9310637305374865,-3.944850984429849,-0.986212746107287,-0.4931063730537414,0.0,0.0,309.0,181.0,647.0,195.0,258.0,174.0,-243.15389514621927,-194.52311611696848,-48.63077902923349,-24.315389514621568,0.0,0.0,ID_NORMAL_001,JOINT2_SWEEP_MEDIUM,RUN_01,50.0,0.0,NORMAL,NONE,COLD
508867.2417125,10.43,-32.76,104.32,0.05,68.47,-0.02,-1.8131741612942527,-1.2692219129059865,-0.36263483225903737,0.0,0.3626348322587797,0.0,152.0,179.0,750.0,176.0,332.0,156.0,56.53276804720719,48.51381497694816,11.30655360943424,8.940877343905717,6.575201078368972,0.0,ID_NORMAL_001,JOINT2_SWEEP_MEDIUM,RUN_01,50.0,0.0,NORMAL,NONE,COLD
508867.2417125,10.36,-32.81,104.31,0.05,68.48,-0.02,0.0,0.0,0.0,0.0,0.0,0.0,135.0,216.0,753.0,190.0,193.0,154.0,0.0,0.0,0.0,0.0,0.0,0.0,ID_NORMAL_001,JOINT2_SWEEP_MEDIUM,RUN_01,50.0,0.0,NORMAL,NONE,COLD
508867.2963241,10.26,-32.88,104.29,0.05,68.49,-0.02,-1.8311128037344655,-1.2817789626141356,-0.3662225607468215,0.0,0.18311128037328064,0.0,450.0,364.0,684.0,179.0,156.0,160.0,-33.52974100000307,-23.470818700002326,-6.705948199999304,0.0,3.352974099997269,0.0,ID_NORMAL_001,JOINT2_SWEEP_MEDIUM,RUN_01,50.0,0.0,NORMAL,NONE,COLD
508867.3231748,10.16,-32.95,104.26,0.05,68.5,-0.02,-3.724297686516717,-2.607008380561722,-1.1172893059550615,0.0,0.37242976865186356,0.0,422.0,107.0,843.0,177.0,116.0,160.0,-70.50784079094387,-49.3554885536611,-27.97196141598699,0.0,7.050784079107711,0.0,ID_NORMAL_001,JOINT2_SWEEP_MEDIUM,RUN_01,50.0,0.0,NORMAL,NONE,COLD
508867.3235109,10.06,-33.02,104.24,0.05,68.5,-0.02,-297.5304985630785,-208.27134899415654,-59.50609971264635,0.0,0.0,0.0,608.0,485.0,773.0,168.0,253.0,153.0,-874163.0542772772,-611914.1379940987,-173724.51870807988,0.0,-1108.0921474672134,0.0,ID_NORMAL_001,JOINT2_SWEEP_MEDIUM,RUN_01,50.0,0.0,NORMAL,NONE,COLD
508867.3694946,9.99,-33.07,104.22,0.05,68.51,-0.02,-1.5222785476774916,-1.0873418197695706,-0.43493672790776644,0.0,0.21746836395403774,0.0,633.0,281.0,743.0,168.0,311.0,160.0,6437.242332366317,4505.59670776325,1284.610917114684,0.0,4.729248932082163,0.0,ID_NORMAL_001,JOINT2_SWEEP_MEDIUM,RUN_01,50.0,0.0,NORMAL,NONE,COLD
508867.3813662,9.89,-33.14,104.2,0.05,68.52,-0.02,-8.423464402636593,-5.89642508184566,-1.6846928805269894,0.0,0.8423464402628962,0.0,305.0,177.0,811.0,167.0,255.0,162.0,-581.3189338522739,-405.0914166741355,-105.27276463564127,0.0,52.6363823177572,0.0,ID_NORMAL_001,JOINT2_SWEEP_MEDIUM,RUN_01,50.0,0.0,NORMAL,NONE,COLD
508867.4288906,9.78,-33.22,104.18,0.05,68.53,-0.02,-2.314600500090063,-1.6833458182472643,-0.42083645456174135,0.0,0.21041822728102016,0.0,78.0,176.0,770.0,175.0,143.0,161.0,128.5416313074198,88.65086700403467,26.593842868919737,0.0,-13.296921434444128,0.0,ID_NORMAL_001,JOINT2_SWEEP_MEDIUM,RUN_01,50.0,0.0,NORMAL,NONE,COLD
508867.4779856,9.72,-33.27,104.16,0.05,68.54,-0.02,-1.2221203782610148,-1.0184336485509542,-0.40737345942055536,0.0,0.20368672971027768,0.0,262.0,380.0,870.0,174.0,261.0,162.0,22.252370328873074,13.54337853899373,0.27422334524121283,0.0,-0.13711167262365137,0.0,ID_NORMAL_001,JOINT2_SWEEP_MEDIUM,RUN_01,50.0,0.0,NORMAL,NONE,COLD
508867.4779856,9.62,-33.34,104.14,0.05,68.55,-0.02,0.0,0.0,0.0,0.0,0.0,0.0,246.0,301.0,1044.0,169.0,254.0,154.0,0.0,0.0,0.0,0.0,0.0,0.0,ID_NORMAL_001,JOINT2_SWEEP_MEDIUM,RUN_01,50.0,0.0,NORMAL,NONE,COLD
508867.5247638,9.51,-33.41,104.12,0.05,68.56,-0.02,-2.351522719787147,-1.496423548955319,-0.427549585415762,0.0,0.2137747927080329,0.0,166.0,576.0,820.0,185.0,190.0,152.0,-50.26962819704699,-31.98976339811786,-9.139932399461317,0.0,4.569966199733906,0.0,ID_NORMAL_001,JOINT2_SWEEP_MEDIUM,RUN_01,50.0,0.0,NORMAL,NONE,COLD
508867.5247638,9.41,-33.48,104.1,0.05,68.57,-0.02,0.0,0.0,0.0,0.0,0.0,0.0,381.0,309.0,776.0,200.0,145.0,153.0,0.0,0.0,0.0,0.0,0.0,0.0,ID_NORMAL_001,JOINT2_SWEEP_MEDIUM,RUN_01,50.0,0.0,NORMAL,NONE,COLD
508867.5806492,9.35,-33.53,104.08,0.05,68.58,-0.02,-1.0736256688862362,-0.8946880574052657,-0.3578752229620045,0.0,0.1789376114811294,0.0,378.0,389.0,1116.0,188.0,196.0,152.0,-19.211201281523476,-16.009334401270795,-6.403733760506497,0.0,3.2018668802555235,0.0,ID_NORMAL_001,JOINT2_SWEEP_MEDIUM,RUN_01,50.0,0.0,NORMAL,NONE,COLD
508867.5806492,9.25,-33.61,104.06,0.05,68.59,-0.02,0.0,0.0,0.0,0.0,0.0,0.0,403.0,106.0,871.0,189.0,334.0,149.0,0.0,0.0,0.0,0.0,0.0,0.0,ID_NORMAL_001,JOINT2_SWEEP_MEDIUM,RUN_01,50.0,0.0,NORMAL,NONE,COLD
508867.5966915,9.14,-33.67,104.04,0.05,68.6,-0.02,-6.856872154481122,-3.7401120842625915,-1.2467040280872352,0.0,0.6233520140431746,0.0,280.0,252.0,992.0,203.0,303.0,155.0,-427.42450675362574,-233.14064004744228,-77.71354668246235,0.0,38.856773341203564,0.0,ID_NORMAL_001,JOINT2_SWEEP_MEDIUM,RUN_01,50.0,0.0,NORMAL,NONE,COLD
508867.6496219,9.04,-33.75,104.02,0.05,68.61,-0.02,-1.8892734607003345,-1.5114187685602138,-0.37785469214025486,0.0,0.18892734607012743,0.0,329.0,492.0,1015.0,188.0,445.0,160.0,93.85152375569558,42.106111333966744,16.41493991751716,0.0,-8.207469958750211,0.0,ID_NORMAL_001,JOINT2_SWEEP_MEDIUM,RUN_01,50.0,0.0,NORMAL,NONE,COLD
508867.6970347,8.97,-33.8,104.0,0.05,68.62,-0.02,-1.4763945594792107,-1.0545675424851129,-0.4218270169939852,0.0,0.2109135084971425,0.0,200.0,455.0,1107.0,187.0,390.0,155.0,8.70817376409478,9.635609495267147,-0.9274357311671626,0.0,0.46371786558674244,0.0,ID_NORMAL_001,JOINT2_SWEEP_MEDIUM,RUN_01,50.0,0.0,NORMAL,NONE,COLD
508867.6970347,8.87,-33.87,103.98,0.05,68.63,-0.02,0.0,0.0,0.0,0.0,0.0,0.0,365.0,83.0,1006.0,188.0,186.0,158.0,0.0,0.0,0.0,0.0,0.0,0.0,ID_NORMAL_001,JOINT2_SWEEP_MEDIUM,RUN_01,50.0,0.0,NORMAL,NONE,COLD
508867.7424375,8.77,-33.94,103.96,0.05,68.64,-0.02,-2.2025073360078036,-1.5417551352054741,-0.4405014672017876,0.0,0.2202507336008938,0.0,407.0,337.0,902.0,180.0,115.0,175.0,-48.510385651682085,-33.95726995617772,-9.702077130341415,0.0,4.8510385651707075,0.0,ID_NORMAL_001,JOINT2_SWEEP_MEDIUM,RUN_01,50.0,0.0,NORMAL,NONE,COLD
508867.7424375,8.67,-34.01,103.94,0.05,68.65,-0.02,0.0,0.0,0.0,0.0,0.0,0.0,263.0,183.0,896.0,187.0,105.0,162.0,0.0,0.0,0.0,0.0,0.0,0.0,ID_NORMAL_001,JOINT2_SWEEP_MEDIUM,RUN_01,50.0,0.0,NORMAL,NONE,COLD
508867.7862665,8.6,-34.06,103.92,0.04,68.65,-0.02,-1.5971160635723873,-1.1407971882660837,-0.4563188753063037,-0.2281594376531973,0.0,0.0,304.0,370.0,1137.0,185.0,216.0,159.0,-36.439710293156395,-26.028364495113827,-10.41134579804257,-5.205672899022321,0.0,0.0,ID_NORMAL_001,JOINT2_SWEEP_MEDIUM,RUN_01,50.0,0.0,NORMAL,NONE,COLD
508867.8384056,8.5,-34.14,103.9,0.04,68.67,-0.02,-1.9179464172084477,-1.5343571337667308,-0.3835892834416146,0.0,0.3835892834416146,0.0,339.0,111.0,890.0,185.0,265.0,160.0,-6.153354272880034,-7.548268874297207,1.394914601419137,4.375975759992455,7.35703691856403,0.0,ID_NORMAL_001,JOINT2_SWEEP_MEDIUM,RUN_01,50.0,0.0,NORMAL,NONE,COLD
508867.8384056,8.4,-34.21,103.88,0.04,68.68,-0.02,0.0,0.0,0.0,0.0,0.0,0.0,320.0,334.0,817.0,177.0,166.0,159.0,0.0,0.0,0.0,0.0,0.0,0.0,ID_NORMAL_001,JOINT2_SWEEP_MEDIUM,RUN_01,50.0,0.0,NORMAL,NONE,COLD
508867.8713117,8.33,-34.25,103.86,0.04,68.69,-0.02,-2.127265158862173,-1.2155800907783538,-0.607790045389069,0.0,0.30389502269431856,0.0,496.0,439.0,831.0,177.0,194.0,175.0,-64.64652937298412,-36.940873927418565,-18.470436963706003,0.0,9.23521848184644,0.0,ID_NORMAL_001,JOINT2_SWEEP_MEDIUM,RUN_01,50.0,0.0,NORMAL,NONE,COLD
508867.8713117,8.23,-34.33,103.84,0.04,68.7,-0.02,0.0,0.0,0.0,0.0,0.0,0.0,211.0,288.0,827.0,172.0,127.0,157.0,0.0,0.0,0.0,0.0,0.0,0.0,ID_NORMAL_001,JOINT2_SWEEP_MEDIUM,RUN_01,50.0,0.0,NORMAL,NONE,COLD
508867.9177753,8.13,-34.4,103.82,0.04,68.71,-0.02,-2.1522223843430592,-1.506555669040153,-0.4304444768688336,0.0,0.21522223843411092,0.0,58.0,74.0,831.0,175.0,133.0,158.0,-46.32061191667339,-32.42442834167162,-9.264122383339451,0.0,4.6320611916631425,0.0,ID_NORMAL_001,JOINT2_SWEEP_MEDIUM,RUN_01,50.0,0.0,NORMAL,NONE,COLD
508867.9629109,8.03,-34.47,103.8,0.04,68.71,-0.02,-2.21554604216745,-1.5508822295171993,-0.4431092084333956,0.0,0.0,0.0,219.0,103.0,855.0,178.0,250.0,163.0,-1.4029647946839332,-0.9820753562781491,-0.28059295892978103,0.0,-4.76834778549107,0.0,ID_NORMAL_001,JOINT2_SWEEP_MEDIUM,RUN_01,50.0,0.0,NORMAL,NONE,COLD
508867.9629109,7.96,-34.52,103.78,0.04,68.72,-0.02,0.0,0.0,0.0,0.0,0.0,0.0,324.0,201.0,903.0,179.0,198.0,162.0,0.0,0.0,0.0,0.0,0.0,0.0,ID_NORMAL_001,JOINT2_SWEEP_MEDIUM,RUN_01,50.0,0.0,NORMAL,NONE,COLD
508867.9901934,7.86,-34.59,103.76,0.04,68.73,-0.02,-3.6653532485168983,-2.5657472739618483,-0.7330706497032364,0.0,0.3665353248518786,0.0,284.0,46.0,943.0,176.0,307.0,166.0,-134.34814436413427,-94.0437010548947,-26.869628872821604,0.0,13.434814436420346,0.0,ID_NORMAL_001,JOINT2_SWEEP_MEDIUM,RUN_01,50.0,0.0,NORMAL,NONE,COLD
508868.0410361,7.76,-34.67,103.74,0.04,68.75,-0.02,-1.9668506982433356,-1.5734805585946265,-0.39337013964886625,0.0,0.39337013964858675,0.0,352.0,286.0,897.0,196.0,128.0,164.0,33.40700926973625,19.516404819636307,6.681401853940517,0.0,0.527800742201357,0.0,ID_NORMAL_001,JOINT2_SWEEP_MEDIUM,RUN_01,50.0,0.0,NORMAL,NONE,COLD
508868.0410361,7.66,-34.74,103.72,0.04,68.76,-0.02,0.0,0.0,0.0,0.0,0.0,0.0,43.0,237.0,749.0,197.0,104.0,164.0,0.0,0.0,0.0,0.0,0.0,0.0,ID_NORMAL_001,JOINT2_SWEEP_MEDIUM,RUN_01,50.0,0.0,NORMAL,NONE,COLD
508868.0897376,7.59,-34.79,103.7,0.04,68.76,-0.02,-1.4373273924910512,-1.0266624232078312,-0.41066496928307417,0.0,0.0,0.0,254.0,364.0,1091.0,197.0,133.0,161.0,-29.5130004743588,-21.080714624540718,-8.43228584981509,0.0,0.0,0.0,ID_NORMAL_001,JOINT2_SWEEP_MEDIUM,RUN_01,50.0,0.0,NORMAL,NONE,COLD
508868.1351934,7.49,-34.86,103.68,0.04,68.77,-0.02,-2.199939280701292,-1.5399574964909164,-0.4399878561401725,0.0,0.21999392806992993,0.0,378.0,228.0,798.0,209.0,205.0,161.0,-16.776998488034977,-11.292179943059116,-0.645085706204905,0.0,4.839732838768152,0.0,ID_NORMAL_001,JOINT2_SWEEP_MEDIUM,RUN_01,50.0,0.0,NORMAL,NONE,COLD
508868.1351934,7.39,-34.93,103.66,0.04,68.79,-0.02,0.0,0.0,0.0,0.0,0.0,0.0,169.0,374.0,902.0,209.0,59.0,158.0,0.0,0.0,0.0,0.0,0.0,0.0,ID_NORMAL_001,JOINT2_SWEEP_MEDIUM,RUN_01,50.0,0.0,NORMAL,NONE,COLD
508868.1844705,7.29,-35.0,103.63,0.04,68.79,-0.02,-2.0293402024588842,-1.4205381417212297,-0.6088020607376905,0.0,0.0,0.0,323.0,349.0,881.0,220.0,107.0,161.0,-41.1822165731588,-28.827551601211375,-12.354664971948152,0.0,0.0,0.0,ID_NORMAL_001,JOINT2_SWEEP_MEDIUM,RUN_01,50.0,0.0,NORMAL,NONE,COLD
508868.1844705,7.22,-35.05,103.62,0.04,68.8,-0.02,0.0,0.0,0.0,0.0,0.0,0.0,129.0,110.0,840.0,210.0,244.0,161.0,0.0,0.0,0.0,0.0,0.0,0.0,ID_NORMAL_001,JOINT2_SWEEP_MEDIUM,RUN_01,50.0,0.0,NORMAL,NONE,COLD
508868.2062699,7.12,-35.12,103.6,0.04,68.81,-0.02,-4.587282210076247,-3.2110975470533973,-0.917456442015722,0.0,0.458728221007861,0.0,54.0,461.0,850.0,209.0,451.0,161.0,-210.43158074882092,-147.30210652417577,-42.08631614978586,0.0,21.04315807489293,0.0,ID_NORMAL_001,JOINT2_SWEEP_MEDIUM,RUN_01,50.0,0.0,NORMAL,NONE,COLD
508868.2441521,7.02,-35.19,103.57,0.04,68.82,-0.01,-2.63976221185118,-1.8478335482958237,-0.7919286635553798,0.0,0.2639762211848765,0.2639762211851166,215.0,424.0,823.0,208.0,294.0,156.0,51.40989698138982,35.986927886973575,3.3136348611723587,0.0,-5.140989698151594,6.96834453511736,ID_NORMAL_001,JOINT2_SWEEP_MEDIUM,RUN_01,50.0,0.0,NORMAL,NONE,COLD
508868.2910791,6.92,-35.27,103.55,0.04,68.83,-0.01,-2.130969378492248,-1.7047755027939198,-0.42619387569836636,0.0,0.2130969378493346,0.0,205.0,404.0,807.0,203.0,277.0,156.0,10.842219478841967,3.0485231431150908,7.79369633572657,0.0,-1.0842219478767117,-5.625252439955822,ID_NORMAL_001,JOINT2_SWEEP_MEDIUM,RUN_01,50.0,0.0,NORMAL,NONE,COLD
508868.2910791,6.85,-35.32,103.54,0.04,68.84,-0.01,0.0,0.0,0.0,0.0,0.0,0.0,320.0,285.0,805.0,207.0,193.0,158.0,0.0,0.0,0.0,0.0,0.0,0.0,ID_NORMAL_001,JOINT2_SWEEP_MEDIUM,RUN_01,50.0,0.0,NORMAL,NONE,COLD
508868.3376672,6.75,-35.39,103.51,0.03,68.85,-0.01,-2.1464708786453213,-1.5025296150517362,-0.643941263593623,-0.21464708786453293,0.21464708786433764,0.0,228.0,255.0,715.0,211.0,150.0,158.0,-46.07337232872434,-32.25136063010728,-13.822011698617873,-4.6073372328724504,4.607337232868259,0.0,ID_NORMAL_001,JOINT2_SWEEP_MEDIUM,RUN_01,50.0,0.0,NORMAL,NONE,COLD
508868.3376672,6.65,-35.46,103.49,0.03,68.86,-0.01,0.0,0.0,0.0,0.0,0.0,0.0,443.0,179.0,748.0,195.0,119.0,159.0,0.0,0.0,0.0,0.0,0.0,0.0,ID_NORMAL_001,JOINT2_SWEEP_MEDIUM,RUN_01,50.0,0.0,NORMAL,NONE,COLD
508868.38501,6.58,-35.51,103.48,0.03,68.87,-0.01,-1.478577523576031,-1.0561268025542436,-0.2112253605106686,0.0,0.21122536051096877,0.0,347.0,160.0,817.0,193.0,136.0,156.0,-31.23130704606028,-22.30807646147027,-4.46161529229025,0.0,4.46161529229659,0.0,ID_NORMAL_001,JOINT2_SWEEP_MEDIUM,RUN_01,50.0,0.0,NORMAL,NONE,COLD
508868.3951688,6.48,-35.58,103.46,0.03,68.88,-0.01,-9.843682328430166,-6.890577629901168,-1.9687364656870474,0.0,0.9843682328421248,0.0,301.0,160.0,687.0,212.0,274.0,155.0,-823.434343430092,-574.3248050524988,-173.0038100804455,0.0,76.10572829717968,0.0,ID_NORMAL_001,JOINT2_SWEEP_MEDIUM,RUN_01,50.0,0.0,NORMAL,NONE,COLD
508868.4451928,6.38,-35.65,103.43,0.03,68.89,-0.01,-1.9990404607194647,-1.3993283225036235,-0.5997121382155749,0.0,0.19990404607204768,0.0,229.0,126.0,669.0,224.0,133.0,156.0,156.8175649340752,109.77229545385372,27.367350223247136,0.0,-15.681756493387669,0.0,ID_NORMAL_001,JOINT2_SWEEP_MEDIUM,RUN_01,50.0,0.0,NORMAL,NONE,COLD
508868.4927755,6.27,-35.73,103.4,0.03,68.9,-0.01,-2.311764571088245,-1.6812833244277738,-0.6304812466604525,0.0,0.21016041555358372,0.0,296.0,20.0,723.0,207.0,217.0,155.0,-6.5722228988693985,-5.925578037176062,-0.6466448616985444,0.0,0.21554828723096073,0.0,ID_NORMAL_001,JOINT2_SWEEP_MEDIUM,RUN_01,50.0,0.0,NORMAL,NONE,COLD
508868.4927755,6.21,-35.77,103.4,0.03,68.9,-0.01,0.0,0.0,0.0,0.0,0.0,0.0,274.0,73.0,569.0,201.0,158.0,155.0,0.0,0.0,0.0,0.0,0.0,0.0,ID_NORMAL_001,JOINT2_SWEEP_MEDIUM,RUN_01,50.0,0.0,NORMAL,NONE,COLD
508868.5393262,6.11,-35.85,103.37,0.03,68.91,-0.01,-2.1481954068989157,-1.7185563255191023,-0.6444586220697015,0.0,0.21481954068969697,0.0,322.0,62.0,354.0,266.0,256.0,155.0,-46.14743506221615,-36.91794804977227,-13.84423051866542,0.0,4.614743506217435,0.0,ID_NORMAL_001,JOINT2_SWEEP_MEDIUM,RUN_01,50.0,0.0,NORMAL,NONE,COLD
508868.5393262,6.0,-35.92,103.35,0.03,68.93,-0.01,0.0,0.0,0.0,0.0,0.0,0.0,238.0,178.0,687.0,228.0,421.0,155.0,0.0,0.0,0.0,0.0,0.0,0.0,ID_NORMAL_001,JOINT2_SWEEP_MEDIUM,RUN_01,50.0,0.0,NORMAL,NONE,COLD
508868.585388,5.9,-35.99,103.32,0.03,68.94,-0.01,-2.1709963581094427,-1.5196974506766217,-0.6512989074328599,0.0,0.2170996358107476,0.0,548.0,123.0,572.0,225.0,294.0,155.0,-47.132251869244804,-32.99257630847162,-14.13967556077403,0.0,4.71322518692021,0.0,ID_NORMAL_001,JOINT2_SWEEP_MEDIUM,RUN_01,50.0,0.0,NORMAL,NONE,COLD
508868.585388,5.84,-36.04,103.31,0.03,68.94,-0.01,0.0,0.0,0.0,0.0,0.0,0.0,265.0,25.0,482.0,238.0,294.0,155.0,0.0,0.0,0.0,0.0,0.0,0.0,ID_NORMAL_001,JOINT2_SWEEP_MEDIUM,RUN_01,50.0,0.0,NORMAL,NONE,COLD
508868.6119409,5.73,-36.11,103.29,0.03,68.95,-0.01,-4.14267368573365,-2.636246890921438,-0.7532133974059722,0.0,0.3766066987032537,0.0,227.0,366.0,631.0,232.0,271.0,155.0,-156.01586605881917,-99.28282385561313,-28.36652110159799,0.0,14.183260550809074,0.0,ID_NORMAL_001,JOINT2_SWEEP_MEDIUM,RUN_01,50.0,0.0,NORMAL,NONE,COLD
508868.6740874,5.63,-36.18,103.26,0.03,68.96,-0.01,-1.6091010745438779,-1.126370752180713,-0.48273032236317903,0.0,0.1609101074542406,0.0,297.0,398.0,633.0,236.0,193.0,150.0,40.767744111003786,24.295433172758486,4.352346066972884,0.0,-3.4707761675423674,0.0,ID_NORMAL_001,JOINT2_SWEEP_MEDIUM,RUN_01,50.0,0.0,NORMAL,NONE,COLD
508868.6740874,5.53,-36.26,103.25,0.03,68.98,-0.01,0.0,0.0,0.0,0.0,0.0,0.0,345.0,335.0,665.0,229.0,230.0,148.0,0.0,0.0,0.0,0.0,0.0,0.0,ID_NORMAL_001,JOINT2_SWEEP_MEDIUM,RUN_01,50.0,0.0,NORMAL,NONE,COLD
508868.7117375,5.47,-36.3,103.23,0.03,68.98,-0.01,-1.5936212671657701,-1.0624141781104819,-0.5312070890551466,0.0,0.0,0.0,319.0,142.0,835.0,245.0,169.0,147.0,-42.327145719383566,-28.218097146254873,-14.10904857312493,0.0,0.0,0.0,ID_NORMAL_001,JOINT2_SWEEP_MEDIUM,RUN_01,50.0,0.0,NORMAL,NONE,COLD
508868.7644381,5.36,-36.38,103.21,0.03,69.0,-0.01,-2.0872627634234635,-1.5180092824899019,-0.379502320622644,0.0,0.3795023206223744,0.0,239.0,355.0,720.0,227.0,126.0,148.0,-9.366904669266653,-8.644969968810857,2.8786155834813054,0.0,7.201100567889805,0.0,ID_NORMAL_001,JOINT2_SWEEP_MEDIUM,RUN_01,50.0,0.0,NORMAL,NONE,COLD
508868.7644381,5.26,-36.45,103.19,0.03,69.0,-0.01,0.0,0.0,0.0,0.0,0.0,0.0,222.0,4.0,782.0,231.0,108.0,149.0,0.0,0.0,0.0,0.0,0.0,0.0,ID_NORMAL_001,JOINT2_SWEEP_MEDIUM,RUN_01,50.0,0.0,NORMAL,NONE,COLD
508868.8033279,5.16,-36.52,103.17,0.03,69.01,-0.01,-2.571368326371476,-1.799957828460047,-0.5142736652741947,0.0,0.25713683263728004,0.0,187.0,279.0,816.0,232.0,193.0,146.0,-66.11935069866469,-46.28354548906564,-13.223870139730355,0.0,6.611935069869875,0.0,ID_NORMAL_001,JOINT2_SWEEP_MEDIUM,RUN_01,50.0,0.0,NORMAL,NONE,COLD
508868.8033279,5.09,-36.57,103.15,0.03,69.02,-0.01,0.0,0.0,0.0,0.0,0.0,0.0,183.0,110.0,905.0,226.0,355.0,142.0,0.0,0.0,0.0,0.0,0.0,0.0,ID_NORMAL_001,JOINT2_SWEEP_MEDIUM,RUN_01,50.0,0.0,NORMAL,NONE,COLD
508868.8541727,4.99,-36.64,103.13,0.03,69.03,-0.01,-1.966769462445053,-1.3767386237115475,-0.3933538924892132,0.0,0.1966769462446066,0.0,391.0,253.0,756.0,261.0,425.0,140.0,-38.68182118406416,-27.07727482884512,-7.736364236816818,0.0,3.868182118408409,0.0,ID_NORMAL_001,JOINT2_SWEEP_MEDIUM,RUN_01,50.0,0.0,NORMAL,NONE,COLD
508868.8999672,4.89,-36.72,103.1,0.02,69.04,-0.01,-2.183668345414116,-1.7469346763312463,-0.6551005036242561,-0.2183668345414104,0.21836683454152214,0.0,493.0,42.0,599.0,245.0,418.0,143.0,-4.736352248952213,-8.083854017028903,-5.715677892550081,-4.768407442763571,0.473635224895423,0.0,ID_NORMAL_001,JOINT2_SWEEP_MEDIUM,RUN_01,50.0,0.0,NORMAL,NONE,COLD
508868.8999672,4.82,-36.76,103.09,0.02,69.05,-0.01,0.0,0.0,0.0,0.0,0.0,0.0,449.0,365.0,855.0,238.0,305.0,152.0,0.0,0.0,0.0,0.0,0.0,0.0,ID_NORMAL_001,JOINT2_SWEEP_MEDIUM,RUN_01,50.0,0.0,NORMAL,NONE,COLD
508868.9399216,4.72,-36.83,103.07,0.02,69.06,-0.01,-2.502853253893908,-1.7519972777257335,-0.5005706507790351,0.0,0.25028532538951753,0.0,298.0,90.0,975.0,239.0,382.0,152.0,-62.64274410527291,-43.849920873690984,-12.528548821060925,0.0,6.264274410530462,0.0,ID_NORMAL_001,JOINT2_SWEEP_MEDIUM,RUN_01,50.0,0.0,NORMAL,NONE,COLD
508868.9399216,4.62,-36.91,103.05,0.02,69.07,-0.01,0.0,0.0,0.0,0.0,0.0,0.0,57.0,133.0,1091.0,234.0,242.0,153.0,0.0,0.0,0.0,0.0,0.0,0.0,ID_NORMAL_001,JOINT2_SWEEP_MEDIUM,RUN_01,50.0,0.0,NORMAL,NONE,COLD
508868.9931181,4.52,-36.98,103.03,0.02,69.08,-0.01,-1.8798229207768489,-1.3158760445437925,-0.37596458415529294,0.0,0.18798229207778006,0.0,178.0,261.0,703.0,260.0,237.0,152.0,-35.33734213477984,-24.736139494345856,-7.067468426954524,0.0,3.533734213479773,0.0,ID_NORMAL_001,JOINT2_SWEEP_MEDIUM,RUN_01,50.0,0.0,NORMAL,NONE,COLD
508868.9931181,4.45,-37.03,103.01,0.02,69.09,-0.01,0.0,0.0,0.0,0.0,0.0,0.0,217.0,319.0,777.0,244.0,221.0,153.0,0.0,0.0,0.0,0.0,0.0,0.0,ID_NORMAL_001,JOINT2_SWEEP_MEDIUM,RUN_01,50.0,0.0,NORMAL,NONE,COLD
508869.0212071,4.35,-37.1,102.99,0.02,69.1,-0.01,-3.56011249593544,-2.492078747154805,-0.7120224991874484,0.0,0.3560112495932183,0.0,101.0,26.0,836.0,251.0,114.0,152.0,-126.744009837156,-88.7208068860091,-25.348801967444032,0.0,12.674400983704004,0.0,ID_NORMAL_001,JOINT2_SWEEP_MEDIUM,RUN_01,50.0,0.0,NORMAL,NONE,COLD
508869.0791838,4.25,-37.17,102.97,0.02,69.11,-0.01,-1.7248308384624815,-1.2073815869237463,-0.3449661676924289,0.0,0.172483083846337,0.0,591.0,292.0,803.0,136.0,233.0,154.0,31.65550400073907,22.15885280051714,6.331100800155194,0.0,-3.1655504000667563,0.0,ID_NORMAL_001,JOINT2_SWEEP_MEDIUM,RUN_01,50.0,0.0,NORMAL,NONE,COLD
508869.1178409,4.15,-37.25,102.94,0.02,69.12,-0.01,-2.586846914392573,-2.0694775315140217,-0.776054074317804,0.0,0.25868469143939055,0.0,281.0,150.0,750.0,260.0,226.0,156.0,-22.299036261765597,-22.301102341737124,-11.151584210858093,0.0,2.229903626177707,0.0,ID_NORMAL_001,JOINT2_SWEEP_MEDIUM,RUN_01,50.0,0.0,NORMAL,NONE,COLD
508869.1178409,4.08,-37.29,102.93,0.02,69.13,-0.01,0.0,0.0,0.0,0.0,0.0,0.0,331.0,169.0,890.0,263.0,247.0,156.0,0.0,0.0,0.0,0.0,0.0,0.0,ID_NORMAL_001,JOINT2_SWEEP_MEDIUM,RUN_01,50.0,0.0,NORMAL,NONE,COLD
508869.1658073,3.98,-37.37,102.91,0.02,69.14,-0.01,-2.084792688790433,-1.6678341510323094,-0.4169585377582995,0.0,0.20847926887914975,0.0,445.0,58.0,761.0,269.0,253.0,143.0,-43.46360555234039,-34.770884441871544,-8.692721110472517,0.0,4.3463605552362585,0.0,ID_NORMAL_001,JOINT2_SWEEP_MEDIUM,RUN_01,50.0,0.0,NORMAL,NONE,COLD
508869.1658073,3.88,-37.44,102.88,0.02,69.15,-0.01,0.0,0.0,0.0,0.0,0.0,0.0,329.0,262.0,666.0,273.0,184.0,146.0,0.0,0.0,0.0,0.0,0.0,0.0,ID_NORMAL_001,JOINT2_SWEEP_MEDIUM,RUN_01,50.0,0.0,NORMAL,NONE,COLD
508869.2083277,3.78,-37.51,102.86,0.02,69.16,-0.01,-2.3518123086604583,-1.646268616062326,-0.4703624617319977,0.0,0.23518123086583173,0.0,417.0,177.0,487.0,253.0,188.0,147.0,-55.3102113516683,-38.717147946167934,-11.062042270331451,0.0,5.5310211351617955,0.0,ID_NORMAL_001,JOINT2_SWEEP_MEDIUM,RUN_01,50.0,0.0,NORMAL,NONE,COLD
508869.2590497,3.71,-37.56,102.85,0.02,69.16,-0.01,-1.3800717633371176,-0.9857655452408846,-0.19715310904826094,0.0,0.0,0.0,37.0,222.0,851.0,266.0,139.0,144.0,19.158166969865114,13.022023394830427,5.386407330263398,0.0,-4.636671085497183,0.0,ID_NORMAL_001,JOINT2_SWEEP_MEDIUM,RUN_01,50.0,0.0,NORMAL,NONE,COLD
508869.2590497,3.61,-37.63,102.83,0.02,69.17,-0.01,0.0,0.0,0.0,0.0,0.0,0.0,268.0,59.0,946.0,269.0,191.0,136.0,0.0,0.0,0.0,0.0,0.0,0.0,ID_NORMAL_001,JOINT2_SWEEP_MEDIUM,RUN_01,50.0,0.0,NORMAL,NONE,COLD
508869.3078664,3.51,-37.7,102.8,0.02,69.19,-0.01,-2.0484793113699404,-1.4339355179589628,-0.6145437934110048,0.0,0.4096958622739062,0.0,379.0,146.0,974.0,251.0,151.0,138.0,-41.962674891106616,-29.37387242377472,-12.58880246733245,0.0,8.392534978219645,0.0,ID_NORMAL_001,JOINT2_SWEEP_MEDIUM,RUN_01,50.0,0.0,NORMAL,NONE,COLD
508869.3078664,3.41,-37.78,102.78,0.02,69.2,-0.01,0.0,0.0,0.0,0.0,0.0,0.0,402.0,331.0,778.0,253.0,88.0,145.0,0.0,0.0,0.0,0.0,0.0,0.0,ID_NORMAL_001,JOINT2_SWEEP_MEDIUM,RUN_01,50.0,0.0,NORMAL,NONE,COLD
508869.3620305,3.34,-37.82,102.77,0.02,69.2,-0.01,-1.2923689299750665,-0.7384965314143049,-0.18462413285367463,0.0,0.0,0.0,333.0,51.0,793.0,251.0,105.0,146.0,-23.860249302355594,-13.634428172774278,-3.4086070431953863,0.0,0.0,0.0,ID_NORMAL_001,JOINT2_SWEEP_MEDIUM,RUN_01,50.0,0.0,NORMAL,NONE,COLD
508869.3620305,3.24,-37.9,102.74,0.02,69.21,-0.01,0.0,0.0,0.0,0.0,0.0,0.0,354.0,65.0,877.0,251.0,111.0,145.0,0.0,0.0,0.0,0.0,0.0,0.0,ID_NORMAL_001,JOINT2_SWEEP_MEDIUM,RUN_01,50.0,0.0,NORMAL,NONE,COLD
508869.4017663,3.13,-37.97,102.72,0.02,69.22,-0.01,-2.768284518931675,-1.7616356029565223,-0.5033244579874756,0.0,0.25166222899391666,0.0,335.0,174.0,978.0,247.0,168.0,114.0,-69.66726525233412,-44.33371425148539,-12.666775500421826,0.0,6.333387750215414,0.0,ID_NORMAL_001,JOINT2_SWEEP_MEDIUM,RUN_01,50.0,0.0,NORMAL,NONE,COLD
508869.4245387,3.03,-38.04,102.7,0.02,69.24,-0.01,-4.391280673159727,-3.0738964712118184,-0.8782561346317699,0.0,0.8782561346317699,0.0,134.0,166.0,853.0,247.0,102.0,136.0,-71.27031644674203,-57.62505788913279,-16.464302254034603,0.0,27.51549707747172,0.0,ID_NORMAL_001,JOINT2_SWEEP_MEDIUM,RUN_01,50.0,0.0,NORMAL,NONE,COLD
508869.4636335,2.97,-38.09,102.68,0.02,69.24,-0.01,-1.5347309634324997,-1.2789424695272005,-0.5115769878107348,0.0,0.0,0.0,249.0,232.0,697.0,245.0,84.0,136.0,73.06725480170873,45.9128580720412,9.37923067118763,0.0,-22.46478139406547,0.0,ID_NORMAL_001,JOINT2_SWEEP_MEDIUM,RUN_01,50.0,0.0,NORMAL,NONE,COLD
508869.4636335,2.87,-38.16,102.66,0.01,69.25,-0.01,0.0,0.0,0.0,0.0,0.0,0.0,310.0,185.0,793.0,251.0,180.0,136.0,0.0,0.0,0.0,0.0,0.0,0.0,ID_NORMAL_001,JOINT2_SWEEP_MEDIUM,RUN_01,50.0,0.0,NORMAL,NONE,COLD
508869.5150136,2.77,-38.23,102.64,0.01,69.26,-0.01,-1.9462788114771485,-1.3623951680340083,-0.3892557622953519,0.0,0.19462788114781424,0.0,162.0,215.0,659.0,244.0,298.0,136.0,-37.88001212004898,-26.516008484034373,-7.576002424008283,0.0,3.7880012120068325,0.0,ID_NORMAL_001,JOINT2_SWEEP_MEDIUM,RUN_01,50.0,0.0,NORMAL,NONE,COLD
508869.5579824,2.7,-38.28,102.63,0.01,69.27,-0.01,-1.6290890134092553,-1.1636350095781414,-0.23272700191572748,0.0,0.23272700191539675,0.0,106.0,123.0,678.0,244.0,254.0,136.0,7.381863074255804,4.6256855777705175,3.6428469116716666,0.0,0.8866694151860172,0.0,ID_NORMAL_001,JOINT2_SWEEP_MEDIUM,RUN_01,50.0,0.0,NORMAL,NONE,COLD
508869.5579824,2.61,-38.35,102.61,0.01,69.28,-0.0,0.0,0.0,0.0,0.0,0.0,0.0,353.0,155.0,725.0,247.0,95.0,136.0,0.0,0.0,0.0,0.0,0.0,0.0,ID_NORMAL_001,JOINT2_SWEEP_MEDIUM,RUN_01,50.0,0.0,NORMAL,NONE,COLD
508869.6095347,2.51,-38.41,102.58,0.01,69.29,-0.0,-1.9397776629784997,-1.163866597787005,-0.5819332988935715,0.0,0.19397776629794902,0.0,63.0,216.0,671.0,246.0,69.0,136.0,-37.62737381790327,-22.57642429074012,-11.288212145371398,0.0,3.762737381792248,0.0,ID_NORMAL_001,JOINT2_SWEEP_MEDIUM,RUN_01,50.0,0.0,NORMAL,NONE,COLD
508869.6095347,2.42,-38.48,102.56,0.01,69.3,-0.0,0.0,0.0,0.0,0.0,0.0,0.0,328.0,358.0,481.0,234.0,60.0,136.0,0.0,0.0,0.0,0.0,0.0,0.0,ID_NORMAL_001,JOINT2_SWEEP_MEDIUM,RUN_01,50.0,0.0,NORMAL,NONE,COLD
508869.6218535,2.35,-38.52,102.55,0.01,69.3,-0.0,-5.682371646255928,-3.2470695121467594,-0.8117673780369782,0.0,0.0,0.0,424.0,223.0,545.0,236.0,68.0,136.0,-461.2763932310482,-263.58651041778364,-65.89662760446932,0.0,0.0,0.0,ID_NORMAL_001,JOINT2_SWEEP_MEDIUM,RUN_01,50.0,0.0,NORMAL,NONE,COLD
508869.6661838,2.26,-38.59,102.53,0.01,69.31,-0.0,-2.030214097055576,-1.5790554088210045,-0.45115868823448113,0.0,0.22557934411740085,0.0,522.0,296.0,705.0,232.0,98.0,136.0,82.3851304561608,37.62695274066058,8.134587172864093,0.0,5.088604049241072,0.0,ID_NORMAL_001,JOINT2_SWEEP_MEDIUM,RUN_01,50.0,0.0,NORMAL,NONE,COLD
508869.7135512,2.17,-38.65,102.51,0.01,69.32,-0.0,-1.9000409578070985,-1.266693971871299,-0.42223132395704965,0.0,0.21111566197837484,0.0,165.0,406.0,502.0,158.0,122.0,136.0,2.748158846427049,6.594439153821343,0.6107019658725094,0.0,-0.30535098294280516,0.0,ID_NORMAL_001,JOINT2_SWEEP_MEDIUM,RUN_01,50.0,0.0,NORMAL,NONE,COLD
508869.7135512,2.09,-38.72,102.49,0.01,69.33,-0.0,0.0,0.0,0.0,0.0,0.0,0.0,236.0,417.0,756.0,226.0,101.0,136.0,0.0,0.0,0.0,0.0,0.0,0.0,ID_NORMAL_001,JOINT2_SWEEP_MEDIUM,RUN_01,50.0,0.0,NORMAL,NONE,COLD
508869.7600714,2.03,-38.76,102.48,0.01,69.34,-0.0,-1.2897622974760306,-0.8598415316506679,-0.21496038291247604,0.0,0.21496038291278152,0.0,344.0,135.0,640.0,266.0,50.0,136.0,-27.724779733177453,-18.483186488784558,-4.620796622192035,0.0,4.620796622198601,0.0,ID_NORMAL_001,JOINT2_SWEEP_MEDIUM,RUN_01,50.0,0.0,NORMAL,NONE,COLD
508869.7600714,1.94,-38.82,102.46,0.01,69.35,-0.0,0.0,0.0,0.0,0.0,0.0,0.0,135.0,265.0,583.0,107.0,53.0,136.0,0.0,0.0,0.0,0.0,0.0,0.0,ID_NORMAL_001,JOINT2_SWEEP_MEDIUM,RUN_01,50.0,0.0,NORMAL,NONE,COLD
508869.8063485,1.86,-38.88,102.44,0.01,69.35,-0.0,-1.7287167934247853,-1.2965375950686406,-0.4321791983561112,0.0,0.0,0.0,166.0,69.0,621.0,171.0,108.0,136.0,-37.35577189836097,-28.016828923771843,-9.338942974588402,0.0,0.0,0.0,ID_NORMAL_001,JOINT2_SWEEP_MEDIUM,RUN_01,50.0,0.0,NORMAL,NONE,COLD
508869.8138939,1.81,-38.92,102.43,0.01,69.36,-0.0,-6.626553923877447,-5.30124313910184,-1.3253107847742829,0.0,1.3253107847761663,0.0,381.0,217.0,731.0,188.0,144.0,90.0,-649.1156371062742,-530.7479447357388,-118.3676923703644,0.0,175.64486762431193,0.0,ID_NORMAL_001,JOINT2_SWEEP_MEDIUM,RUN_01,50.0,0.0,NORMAL,NONE,COLD
508869.8673031,1.72,-38.98,102.41,0.01,69.37,-0.0,-1.6851029414742076,-1.1234019609827137,-0.37446732032779295,0.0,0.18723366016389648,0.0,475.0,107.0,532.0,195.0,244.0,129.0,92.52059539553672,78.2232495362289,17.8029902091145,0.0,-21.308634558984917,0.0,ID_NORMAL_001,JOINT2_SWEEP_MEDIUM,RUN_01,50.0,0.0,NORMAL,NONE,COLD
508869.9263799,1.65,-39.03,102.4,0.01,69.38,-0.0,-1.184898301648864,-0.8463559297492599,-0.1692711859496836,0.0,0.1692711859496836,0.0,565.0,162.0,656.0,196.0,170.0,127.0,8.467023260084726,4.689591026958246,3.47337930185048,0.0,-0.304052931283319,0.0,ID_NORMAL_001,JOINT2_SWEEP_MEDIUM,RUN_01,50.0,0.0,NORMAL,NONE,COLD
508869.9263799,1.57,-39.08,102.37,0.01,69.39,-0.0,0.0,0.0,0.0,0.0,0.0,0.0,422.0,202.0,847.0,195.0,107.0,128.0,0.0,0.0,0.0,0.0,0.0,0.0,ID_NORMAL_001,JOINT2_SWEEP_MEDIUM,RUN_01,50.0,0.0,NORMAL,NONE,COLD
508869.9632438,1.52,-39.12,102.37,0.01,69.39,-0.0,-1.3563404861754083,-1.0850723889403024,0.0,0.0,0.0,0.0,438.0,124.0,849.0,203.0,175.0,129.0,-36.79319028877082,-29.434552231016003,0.0,0.0,0.0,0.0,ID_NORMAL_001,JOINT2_SWEEP_MEDIUM,RUN_01,50.0,0.0,NORMAL,NONE,COLD
508869.9632438,1.45,-39.17,102.35,0.01,69.4,-0.0,0.0,0.0,0.0,0.0,0.0,0.0,335.0,171.0,616.0,203.0,174.0,126.0,0.0,0.0,0.0,0.0,0.0,0.0,ID_NORMAL_001,JOINT2_SWEEP_MEDIUM,RUN_01,50.0,0.0,NORMAL,NONE,COLD
508870.0441937,1.38,-39.22,102.34,0.01,69.41,-0.0,-0.8647323835200914,-0.6176659882286011,-0.12353319764561488,0.0,0.12353319764561488,0.0,294.0,182.0,666.0,201.0,185.0,131.0,-10.682315644404826,-7.630225460288721,-1.526045092056443,0.0,1.526045092056443,0.0,ID_NORMAL_001,JOINT2_SWEEP_MEDIUM,RUN_01,50.0,0.0,NORMAL,NONE,COLD
508870.0441937,1.31,-39.27,102.32,0.01,69.41,-0.0,0.0,0.0,0.0,0.0,0.0,0.0,549.0,211.0,681.0,200.0,187.0,131.0,0.0,0.0,0.0,0.0,0.0,0.0,ID_NORMAL_001,JOINT2_SWEEP_MEDIUM,RUN_01,50.0,0.0,NORMAL,NONE,COLD
508870.0454256,1.26,-39.31,102.31,0.01,69.42,-0.0,-40.58770974945478,-32.4701677995631,-8.117541949883567,0.0,8.117541949895102,0.0,467.0,107.0,1031.0,199.0,175.0,130.0,-32947.2436541197,-26357.794923295172,-6589.448730817942,0.0,6589.4487308273065,0.0,ID_NORMAL_001,JOINT2_SWEEP_MEDIUM,RUN_01,50.0,0.0,NORMAL,NONE,COLD
508870.0864178,1.19,-39.35,102.3,0.01,69.42,-0.0,-1.70764194300615,-0.9757953960034926,-0.24394884900100317,0.0,0.0,0.0,422.0,299.0,1027.0,203.0,169.0,127.0,948.4747790459248,768.3015897853394,192.07539744615582,0.0,-198.0265015393256,0.0,ID_NORMAL_001,JOINT2_SWEEP_MEDIUM,RUN_01,50.0,0.0,NORMAL,NONE,COLD
508870.1315619,1.13,-39.4,102.28,0.01,69.43,-0.0,-1.3290773313867845,-1.1075644428222564,-0.4430257771288396,0.0,0.2215128885645772,0.0,201.0,82.0,751.0,203.0,224.0,128.0,8.385694062809005,-2.9188542184210444,-4.409810539613722,0.0,4.906795980019769,0.0,ID_NORMAL_001,JOINT2_SWEEP_MEDIUM,RUN_01,50.0,0.0,NORMAL,NONE,COLD
508870.1315619,1.07,-39.44,102.27,0.0,69.44,-0.0,0.0,0.0,0.0,0.0,0.0,0.0,306.0,127.0,922.0,209.0,292.0,126.0,0.0,0.0,0.0,0.0,0.0,0.0,ID_NORMAL_001,JOINT2_SWEEP_MEDIUM,RUN_01,50.0,0.0,NORMAL,NONE,COLD
508870.1797791,1.03,-39.47,102.26,0.0,69.44,-0.0,-0.8295794865778456,-0.6221846149334073,-0.20739487164427262,0.0,0.0,0.0,520.0,39.0,817.0,205.0,303.0,129.0,-17.205053113769036,-12.903789835327254,-4.301263278438343,0.0,0.0,0.0,ID_NORMAL_001,JOINT2_SWEEP_MEDIUM,RUN_01,50.0,0.0,NORMAL,NONE,COLD
508870.1797791,0.96,-39.52,102.25,0.0,69.45,-0.0,0.0,0.0,0.0,0.0,0.0,0.0,452.0,153.0,924.0,203.0,304.0,129.0,0.0,0.0,0.0,0.0,0.0,0.0,ID_NORMAL_001,JOINT2_SWEEP_MEDIUM,RUN_01,50.0,0.0,NORMAL,NONE,COLD
508870.2261557,0.91,-39.56,102.23,0.0,69.45,-0.0,-1.0781299192366212,-0.8625039353892797,-0.43125196769456325,0.0,0.0,0.0,387.0,9.0,765.0,202.0,213.0,137.0,-23.247282455063296,-18.597825964050266,-9.29891298202348,0.0,0.0,0.0,ID_NORMAL_001,JOINT2_SWEEP_MEDIUM,RUN_01,50.0,0.0,NORMAL,NONE,COLD
508870.2261557,0.85,-39.6,102.22,0.0,69.46,-0.0,0.0,0.0,0.0,0.0,0.0,0.0,378.0,97.0,876.0,202.0,192.0,124.0,0.0,0.0,0.0,0.0,0.0,0.0,ID_NORMAL_001,JOINT2_SWEEP_MEDIUM,RUN_01,50.0,0.0,NORMAL,NONE,COLD
508870.2512314,0.82,-39.63,102.21,0.0,69.46,-0.0,-1.1963773684848498,-1.196377368484894,-0.39879245616182024,0.0,0.0,0.0,530.0,97.0,949.0,198.0,191.0,123.0,-47.71062692742442,-47.71062692742618,-15.903542309149596,0.0,0.0,0.0,ID_NORMAL_001,JOINT2_SWEEP_MEDIUM,RUN_01,50.0,0.0,NORMAL,NONE,COLD
508870.307953,0.76,-39.66,102.2,0.0,69.47,-0.0,-1.0577980874002935,-0.528899043700042,-0.17629968123322207,0.0,0.17629968123347262,0.0,391.0,306.0,738.0,200.0,224.0,125.0,2.443148308075858,11.76762158897615,3.9225405296642557,0.0,3.1081577603008155,0.0,ID_NORMAL_001,JOINT2_SWEEP_MEDIUM,RUN_01,50.0,0.0,NORMAL,NONE,COLD
508870.3545439,0.71,-39.7,102.19,0.0,69.47,-0.0,-1.0731709413275161,-0.8585367530621463,-0.2146341882656128,0.0,0.0,0.0,430.0,47.0,1105.0,205.0,197.0,126.0,-0.3299540023993584,-7.075152217063505,-0.8227895799455405,0.0,-3.783993897301333,0.0,ID_NORMAL_001,JOINT2_SWEEP_MEDIUM,RUN_01,50.0,0.0,NORMAL,NONE,COLD
508870.3545439,0.68,-39.73,102.18,0.0,69.48,-0.0,0.0,0.0,0.0,0.0,0.0,0.0,378.0,0.0,805.0,194.0,287.0,126.0,0.0,0.0,0.0,0.0,0.0,0.0,ID_NORMAL_001,JOINT2_SWEEP_MEDIUM,RUN_01,50.0,0.0,NORMAL,NONE,COLD
508870.3982978,0.63,-39.76,102.17,0.0,69.48,-0.0,-1.1427552748275667,-0.6856531648965655,-0.22855105496563008,0.0,0.0,0.0,467.0,321.0,769.0,203.0,214.0,126.0,-26.11779236292453,-15.670675417755298,-5.223558472587574,0.0,0.0,0.0,ID_NORMAL_001,JOINT2_SWEEP_MEDIUM,RUN_01,50.0,0.0,NORMAL,NONE,COLD
508870.3982978,0.58,-39.79,102.16,0.0,69.49,-0.0,0.0,0.0,0.0,0.0,0.0,0.0,159.0,49.0,846.0,125.0,90.0,126.0,0.0,0.0,0.0,0.0,0.0,0.0,ID_NORMAL_001,JOINT2_SWEEP_MEDIUM,RUN_01,50.0,0.0,NORMAL,NONE,COLD
508870.4461017,0.54,-39.82,102.16,0.0,69.49,-0.0,-0.8367518126118898,-0.6275638594589423,0.0,0.0,0.0,0.0,260.0,134.0,900.0,175.0,139.0,126.0,-17.50383989773211,-13.127879923299606,0.0,0.0,0.0,0.0,ID_NORMAL_001,JOINT2_SWEEP_MEDIUM,RUN_01,50.0,0.0,NORMAL,NONE,COLD
508870.4461017,0.51,-39.84,102.15,0.0,69.49,-0.0,0.0,0.0,0.0,0.0,0.0,0.0,304.0,183.0,902.0,88.0,92.0,127.0,0.0,0.0,0.0,0.0,0.0,0.0,ID_NORMAL_001,JOINT2_SWEEP_MEDIUM,RUN_01,50.0,0.0,NORMAL,NONE,COLD
508870.4700373,0.47,-39.87,102.14,0.0,69.5,-0.0,-1.6711509209917348,-1.2533631907435507,-0.4177877302481471,0.0,0.4177877302481471,0.0,451.0,119.0,929.0,97.0,156.0,127.0,-69.81863501828802,-52.36397626370556,-17.454658754580922,0.0,17.454658754580922,0.0,ID_NORMAL_001,JOINT2_SWEEP_MEDIUM,RUN_01,50.0,0.0,NORMAL,NONE,COLD
508870.5220327,0.43,-39.91,102.13,0.0,69.5,-0.0,-0.7692988227343456,-0.7692988227343296,-0.19232470568368487,0.0,0.0,0.0,324.0,225.0,931.0,78.0,168.0,126.0,17.34484393674773,9.309753710928476,4.336210984189142,0.0,-8.035090225818852,0.0,ID_NORMAL_001,JOINT2_SWEEP_MEDIUM,RUN_01,50.0,0.0,NORMAL,NONE,COLD
508870.5684626,0.39,-39.93,102.12,0.0,69.51,-0.0,-0.8615138092337749,-0.430756904616955,-0.21537845230824795,0.0,0.215378452308554,0.0,191.0,64.0,846.0,138.0,155.0,126.0,-1.986112107189112,7.2914634365652065,-0.49652802679094077,0.0,4.638787771880434,0.0,ID_NORMAL_001,JOINT2_SWEEP_MEDIUM,RUN_01,50.0,0.0,NORMAL,NONE,COLD
508870.5684626,0.36,-39.95,102.12,0.0,69.51,-0.0,0.0,0.0,0.0,0.0,0.0,0.0,197.0,49.0,898.0,144.0,175.0,125.0,0.0,0.0,0.0,0.0,0.0,0.0,ID_NORMAL_001,JOINT2_SWEEP_MEDIUM,RUN_01,50.0,0.0,NORMAL,NONE,COLD
508870.60725,0.33,-39.97,102.11,0.0,69.51,-0.0,-0.7734470472224585,-0.5156313648148703,-0.2578156824076183,0.0,0.0,0.0,194.0,175.0,839.0,146.0,179.0,126.0,-19.94067782857135,-13.293785219044935,-6.646892609527191,0.0,0.0,0.0,ID_NORMAL_001,JOINT2_SWEEP_MEDIUM,RUN_01,50.0,0.0,NORMAL,NONE,COLD
508870.60725,0.3,-39.99,102.1,0.0,69.51,-0.0,0.0,0.0,0.0,0.0,0.0,0.0,214.0,179.0,607.0,166.0,176.0,126.0,0.0,0.0,0.0,0.0,0.0,0.0,ID_NORMAL_001,JOINT2_SWEEP_MEDIUM,RUN_01,50.0,0.0,NORMAL,NONE,COLD
508870.6505595,0.27,-40.02,102.09,0.0,69.52,-0.0,-0.6926886714719317,-0.6926886714719586,-0.23089622382376745,0.0,0.23089622382376745,0.0,242.0,164.0,827.0,166.0,272.0,126.0,-15.993919852851672,-15.993919852852292,-5.3313066176123804,0.0,5.3313066176123804,0.0,ID_NORMAL_001,JOINT2_SWEEP_MEDIUM,RUN_01,50.0,0.0,NORMAL,NONE,COLD
508870.6923659,0.25,-40.03,102.09,0.0,69.52,-0.0,-0.4783956523762652,-0.2391978261880848,0.0,0.0,0.0,0.0,218.0,85.0,695.0,173.0,254.0,126.0,5.125842433497537,10.847402438812127,5.5229874813693645,0.0,-5.5229874813693645,0.0,ID_NORMAL_001,JOINT2_SWEEP_MEDIUM,RUN_01,50.0,0.0,NORMAL,NONE,COLD
508870.6923659,0.21,-40.05,102.09,0.0,69.52,-0.0,0.0,0.0,0.0,0.0,0.0,0.0,192.0,99.0,792.0,175.0,255.0,126.0,0.0,0.0,0.0,0.0,0.0,0.0,ID_NORMAL_001,JOINT2_SWEEP_MEDIUM,RUN_01,50.0,0.0,NORMAL,NONE,COLD
508870.7393173,0.19,-40.07,102.08,-0.0,69.53,-0.0,-0.4259723884727669,-0.42597238847283375,-0.21298619423649254,-0.0,0.21298619423649254,0.0,252.0,123.0,766.0,89.0,224.0,126.0,-9.072623787059698,-9.07262378706112,-4.536311893532172,-0.0,4.536311893532172,0.0,ID_NORMAL_001,JOINT2_SWEEP_MEDIUM,RUN_01,50.0,0.0,NORMAL,NONE,COLD
508870.7883523,0.16,-40.09,102.07,-0.0,69.53,-0.0,-0.611807891913249,-0.40787192794222976,-0.20393596397118735,0.0,0.0,0.0,293.0,257.0,751.0,67.0,224.0,126.0,-3.789854253418623,0.36913348666292656,0.18456674333152837,0.0,-4.343554483415143,0.0,ID_NORMAL_001,JOINT2_SWEEP_MEDIUM,RUN_01,50.0,0.0,NORMAL,NONE,COLD
508870.7883523,0.15,-40.1,102.07,-0.0,69.53,-0.0,0.0,0.0,0.0,0.0,0.0,0.0,244.0,236.0,761.0,58.0,209.0,126.0,0.0,0.0,0.0,0.0,0.0,0.0,ID_NORMAL_001,JOINT2_SWEEP_MEDIUM,RUN_01,50.0,0.0,NORMAL,NONE,COLD
508870.8340218,0.13,-40.12,102.07,-0.0,69.53,-0.0,-0.437929033431925,-0.4379290334318381,0.0,0.0,0.0,0.0,136.0,280.0,714.0,111.0,166.0,126.0,-9.589091916131009,-9.589091916129107,0.0,0.0,0.0,0.0,ID_NORMAL_001,JOINT2_SWEEP_MEDIUM,RUN_01,50.0,0.0,NORMAL,NONE,COLD
508870.8340218,0.11,-40.13,102.06,-0.0,69.54,-0.0,0.0,0.0,0.0,0.0,0.0,0.0,301.0,124.0,781.0,117.0,137.0,125.0,0.0,0.0,0.0,0.0,0.0,0.0,ID_NORMAL_001,JOINT2_SWEEP_MEDIUM,RUN_01,50.0,0.0,NORMAL,NONE,COLD
508870.8531944,0.1,-40.14,102.06,-0.0,69.54,0.0,-0.5215776679993813,-0.5215776679992778,0.0,0.0,0.0,0.0,234.0,224.0,736.0,127.0,110.0,75.0,-27.2043263755673,-27.204326375561905,0.0,0.0,0.0,0.0,ID_NORMAL_001,JOINT2_SWEEP_MEDIUM,RUN_01,50.0,0.0,NORMAL,NONE,COLD
508870.9017215,0.08,-40.15,102.06,-0.0,69.54,0.0,-0.412140845446859,-0.2060704227233885,0.0,0.0,0.0,0.0,294.0,167.0,802.0,135.0,104.0,48.0,2.255169228490721,6.501671140630727,0.0,0.0,0.0,0.0,ID_NORMAL_001,JOINT2_SWEEP_MEDIUM,RUN_01,50.0,0.0,NORMAL,NONE,COLD
508870.9452814,0.06,-40.16,102.05,-0.0,69.54,0.0,-0.45913787660509875,-0.22956893830250366,-0.22956893830266675,0.0,0.0,0.0,332.0,176.0,791.0,139.0,96.0,39.0,-1.0789058546368924,-0.5394529273183385,-5.2701897433386655,0.0,0.0,0.0,ID_NORMAL_001,JOINT2_SWEEP_MEDIUM,RUN_01,50.0,0.0,NORMAL,NONE,COLD
508870.9452814,0.05,-40.17,102.05,-0.0,69.54,0.0,0.0,0.0,0.0,0.0,0.0,0.0,313.0,131.0,647.0,141.0,97.0,19.0,0.0,0.0,0.0,0.0,0.0,0.0,ID_NORMAL_001,JOINT2_SWEEP_MEDIUM,RUN_01,50.0,0.0,NORMAL,NONE,COLD
508870.9933849,0.05,-40.18,102.05,-0.0,69.54,-0.0,0.0,-0.2078850812007014,0.0,0.0,0.0,-0.0,265.0,131.0,605.0,146.0,78.0,39.0,0.0,-4.321620698583081,0.0,0.0,0.0,-0.0,ID_NORMAL_001,JOINT2_SWEEP_MEDIUM,RUN_01,50.0,0.0,NORMAL,NONE,COLD
508870.9933849,0.03,-40.2,102.05,-0.0,69.54,-0.0,0.0,0.0,0.0,0.0,0.0,0.0,196.0,3.0,718.0,146.0,97.0,40.0,0.0,0.0,0.0,0.0,0.0,0.0,ID_NORMAL_001,JOINT2_SWEEP_MEDIUM,RUN_01,50.0,0.0,NORMAL,NONE,COLD
508871.0393905,0.02,-40.2,102.05,-0.0,69.54,-0.0,-0.21736484246704696,0.0,0.0,0.0,0.0,0.0,263.0,41.0,657.0,142.0,97.0,45.0,-4.724747474072415,0.0,0.0,0.0,0.0,0.0,ID_NORMAL_001,JOINT2_SWEEP_MEDIUM,RUN_01,50.0,0.0,NORMAL,NONE,COLD
508871.0574643,0.01,-40.2,102.04,-0.0,69.54,-0.0,-0.5532870779237676,0.0,-0.5532870779232645,0.0,0.0,0.0,69.0,29.0,568.0,142.0,97.0,46.0,-18.586143206546883,0.0,-30.612659059714296,0.0,0.0,0.0,ID_NORMAL_001,JOINT2_SWEEP_MEDIUM,RUN_01,50.0,0.0,NORMAL,NONE,COLD
508871.1018819,0.0,-40.21,102.04,-0.0,69.54,-0.0,-0.22513598227105902,-0.22513598227101422,0.0,0.0,0.0,0.0,74.0,30.0,809.0,145.0,97.0,47.0,7.38786192530968,-5.068621051314452,12.456482976613811,0.0,0.0,0.0,ID_NORMAL_001,JOINT2_SWEEP_MEDIUM,RUN_01,50.0,0.0,NORMAL,NONE,COLD
508871.1018819,0.0,-40.21,102.04,-0.0,69.54,-0.0,0.0,0.0,0.0,0.0,0.0,0.0,49.0,58.0,813.0,145.0,78.0,48.0,0.0,0.0,0.0,0.0,0.0,0.0,ID_NORMAL_001,JOINT2_SWEEP_MEDIUM,RUN_01,50.0,0.0,NORMAL,NONE,COLD
508871.1477856,0.0,-40.21,102.04,-0.0,69.54,-0.0,0.0,0.0,0.0,0.0,0.0,0.0,107.0,60.0,814.0,77.0,89.0,49.0,0.0,0.0,0.0,0.0,0.0,0.0,ID_NORMAL_001,JOINT2_SWEEP_MEDIUM,RUN_01,50.0,0.0,NORMAL,NONE,COLD
508871.1970114,-0.0,-40.21,102.04,-0.0,69.54,-0.0,-0.0,0.0,0.0,0.0,0.0,0.0,69.0,62.0,814.0,55.0,96.0,52.0,-0.0,0.0,0.0,0.0,0.0,0.0,ID_NORMAL_001,JOINT2_SWEEP_MEDIUM,RUN_01,50.0,0.0,NORMAL,NONE,COLD
508871.1970114,-0.0,-40.21,102.04,-0.0,69.55,-0.0,0.0,0.0,0.0,0.0,0.0,0.0,56.0,56.0,810.0,43.0,73.0,55.0,0.0,0.0,0.0,0.0,0.0,0.0,ID_NORMAL_001,JOINT2_SWEEP_MEDIUM,RUN_01,50.0,0.0,NORMAL,NONE,COLD
508871.2403581,-0.0,-40.21,102.04,-0.0,69.55,-0.0,0.0,0.0,0.0,0.0,0.0,0.0,45.0,0.0,664.0,39.0,58.0,55.0,0.0,0.0,0.0,0.0,0.0,0.0,ID_NORMAL_001,JOINT2_SWEEP_MEDIUM,RUN_01,50.0,0.0,NORMAL,NONE,COLD
508871.2403581,-0.0,-40.21,102.04,-0.0,69.55,-0.0,0.0,0.0,0.0,0.0,0.0,0.0,41.0,0.0,516.0,54.0,51.0,56.0,0.0,0.0,0.0,0.0,0.0,0.0,ID_NORMAL_001,JOINT2_SWEEP_MEDIUM,RUN_01,50.0,0.0,NORMAL,NONE,COLD
508871.2630346,-0.0,-40.21,102.04,-0.0,69.55,-0.0,0.0,0.0,0.0,0.0,0.0,0.0,35.0,24.0,741.0,74.0,41.0,57.0,0.0,0.0,0.0,0.0,0.0,0.0,ID_NORMAL_001,JOINT2_SWEEP_MEDIUM,RUN_01,50.0,0.0,NORMAL,NONE,COLD
508871.3185002,-0.0,-40.21,102.04,-0.0,69.55,-0.0,0.0,0.0,0.0,0.0,0.0,0.0,29.0,9.0,699.0,78.0,39.0,58.0,0.0,0.0,0.0,0.0,0.0,0.0,ID_NORMAL_001,JOINT2_SWEEP_MEDIUM,RUN_01,50.0,0.0,NORMAL,NONE,COLD
508871.3185002,-0.0,-40.21,102.04,-0.0,69.55,-0.0,0.0,0.0,0.0,0.0,0.0,0.0,25.0,11.0,485.0,81.0,30.0,55.0,0.0,0.0,0.0,0.0,0.0,0.0,ID_NORMAL_001,JOINT2_SWEEP_MEDIUM,RUN_01,50.0,0.0,NORMAL,NONE,COLD
508871.3661912,-0.0,-40.21,102.04,-0.0,69.55,-0.0,0.0,0.0,0.0,0.0,0.0,0.0,19.0,19.0,726.0,89.0,19.0,58.0,0.0,0.0,0.0,0.0,0.0,0.0,ID_NORMAL_001,JOINT2_SWEEP_MEDIUM,RUN_01,50.0,0.0,NORMAL,NONE,COLD
508871.4130594,-0.0,-40.21,102.04,-0.0,69.55,-0.0,0.0,0.0,0.0,0.0,0.0,0.0,19.0,0.0,650.0,88.0,19.0,58.0,0.0,0.0,0.0,0.0,0.0,0.0,ID_NORMAL_001,JOINT2_SWEEP_MEDIUM,RUN_01,50.0,0.0,NORMAL,NONE,COLD
508871.4130594,-0.0,-40.21,102.04,-0.0,69.55,-0.0,0.0,0.0,0.0,0.0,0.0,0.0,18.0,0.0,703.0,94.0,16.0,58.0,0.0,0.0,0.0,0.0,0.0,0.0,ID_NORMAL_001,JOINT2_SWEEP_MEDIUM,RUN_01,50.0,0.0,NORMAL,NONE,COLD
508871.4571884,-0.0,-40.21,102.04,-0.0,69.55,-0.0,0.0,0.0,0.0,0.0,0.0,0.0,9.0,0.0,700.0,94.0,9.0,58.0,0.0,0.0,0.0,0.0,0.0,0.0,ID_NORMAL_001,JOINT2_SWEEP_MEDIUM,RUN_01,50.0,0.0,NORMAL,NONE,COLD
508871.4571884,-0.0,-40.21,102.04,-0.0,69.55,-0.0,0.0,0.0,0.0,0.0,0.0,0.0,7.0,0.0,713.0,97.0,9.0,58.0,0.0,0.0,0.0,0.0,0.0,0.0,ID_NORMAL_001,JOINT2_SWEEP_MEDIUM,RUN_01,50.0,0.0,NORMAL,NONE,COLD
508871.5080342,-0.0,-40.21,102.04,-0.0,69.55,-0.0,0.0,0.0,0.0,0.0,0.0,0.0,0.0,0.0,345.0,97.0,9.0,58.0,0.0,0.0,0.0,0.0,0.0,0.0,ID_NORMAL_001,JOINT2_SWEEP_MEDIUM,RUN_01,50.0,0.0,NORMAL,NONE,COLD
508871.5545569,-0.0,-40.21,102.04,-0.0,69.55,-0.0,0.0,0.0,0.0,0.0,0.0,0.0,0.0,0.0,703.0,97.0,8.0,58.0,0.0,0.0,0.0,0.0,0.0,0.0,ID_NORMAL_001,JOINT2_SWEEP_MEDIUM,RUN_01,50.0,0.0,NORMAL,NONE,COLD
508871.5545569,-0.0,-40.21,102.04,-0.0,69.55,-0.0,0.0,0.0,0.0,0.0,0.0,0.0,0.0,0.0,410.0,97.0,0.0,58.0,0.0,0.0,0.0,0.0,0.0,0.0,ID_NORMAL_001,JOINT2_SWEEP_MEDIUM,RUN_01,50.0,0.0,NORMAL,NONE,COLD
508871.6012125,-0.0,-40.21,102.04,-0.0,69.55,-0.0,0.0,0.0,0.0,0.0,0.0,0.0,0.0,0.0,330.0,97.0,0.0,58.0,0.0,0.0,0.0,0.0,0.0,0.0,ID_NORMAL_001,JOINT2_SWEEP_MEDIUM,RUN_01,50.0,0.0,NORMAL,NONE,COLD
508871.6012125,-0.0,-40.21,102.04,-0.0,69.55,-0.0,0.0,0.0,0.0,0.0,0.0,0.0,0.0,0.0,687.0,96.0,0.0,58.0,0.0,0.0,0.0,0.0,0.0,0.0,ID_NORMAL_001,JOINT2_SWEEP_MEDIUM,RUN_01,50.0,0.0,NORMAL,NONE,COLD
508871.6487724,-0.0,-40.21,102.04,-0.0,69.55,-0.0,0.0,0.0,0.0,0.0,0.0,0.0,0.0,0.0,692.0,96.0,0.0,58.0,0.0,0.0,0.0,0.0,0.0,0.0,ID_NORMAL_001,JOINT2_SWEEP_MEDIUM,RUN_01,50.0,0.0,NORMAL,NONE,COLD
508871.6487724,-0.0,-40.21,102.04,-0.0,69.55,-0.0,0.0,0.0,0.0,0.0,0.0,0.0,0.0,0.0,704.0,97.0,0.0,58.0,0.0,0.0,0.0,0.0,0.0,0.0,ID_NORMAL_001,JOINT2_SWEEP_MEDIUM,RUN_01,50.0,0.0,NORMAL,NONE,COLD
508871.6733295,-0.0,-40.21,102.04,-0.0,69.55,-0.0,0.0,0.0,0.0,0.0,0.0,0.0,0.0,0.0,413.0,96.0,0.0,58.0,0.0,0.0,0.0,0.0,0.0,0.0,ID_NORMAL_001,JOINT2_SWEEP_MEDIUM,RUN_01,50.0,0.0,NORMAL,NONE,COLD
508871.727009,-0.0,-40.21,102.04,-0.0,69.55,-0.0,0.0,0.0,0.0,0.0,0.0,0.0,0.0,3.0,774.0,96.0,0.0,58.0,0.0,0.0,0.0,0.0,0.0,0.0,ID_NORMAL_001,JOINT2_SWEEP_MEDIUM,RUN_01,50.0,0.0,NORMAL,NONE,COLD
508871.7736581,-0.0,-40.21,102.04,-0.0,69.55,-0.0,0.0,0.0,0.0,0.0,0.0,0.0,0.0,9.0,675.0,97.0,0.0,58.0,0.0,0.0,0.0,0.0,0.0,0.0,ID_NORMAL_001,JOINT2_SWEEP_MEDIUM,RUN_01,50.0,0.0,NORMAL,NONE,COLD
508871.7736581,-0.0,-40.21,102.04,-0.0,69.55,-0.0,0.0,0.0,0.0,0.0,0.0,0.0,0.0,9.0,687.0,96.0,0.0,58.0,0.0,0.0,0.0,0.0,0.0,0.0,ID_NORMAL_001,JOINT2_SWEEP_MEDIUM,RUN_01,50.0,0.0,NORMAL,NONE,COLD
508871.8206828,-0.0,-40.21,102.04,-0.0,69.55,-0.0,0.0,0.0,0.0,0.0,0.0,0.0,0.0,9.0,693.0,97.0,0.0,58.0,0.0,0.0,0.0,0.0,0.0,0.0,ID_NORMAL_001,JOINT2_SWEEP_MEDIUM,RUN_01,50.0,0.0,NORMAL,NONE,COLD
508871.8206828,-0.0,-40.21,102.04,-0.0,69.55,-0.0,0.0,0.0,0.0,0.0,0.0,0.0,7.0,9.0,692.0,95.0,0.0,57.0,0.0,0.0,0.0,0.0,0.0,0.0,ID_NORMAL_001,JOINT2_SWEEP_MEDIUM,RUN_01,50.0,0.0,NORMAL,NONE,COLD
508871.8581779,-0.0,-40.21,102.04,-0.0,69.55,-0.0,0.0,0.0,0.0,0.0,0.0,0.0,9.0,9.0,703.0,94.0,0.0,58.0,0.0,0.0,0.0,0.0,0.0,0.0,ID_NORMAL_001,JOINT2_SWEEP_MEDIUM,RUN_01,50.0,0.0,NORMAL,NONE,COLD
508871.9147484,-0.0,-40.21,102.04,-0.0,69.55,-0.0,0.0,0.0,0.0,0.0,0.0,0.0,9.0,9.0,703.0,95.0,0.0,58.0,0.0,0.0,0.0,0.0,0.0,0.0,ID_NORMAL_001,JOINT2_SWEEP_MEDIUM,RUN_01,50.0,0.0,NORMAL,NONE,COLD
508871.9147484,-0.0,-40.21,102.04,-0.0,69.55,-0.0,0.0,0.0,0.0,0.0,0.0,0.0,9.0,9.0,622.0,44.0,0.0,58.0,0.0,0.0,0.0,0.0,0.0,0.0,ID_NORMAL_001,JOINT2_SWEEP_MEDIUM,RUN_01,50.0,0.0,NORMAL,NONE,COLD
508871.9615967,-0.0,-40.21,102.04,-0.0,69.55,-0.0,0.0,0.0,0.0,0.0,0.0,0.0,9.0,9.0,662.0,34.0,0.0,58.0,0.0,0.0,0.0,0.0,0.0,0.0,ID_NORMAL_001,JOINT2_SWEEP_MEDIUM,RUN_01,50.0,0.0,NORMAL,NONE,COLD
508871.9615967,-0.0,-40.21,102.04,-0.0,69.55,-0.0,0.0,0.0,0.0,0.0,0.0,0.0,11.0,9.0,675.0,41.0,0.0,58.0,0.0,0.0,0.0,0.0,0.0,0.0,ID_NORMAL_001,JOINT2_SWEEP_MEDIUM,RUN_01,50.0,0.0,NORMAL,NONE,COLD
508872.0078067,-0.0,-40.21,102.04,-0.0,69.55,-0.0,0.0,0.0,0.0,0.0,0.0,0.0,18.0,9.0,686.0,58.0,0.0,58.0,0.0,0.0,0.0,0.0,0.0,0.0,ID_NORMAL_001,JOINT2_SWEEP_MEDIUM,RUN_01,50.0,0.0,NORMAL,NONE,COLD
508872.0078067,-0.0,-40.21,102.04,-0.0,69.55,-0.0,0.0,0.0,0.0,0.0,0.0,0.0,17.0,9.0,688.0,58.0,0.0,58.0,0.0,0.0,0.0,0.0,0.0,0.0,ID_NORMAL_001,JOINT2_SWEEP_MEDIUM,RUN_01,50.0,0.0,NORMAL,NONE,COLD
508872.0549176,-0.0,-40.21,102.04,-0.0,69.55,-0.0,0.0,0.0,0.0,0.0,0.0,0.0,17.0,9.0,693.0,65.0,0.0,58.0,0.0,0.0,0.0,0.0,0.0,0.0,ID_NORMAL_001,JOINT2_SWEEP_MEDIUM,RUN_01,50.0,0.0,NORMAL,NONE,COLD
508872.058816,-0.0,-40.21,102.04,-0.0,69.55,-0.0,0.0,0.0,0.0,0.0,0.0,0.0,17.0,9.0,693.0,75.0,9.0,58.0,0.0,0.0,0.0,0.0,0.0,0.0,ID_NORMAL_001,JOINT2_SWEEP_MEDIUM,RUN_01,50.0,0.0,NORMAL,NONE,COLD
508872.1023488,-0.0,-40.21,102.04,-0.0,69.54,-0.0,0.0,0.0,0.0,0.0,-0.22971184952132806,0.0,17.0,9.0,693.0,76.0,9.0,58.0,0.0,0.0,0.0,0.0,-5.276753381055726,0.0,ID_NORMAL_001,JOINT2_SWEEP_MEDIUM,RUN_01,50.0,0.0,NORMAL,NONE,COLD
508872.1493623,-0.0,-40.21,102.04,-0.0,69.54,-0.0,0.0,0.0,0.0,0.0,0.0,0.0,19.0,9.0,693.0,75.0,9.0,58.0,0.0,0.0,0.0,0.0,4.8860827100250654,0.0,ID_NORMAL_001,JOINT2_SWEEP_MEDIUM,RUN_01,50.0,0.0,NORMAL,NONE,COLD
508872.1493623,-0.0,-40.21,102.04,-0.0,69.54,-0.0,0.0,0.0,0.0,0.0,0.0,0.0,19.0,9.0,693.0,76.0,9.0,58.0,0.0,0.0,0.0,0.0,0.0,0.0,ID_NORMAL_001,JOINT2_SWEEP_MEDIUM,RUN_01,50.0,0.0,NORMAL,NONE,COLD
508872.1962529,-0.0,-40.21,102.04,-0.0,69.54,-0.0,0.0,0.0,0.0,0.0,0.0,0.0,19.0,9.0,693.0,75.0,9.0,58.0,0.0,0.0,0.0,0.0,0.0,0.0,ID_NORMAL_001,JOINT2_SWEEP_MEDIUM,RUN_01,50.0,0.0,NORMAL,NONE,COLD
508872.1962529,-0.0,-40.21,102.04,-0.0,69.54,-0.0,0.0,0.0,0.0,0.0,0.0,0.0,19.0,9.0,693.0,77.0,9.0,58.0,0.0,0.0,0.0,0.0,0.0,0.0,ID_NORMAL_001,JOINT2_SWEEP_MEDIUM,RUN_01,50.0,0.0,NORMAL,NONE,COLD
508872.2436636,-0.0,-40.21,102.04,-0.0,69.54,-0.0,0.0,0.0,0.0,0.0,0.0,0.0,19.0,9.0,693.0,78.0,9.0,58.0,0.0,0.0,0.0,0.0,0.0,0.0,ID_NORMAL_001,JOINT2_SWEEP_MEDIUM,RUN_01,50.0,0.0,NORMAL,NONE,COLD
508872.2590915,-0.0,-40.21,102.04,-0.0,69.54,-0.0,0.0,0.0,0.0,0.0,0.0,0.0,19.0,9.0,693.0,78.0,9.0,58.0,0.0,0.0,0.0,0.0,0.0,0.0,ID_NORMAL_001,JOINT2_SWEEP_MEDIUM,RUN_01,50.0,0.0,NORMAL,NONE,COLD
508872.3061112,-0.0,-40.21,102.04,-0.0,69.54,-0.0,0.0,0.0,0.0,0.0,0.0,0.0,19.0,9.0,693.0,78.0,9.0,58.0,0.0,0.0,0.0,0.0,0.0,0.0,ID_NORMAL_001,JOINT2_SWEEP_MEDIUM,RUN_01,50.0,0.0,NORMAL,NONE,COLD
508872.3061112,-0.0,-40.21,102.04,-0.0,69.54,-0.0,0.0,0.0,0.0,0.0,0.0,0.0,19.0,9.0,693.0,78.0,9.0,58.0,0.0,0.0,0.0,0.0,0.0,0.0,ID_NORMAL_001,JOINT2_SWEEP_MEDIUM,RUN_01,50.0,0.0,NORMAL,NONE,COLD
508872.3529633,-0.0,-40.21,102.04,-0.0,69.54,-0.0,0.0,0.0,0.0,0.0,0.0,0.0,19.0,9.0,591.0,78.0,9.0,58.0,0.0,0.0,0.0,0.0,0.0,0.0,ID_NORMAL_001,JOINT2_SWEEP_MEDIUM,RUN_01,50.0,0.0,NORMAL,NONE,COLD
508872.4001582,-0.0,-40.21,102.04,-0.0,69.54,-0.0,0.0,0.0,0.0,0.0,0.0,0.0,19.0,9.0,659.0,78.0,9.0,57.0,0.0,0.0,0.0,0.0,0.0,0.0,ID_NORMAL_001,JOINT2_SWEEP_MEDIUM,RUN_01,50.0,0.0,NORMAL,NONE,COLD
508872.4001582,-0.0,-40.21,102.04,-0.0,69.54,-0.0,0.0,0.0,0.0,0.0,0.0,0.0,19.0,9.0,661.0,78.0,9.0,58.0,0.0,0.0,0.0,0.0,0.0,0.0,ID_NORMAL_001,JOINT2_SWEEP_MEDIUM,RUN_01,50.0,0.0,NORMAL,NONE,COLD
508872.4476454,-0.0,-40.21,102.04,-0.0,69.54,-0.0,0.0,0.0,0.0,0.0,0.0,0.0,19.0,9.0,664.0,78.0,9.0,58.0,0.0,0.0,0.0,0.0,0.0,0.0,ID_NORMAL_001,JOINT2_SWEEP_MEDIUM,RUN_01,50.0,0.0,NORMAL,NONE,COLD
508872.4476454,-0.0,-40.21,102.04,-0.0,69.54,-0.0,0.0,0.0,0.0,0.0,0.0,0.0,19.0,9.0,664.0,78.0,9.0,58.0,0.0,0.0,0.0,0.0,0.0,0.0,ID_NORMAL_001,JOINT2_SWEEP_MEDIUM,RUN_01,50.0,0.0,NORMAL,NONE,COLD
508872.4778008,-0.0,-40.21,102.04,-0.0,69.54,-0.0,0.0,0.0,0.0,0.0,0.0,0.0,19.0,9.0,668.0,78.0,9.0,58.0,0.0,0.0,0.0,0.0,0.0,0.0,ID_NORMAL_001,JOINT2_SWEEP_MEDIUM,RUN_01,50.0,0.0,NORMAL,NONE,COLD
508872.5093921,-0.0,-40.21,102.04,-0.0,69.54,-0.0,0.0,0.0,0.0,0.0,0.0,0.0,19.0,9.0,668.0,78.0,9.0,58.0,0.0,0.0,0.0,0.0,0.0,0.0,ID_NORMAL_001,JOINT2_SWEEP_MEDIUM,RUN_01,50.0,0.0,NORMAL,NONE,COLD
508872.5570244,-0.0,-40.21,102.04,-0.0,69.54,-0.0,0.0,0.0,0.0,0.0,0.0,0.0,19.0,9.0,671.0,78.0,9.0,58.0,0.0,0.0,0.0,0.0,0.0,0.0,ID_NORMAL_001,JOINT2_SWEEP_MEDIUM,RUN_01,50.0,0.0,NORMAL,NONE,COLD
508872.5570244,-0.0,-40.21,102.04,-0.0,69.54,-0.0,0.0,0.0,0.0,0.0,0.0,0.0,19.0,9.0,673.0,78.0,9.0,58.0,0.0,0.0,0.0,0.0,0.0,0.0,ID_NORMAL_001,JOINT2_SWEEP_MEDIUM,RUN_01,50.0,0.0,NORMAL,NONE,COLD
508872.6039496,-0.0,-40.21,102.04,-0.0,69.54,-0.0,0.0,0.0,0.0,0.0,0.0,0.0,19.0,9.0,673.0,78.0,9.0,58.0,0.0,0.0,0.0,0.0,0.0,0.0,ID_NORMAL_001,JOINT2_SWEEP_MEDIUM,RUN_01,50.0,0.0,NORMAL,NONE,COLD
508872.6039496,-0.0,-40.21,102.04,-0.0,69.54,-0.0,0.0,0.0,0.0,0.0,0.0,0.0,19.0,9.0,673.0,78.0,9.0,58.0,0.0,0.0,0.0,0.0,0.0,0.0,ID_NORMAL_001,JOINT2_SWEEP_MEDIUM,RUN_01,50.0,0.0,NORMAL,NONE,COLD
508872.6506727,-0.0,-40.21,102.04,-0.0,69.54,-0.0,0.0,0.0,0.0,0.0,0.0,0.0,19.0,9.0,672.0,78.0,9.0,58.0,0.0,0.0,0.0,0.0,0.0,0.0,ID_NORMAL_001,JOINT2_SWEEP_MEDIUM,RUN_01,50.0,0.0,NORMAL,NONE,COLD
508872.6661472,-0.0,-40.21,102.04,-0.0,69.54,-0.0,0.0,0.0,0.0,0.0,0.0,0.0,19.0,9.0,673.0,78.0,9.0,58.0,0.0,0.0,0.0,0.0,0.0,0.0,ID_NORMAL_001,JOINT2_SWEEP_MEDIUM,RUN_01,50.0,0.0,NORMAL,NONE,COLD
508872.7112543,-0.0,-40.21,102.04,-0.0,69.54,-0.0,0.0,0.0,0.0,0.0,0.0,0.0,19.0,9.0,673.0,78.0,9.0,58.0,0.0,0.0,0.0,0.0,0.0,0.0,ID_NORMAL_001,JOINT2_SWEEP_MEDIUM,RUN_01,50.0,0.0,NORMAL,NONE,COLD
508872.7640415,-0.0,-40.21,102.04,-0.0,69.54,-0.0,0.0,0.0,0.0,0.0,0.0,0.0,19.0,9.0,673.0,78.0,9.0,58.0,0.0,0.0,0.0,0.0,0.0,0.0,ID_NORMAL_001,JOINT2_SWEEP_MEDIUM,RUN_01,50.0,0.0,NORMAL,NONE,COLD
508872.7640415,-0.0,-40.21,102.04,-0.0,69.54,-0.0,0.0,0.0,0.0,0.0,0.0,0.0,19.0,9.0,673.0,78.0,9.0,58.0,0.0,0.0,0.0,0.0,0.0,0.0,ID_NORMAL_001,JOINT2_SWEEP_MEDIUM,RUN_01,50.0,0.0,NORMAL,NONE,COLD
508872.7962801,-0.0,-40.21,102.04,-0.0,69.54,-0.0,0.0,0.0,0.0,0.0,0.0,0.0,19.0,9.0,673.0,78.0,9.0,58.0,0.0,0.0,0.0,0.0,0.0,0.0,ID_NORMAL_001,JOINT2_SWEEP_MEDIUM,RUN_01,50.0,0.0,NORMAL,NONE,COLD
508872.7962801,-0.0,-40.21,102.04,-0.0,69.54,-0.0,0.0,0.0,0.0,0.0,0.0,0.0,19.0,9.0,674.0,78.0,9.0,58.0,0.0,0.0,0.0,0.0,0.0,0.0,ID_NORMAL_001,JOINT2_SWEEP_MEDIUM,RUN_01,50.0,0.0,NORMAL,NONE,COLD
508872.8363649,-0.0,-40.21,102.04,-0.0,69.54,-0.0,0.0,0.0,0.0,0.0,0.0,0.0,19.0,9.0,674.0,78.0,9.0,58.0,0.0,0.0,0.0,0.0,0.0,0.0,ID_NORMAL_001,JOINT2_SWEEP_MEDIUM,RUN_01,50.0,0.0,NORMAL,NONE,COLD
508872.8693053,-0.0,-40.21,102.04,-0.0,69.54,-0.0,0.0,0.0,0.0,0.0,0.0,0.0,19.0,9.0,674.0,78.0,9.0,58.0,0.0,0.0,0.0,0.0,0.0,0.0,ID_NORMAL_001,JOINT2_SWEEP_MEDIUM,RUN_01,50.0,0.0,NORMAL,NONE,COLD
508872.9139492,-0.0,-40.21,102.04,-0.0,69.54,-0.0,0.0,0.0,0.0,0.0,0.0,0.0,19.0,9.0,673.0,78.0,9.0,58.0,0.0,0.0,0.0,0.0,0.0,0.0,ID_NORMAL_001,JOINT2_SWEEP_MEDIUM,RUN_01,50.0,0.0,NORMAL,NONE,COLD
508872.9139492,-0.0,-40.21,102.04,-0.0,69.54,-0.0,0.0,0.0,0.0,0.0,0.0,0.0,19.0,9.0,674.0,78.0,9.0,58.0,0.0,0.0,0.0,0.0,0.0,0.0,ID_NORMAL_001,JOINT2_SWEEP_MEDIUM,RUN_01,50.0,0.0,NORMAL,NONE,COLD
508872.9623094,-0.0,-40.21,102.04,-0.0,69.54,-0.0,0.0,0.0,0.0,0.0,0.0,0.0,19.0,9.0,674.0,78.0,9.0,58.0,0.0,0.0,0.0,0.0,0.0,0.0,ID_NORMAL_001,JOINT2_SWEEP_MEDIUM,RUN_01,50.0,0.0,NORMAL,NONE,COLD
508872.9623094,-0.0,-40.21,102.04,-0.0,69.54,-0.0,0.0,0.0,0.0,0.0,0.0,0.0,19.0,9.0,674.0,78.0,9.0,58.0,0.0,0.0,0.0,0.0,0.0,0.0,ID_NORMAL_001,JOINT2_SWEEP_MEDIUM,RUN_01,50.0,0.0,NORMAL,NONE,COLD
508873.0092774,-0.0,-40.21,102.04,-0.0,69.54,-0.0,0.0,0.0,0.0,0.0,0.0,0.0,19.0,9.0,673.0,78.0,9.0,58.0,0.0,0.0,0.0,0.0,0.0,0.0,ID_NORMAL_001,JOINT2_SWEEP_MEDIUM,RUN_01,50.0,0.0,NORMAL,NONE,COLD
508873.0429597,-0.0,-40.21,102.04,-0.0,69.54,-0.0,0.0,0.0,0.0,0.0,0.0,0.0,19.0,9.0,674.0,78.0,9.0,58.0,0.0,0.0,0.0,0.0,0.0,0.0,ID_NORMAL_001,JOINT2_SWEEP_MEDIUM,RUN_01,50.0,0.0,NORMAL,NONE,COLD
508873.0429597,-0.0,-40.21,102.04,-0.0,69.54,-0.0,0.0,0.0,0.0,0.0,0.0,0.0,19.0,9.0,674.0,78.0,9.0,58.0,0.0,0.0,0.0,0.0,0.0,0.0,ID_NORMAL_001,JOINT2_SWEEP_MEDIUM,RUN_01,50.0,0.0,NORMAL,NONE,COLD
508873.0766349,-0.0,-40.21,102.04,-0.0,69.54,-0.0,0.0,0.0,0.0,0.0,0.0,0.0,19.0,9.0,675.0,78.0,9.0,58.0,0.0,0.0,0.0,0.0,0.0,0.0,ID_NORMAL_001,JOINT2_SWEEP_MEDIUM,RUN_01,50.0,0.0,NORMAL,NONE,COLD
508873.1176772,-0.0,-40.21,102.04,-0.0,69.54,-0.0,0.0,0.0,0.0,0.0,0.0,0.0,19.0,9.0,673.0,78.0,9.0,58.0,0.0,0.0,0.0,0.0,0.0,0.0,ID_NORMAL_001,JOINT2_SWEEP_MEDIUM,RUN_01,50.0,0.0,NORMAL,NONE,COLD
508873.1627137,-0.0,-40.21,102.04,-0.0,69.54,-0.0,0.0,0.0,0.0,0.0,0.0,0.0,19.0,9.0,673.0,78.0,9.0,58.0,0.0,0.0,0.0,0.0,0.0,0.0,ID_NORMAL_001,JOINT2_SWEEP_MEDIUM,RUN_01,50.0,0.0,NORMAL,NONE,COLD
508873.1627137,-0.0,-40.21,102.04,-0.0,69.54,-0.0,0.0,0.0,0.0,0.0,0.0,0.0,19.0,9.0,673.0,78.0,9.0,58.0,0.0,0.0,0.0,0.0,0.0,0.0,ID_NORMAL_001,JOINT2_SWEEP_MEDIUM,RUN_01,50.0,0.0,NORMAL,NONE,COLD
508873.2098527,-0.0,-40.21,102.04,-0.0,69.54,-0.0,0.0,0.0,0.0,0.0,0.0,0.0,19.0,9.0,673.0,78.0,9.0,58.0,0.0,0.0,0.0,0.0,0.0,0.0,ID_NORMAL_001,JOINT2_SWEEP_MEDIUM,RUN_01,50.0,0.0,NORMAL,NONE,COLD
508873.2098527,-0.0,-40.21,102.04,-0.0,69.54,-0.0,0.0,0.0,0.0,0.0,0.0,0.0,19.0,9.0,674.0,78.0,9.0,58.0,0.0,0.0,0.0,0.0,0.0,0.0,ID_NORMAL_001,JOINT2_SWEEP_MEDIUM,RUN_01,50.0,0.0,NORMAL,NONE,COLD
508873.2559593,-0.0,-40.21,102.04,-0.0,69.54,-0.0,0.0,0.0,0.0,0.0,0.0,0.0,19.0,9.0,674.0,78.0,9.0,58.0,0.0,0.0,0.0,0.0,0.0,0.0,ID_NORMAL_001,JOINT2_SWEEP_MEDIUM,RUN_01,50.0,0.0,NORMAL,NONE,COLD
508873.2789142,-0.0,-40.21,102.04,-0.0,69.54,-0.0,0.0,0.0,0.0,0.0,0.0,0.0,19.0,9.0,675.0,78.0,9.0,58.0,0.0,0.0,0.0,0.0,0.0,0.0,ID_NORMAL_001,JOINT2_SWEEP_MEDIUM,RUN_01,50.0,0.0,NORMAL,NONE,COLD
508873.3150809,-0.0,-40.21,102.04,-0.0,69.54,-0.0,0.0,0.0,0.0,0.0,0.0,0.0,19.0,9.0,674.0,78.0,9.0,58.0,0.0,0.0,0.0,0.0,0.0,0.0,ID_NORMAL_001,JOINT2_SWEEP_MEDIUM,RUN_01,50.0,0.0,NORMAL,NONE,COLD
508873.3150809,-0.0,-40.21,102.04,-0.0,69.54,-0.0,0.0,0.0,0.0,0.0,0.0,0.0,19.0,9.0,673.0,78.0,9.0,57.0,0.0,0.0,0.0,0.0,0.0,0.0,ID_NORMAL_001,JOINT2_SWEEP_MEDIUM,RUN_01,50.0,0.0,NORMAL,NONE,COLD
508873.371548,-0.0,-40.21,102.04,-0.0,69.54,-0.0,0.0,0.0,0.0,0.0,0.0,0.0,19.0,9.0,673.0,78.0,9.0,58.0,0.0,0.0,0.0,0.0,0.0,0.0,ID_NORMAL_001,JOINT2_SWEEP_MEDIUM,RUN_01,50.0,0.0,NORMAL,NONE,COLD
508873.4132558,-0.0,-40.21,102.04,-0.0,69.54,-0.0,0.0,0.0,0.0,0.0,0.0,0.0,19.0,9.0,675.0,78.0,9.0,58.0,0.0,0.0,0.0,0.0,0.0,0.0,ID_NORMAL_001,JOINT2_SWEEP_MEDIUM,RUN_01,50.0,0.0,NORMAL,NONE,COLD
508873.4132558,-0.0,-40.21,102.04,-0.0,69.54,-0.0,0.0,0.0,0.0,0.0,0.0,0.0,19.0,9.0,604.0,78.0,9.0,58.0,0.0,0.0,0.0,0.0,0.0,0.0,ID_NORMAL_001,JOINT2_SWEEP_MEDIUM,RUN_01,50.0,0.0,NORMAL,NONE,COLD
508873.4586714,-0.0,-40.21,102.04,-0.0,69.54,-0.0,0.0,0.0,0.0,0.0,0.0,0.0,19.0,9.0,593.0,78.0,9.0,58.0,0.0,0.0,0.0,0.0,0.0,0.0,ID_NORMAL_001,JOINT2_SWEEP_MEDIUM,RUN_01,50.0,0.0,NORMAL,NONE,COLD
508873.4586714,-0.0,-40.21,102.04,-0.0,69.54,-0.0,0.0,0.0,0.0,0.0,0.0,0.0,19.0,9.0,647.0,78.0,9.0,58.0,0.0,0.0,0.0,0.0,0.0,0.0,ID_NORMAL_001,JOINT2_SWEEP_MEDIUM,RUN_01,50.0,0.0,NORMAL,NONE,COLD
508873.479213,-0.0,-40.21,102.04,-0.0,69.54,-0.0,0.0,0.0,0.0,0.0,0.0,0.0,19.0,9.0,660.0,78.0,9.0,58.0,0.0,0.0,0.0,0.0,0.0,0.0,ID_NORMAL_001,JOINT2_SWEEP_MEDIUM,RUN_01,50.0,0.0,NORMAL,NONE,COLD
508873.5220521,-0.0,-40.21,102.04,-0.0,69.54,-0.0,0.0,0.0,0.0,0.0,0.0,0.0,19.0,9.0,661.0,78.0,9.0,58.0,0.0,0.0,0.0,0.0,0.0,0.0,ID_NORMAL_001,JOINT2_SWEEP_MEDIUM,RUN_01,50.0,0.0,NORMAL,NONE,COLD
508873.5694107,-0.0,-40.21,102.04,-0.0,69.54,-0.0,0.0,0.0,0.0,0.0,0.0,0.0,19.0,9.0,664.0,78.0,9.0,58.0,0.0,0.0,0.0,0.0,0.0,0.0,ID_NORMAL_001,JOINT2_SWEEP_MEDIUM,RUN_01,50.0,0.0,NORMAL,NONE,COLD
508873.5694107,-0.0,-40.21,102.04,-0.0,69.54,-0.0,0.0,0.0,0.0,0.0,0.0,0.0,19.0,9.0,664.0,78.0,9.0,58.0,0.0,0.0,0.0,0.0,0.0,0.0,ID_NORMAL_001,JOINT2_SWEEP_MEDIUM,RUN_01,50.0,0.0,NORMAL,NONE,COLD
508873.6157857,-0.0,-40.21,102.04,-0.0,69.54,-0.0,0.0,0.0,0.0,0.0,0.0,0.0,19.0,9.0,664.0,78.0,9.0,58.0,0.0,0.0,0.0,0.0,0.0,0.0,ID_NORMAL_001,JOINT2_SWEEP_MEDIUM,RUN_01,50.0,0.0,NORMAL,NONE,COLD
508873.6157857,-0.0,-40.21,102.04,-0.0,69.54,-0.0,0.0,0.0,0.0,0.0,0.0,0.0,19.0,9.0,664.0,78.0,9.0,58.0,0.0,0.0,0.0,0.0,0.0,0.0,ID_NORMAL_001,JOINT2_SWEEP_MEDIUM,RUN_01,50.0,0.0,NORMAL,NONE,COLD
508873.6623219,-0.0,-40.21,102.04,-0.0,69.54,-0.0,0.0,0.0,0.0,0.0,0.0,0.0,19.0,9.0,664.0,78.0,9.0,58.0,0.0,0.0,0.0,0.0,0.0,0.0,ID_NORMAL_001,JOINT2_SWEEP_MEDIUM,RUN_01,50.0,0.0,NORMAL,NONE,COLD
508873.6885576,-0.0,-40.21,102.04,-0.0,69.54,-0.0,0.0,0.0,0.0,0.0,0.0,0.0,19.0,9.0,664.0,78.0,9.0,58.0,0.0,0.0,0.0,0.0,0.0,0.0,ID_NORMAL_001,JOINT2_SWEEP_MEDIUM,RUN_01,50.0,0.0,NORMAL,NONE,COLD
508873.7434938,-0.0,-40.21,102.04,-0.0,69.54,-0.0,0.0,0.0,0.0,0.0,0.0,0.0,19.0,9.0,664.0,78.0,9.0,58.0,0.0,0.0,0.0,0.0,0.0,0.0,ID_NORMAL_001,JOINT2_SWEEP_MEDIUM,RUN_01,50.0,0.0,NORMAL,NONE,COLD
508873.7434938,-0.0,-40.21,102.04,-0.0,69.54,-0.0,0.0,0.0,0.0,0.0,0.0,0.0,19.0,9.0,664.0,78.0,9.0,58.0,0.0,0.0,0.0,0.0,0.0,0.0,ID_NORMAL_001,JOINT2_SWEEP_MEDIUM,RUN_01,50.0,0.0,NORMAL,NONE,COLD
508873.7879924,-0.0,-40.21,102.04,-0.0,69.54,-0.0,0.0,0.0,0.0,0.0,0.0,0.0,19.0,9.0,664.0,78.0,9.0,58.0,0.0,0.0,0.0,0.0,0.0,0.0,ID_NORMAL_001,JOINT2_SWEEP_MEDIUM,RUN_01,50.0,0.0,NORMAL,NONE,COLD
508873.7879924,-0.0,-40.21,102.04,-0.0,69.54,-0.0,0.0,0.0,0.0,0.0,0.0,0.0,19.0,9.0,664.0,78.0,9.0,58.0,0.0,0.0,0.0,0.0,0.0,0.0,ID_NORMAL_001,JOINT2_SWEEP_MEDIUM,RUN_01,50.0,0.0,NORMAL,NONE,COLD
508873.8359898,-0.0,-40.21,102.04,-0.0,69.54,-0.0,0.0,0.0,0.0,0.0,0.0,0.0,19.0,9.0,664.0,78.0,9.0,58.0,0.0,0.0,0.0,0.0,0.0,0.0,ID_NORMAL_001,JOINT2_SWEEP_MEDIUM,RUN_01,50.0,0.0,NORMAL,NONE,COLD
508873.8359898,-0.0,-40.21,102.04,-0.0,69.54,-0.0,0.0,0.0,0.0,0.0,0.0,0.0,19.0,9.0,664.0,78.0,9.0,58.0,0.0,0.0,0.0,0.0,0.0,0.0,ID_NORMAL_001,JOINT2_SWEEP_MEDIUM,RUN_01,50.0,0.0,NORMAL,NONE,COLD
508873.8826785,-0.0,-40.21,102.04,-0.0,69.54,-0.0,0.0,0.0,0.0,0.0,0.0,0.0,19.0,9.0,664.0,78.0,9.0,58.0,0.0,0.0,0.0,0.0,0.0,0.0,ID_NORMAL_001,JOINT2_SWEEP_MEDIUM,RUN_01,50.0,0.0,NORMAL,NONE,COLD
508873.895639,-0.0,-40.21,102.04,-0.0,69.54,-0.0,0.0,0.0,0.0,0.0,0.0,0.0,19.0,9.0,664.0,78.0,9.0,58.0,0.0,0.0,0.0,0.0,0.0,0.0,ID_NORMAL_001,JOINT2_SWEEP_MEDIUM,RUN_01,50.0,0.0,NORMAL,NONE,COLD
508873.9441889,-0.0,-40.21,102.04,-0.0,69.54,-0.0,0.0,0.0,0.0,0.0,0.0,0.0,19.0,9.0,664.0,78.0,9.0,58.0,0.0,0.0,0.0,0.0,0.0,0.0,ID_NORMAL_001,JOINT2_SWEEP_MEDIUM,RUN_01,50.0,0.0,NORMAL,NONE,COLD
508873.9441889,-0.0,-40.21,102.04,-0.0,69.54,-0.0,0.0,0.0,0.0,0.0,0.0,0.0,19.0,9.0,664.0,78.0,9.0,58.0,0.0,0.0,0.0,0.0,0.0,0.0,ID_NORMAL_001,JOINT2_SWEEP_MEDIUM,RUN_01,50.0,0.0,NORMAL,NONE,COLD
508873.9909278,-0.0,-40.21,102.04,-0.0,69.54,-0.0,0.0,0.0,0.0,0.0,0.0,0.0,19.0,9.0,664.0,78.0,9.0,58.0,0.0,0.0,0.0,0.0,0.0,0.0,ID_NORMAL_001,JOINT2_SWEEP_MEDIUM,RUN_01,50.0,0.0,NORMAL,NONE,COLD
508874.0382212,-0.0,-40.21,102.04,-0.0,69.54,-0.0,0.0,0.0,0.0,0.0,0.0,0.0,19.0,9.0,664.0,78.0,9.0,58.0,0.0,0.0,0.0,0.0,0.0,0.0,ID_NORMAL_001,JOINT2_SWEEP_MEDIUM,RUN_01,50.0,0.0,NORMAL,NONE,COLD
508874.0382212,-0.0,-40.21,102.04,-0.0,69.54,-0.0,0.0,0.0,0.0,0.0,0.0,0.0,19.0,9.0,664.0,78.0,9.0,58.0,0.0,0.0,0.0,0.0,0.0,0.0,ID_NORMAL_001,JOINT2_SWEEP_MEDIUM,RUN_01,50.0,0.0,NORMAL,NONE,COLD
508874.0864195,-0.0,-40.21,102.04,-0.0,69.54,-0.0,0.0,0.0,0.0,0.0,0.0,0.0,19.0,9.0,664.0,78.0,9.0,58.0,0.0,0.0,0.0,0.0,0.0,0.0,ID_NORMAL_001,JOINT2_SWEEP_MEDIUM,RUN_01,50.0,0.0,NORMAL,NONE,COLD
508874.0864195,-0.0,-40.21,102.04,-0.0,69.54,-0.0,0.0,0.0,0.0,0.0,0.0,0.0,19.0,9.0,664.0,78.0,9.0,58.0,0.0,0.0,0.0,0.0,0.0,0.0,ID_NORMAL_001,JOINT2_SWEEP_MEDIUM,RUN_01,50.0,0.0,NORMAL,NONE,COLD
508874.1076622,-0.0,-40.21,102.04,-0.0,69.54,-0.0,0.0,0.0,0.0,0.0,0.0,0.0,19.0,9.0,664.0,78.0,9.0,58.0,0.0,0.0,0.0,0.0,0.0,0.0,ID_NORMAL_001,JOINT2_SWEEP_MEDIUM,RUN_01,50.0,0.0,NORMAL,NONE,COLD
508874.1617266,-0.0,-40.21,102.04,-0.0,69.54,-0.0,0.0,0.0,0.0,0.0,0.0,0.0,19.0,9.0,664.0,78.0,9.0,58.0,0.0,0.0,0.0,0.0,0.0,0.0,ID_NORMAL_001,JOINT2_SWEEP_MEDIUM,RUN_01,50.0,0.0,NORMAL,NONE,COLD
508874.1617266,-0.0,-40.21,102.04,-0.0,69.54,-0.0,0.0,0.0,0.0,0.0,0.0,0.0,19.0,9.0,664.0,78.0,9.0,58.0,0.0,0.0,0.0,0.0,0.0,0.0,ID_NORMAL_001,JOINT2_SWEEP_MEDIUM,RUN_01,50.0,0.0,NORMAL,NONE,COLD
508874.2096722,-0.0,-40.21,102.04,-0.0,69.54,-0.0,0.0,0.0,0.0,0.0,0.0,0.0,19.0,9.0,664.0,78.0,9.0,58.0,0.0,0.0,0.0,0.0,0.0,0.0,ID_NORMAL_001,JOINT2_SWEEP_MEDIUM,RUN_01,50.0,0.0,NORMAL,NONE,COLD
508874.2572445,-0.0,-40.21,102.04,-0.0,69.54,-0.0,0.0,0.0,0.0,0.0,0.0,0.0,19.0,9.0,664.0,78.0,9.0,58.0,0.0,0.0,0.0,0.0,0.0,0.0,ID_NORMAL_001,JOINT2_SWEEP_MEDIUM,RUN_01,50.0,0.0,NORMAL,NONE,COLD
508874.2572445,-0.0,-40.21,102.04,-0.0,69.54,-0.0,0.0,0.0,0.0,0.0,0.0,0.0,19.0,9.0,664.0,78.0,9.0,58.0,0.0,0.0,0.0,0.0,0.0,0.0,ID_NORMAL_001,JOINT2_SWEEP_MEDIUM,RUN_01,50.0,0.0,NORMAL,NONE,COLD
508874.2986924,-0.0,-40.21,102.04,-0.0,69.54,-0.0,0.0,0.0,0.0,0.0,0.0,0.0,19.0,9.0,664.0,78.0,9.0,58.0,0.0,0.0,0.0,0.0,0.0,0.0,ID_NORMAL_001,JOINT2_SWEEP_MEDIUM,RUN_01,50.0,0.0,NORMAL,NONE,COLD
508874.2986924,-0.0,-40.21,102.04,-0.0,69.54,-0.0,0.0,0.0,0.0,0.0,0.0,0.0,19.0,9.0,664.0,78.0,9.0,58.0,0.0,0.0,0.0,0.0,0.0,0.0,ID_NORMAL_001,JOINT2_SWEEP_MEDIUM,RUN_01,50.0,0.0,NORMAL,NONE,COLD
508874.3497435,-0.0,-40.21,102.04,-0.0,69.54,-0.0,0.0,0.0,0.0,0.0,0.0,0.0,19.0,9.0,664.0,78.0,9.0,58.0,0.0,0.0,0.0,0.0,0.0,0.0,ID_NORMAL_001,JOINT2_SWEEP_MEDIUM,RUN_01,50.0,0.0,NORMAL,NONE,COLD
508874.3947835,-0.0,-40.21,102.04,-0.0,69.54,-0.0,0.0,0.0,0.0,0.0,0.0,0.0,19.0,9.0,664.0,78.0,9.0,58.0,0.0,0.0,0.0,0.0,0.0,0.0,ID_NORMAL_001,JOINT2_SWEEP_MEDIUM,RUN_01,50.0,0.0,NORMAL,NONE,COLD
508874.3947835,-0.0,-40.21,102.04,-0.0,69.54,-0.0,0.0,0.0,0.0,0.0,0.0,0.0,19.0,9.0,664.0,78.0,9.0,58.0,0.0,0.0,0.0,0.0,0.0,0.0,ID_NORMAL_001,JOINT2_SWEEP_MEDIUM,RUN_01,50.0,0.0,NORMAL,NONE,COLD
508874.4364175,-0.0,-40.21,102.04,-0.0,69.54,-0.0,0.0,0.0,0.0,0.0,0.0,0.0,19.0,0.0,664.0,78.0,9.0,58.0,0.0,0.0,0.0,0.0,0.0,0.0,ID_NORMAL_001,JOINT2_SWEEP_MEDIUM,RUN_01,50.0,0.0,NORMAL,NONE,COLD
508874.4364175,-0.0,-40.21,102.04,-0.0,69.54,-0.0,0.0,0.0,0.0,0.0,0.0,0.0,19.0,0.0,664.0,78.0,9.0,58.0,0.0,0.0,0.0,0.0,0.0,0.0,ID_NORMAL_001,JOINT2_SWEEP_MEDIUM,RUN_01,50.0,0.0,NORMAL,NONE,COLD
508874.4909666,-0.0,-40.21,102.04,-0.0,69.54,-0.0,0.0,0.0,0.0,0.0,0.0,0.0,19.0,0.0,664.0,78.0,9.0,58.0,0.0,0.0,0.0,0.0,0.0,0.0,ID_NORMAL_001,JOINT2_SWEEP_MEDIUM,RUN_01,50.0,0.0,NORMAL,NONE,COLD
508874.4909666,-0.0,-40.21,102.04,-0.0,69.54,-0.0,0.0,0.0,0.0,0.0,0.0,0.0,19.0,0.0,664.0,78.0,9.0,58.0,0.0,0.0,0.0,0.0,0.0,0.0,ID_NORMAL_001,JOINT2_SWEEP_MEDIUM,RUN_01,50.0,0.0,NORMAL,NONE,COLD
508874.5453539,-0.0,-40.21,102.04,-0.0,69.54,-0.0,0.0,0.0,0.0,0.0,0.0,0.0,19.0,0.0,664.0,78.0,9.0,58.0,0.0,0.0,0.0,0.0,0.0,0.0,ID_NORMAL_001,JOINT2_SWEEP_MEDIUM,RUN_01,50.0,0.0,NORMAL,NONE,COLD
508874.5453539,-0.0,-40.21,102.04,-0.0,69.54,-0.0,0.0,0.0,0.0,0.0,0.0,0.0,19.0,0.0,664.0,78.0,9.0,58.0,0.0,0.0,0.0,0.0,0.0,0.0,ID_NORMAL_001,JOINT2_SWEEP_MEDIUM,RUN_01,50.0,0.0,NORMAL,NONE,COLD
508874.6054056,-0.0,-40.21,102.04,-0.0,69.54,-0.0,0.0,0.0,0.0,0.0,0.0,0.0,19.0,0.0,664.0,78.0,9.0,57.0,0.0,0.0,0.0,0.0,0.0,0.0,ID_NORMAL_001,JOINT2_SWEEP_MEDIUM,RUN_01,50.0,0.0,NORMAL,NONE,COLD
508874.6054056,-0.0,-40.21,102.04,-0.0,69.54,-0.0,0.0,0.0,0.0,0.0,0.0,0.0,19.0,0.0,664.0,78.0,9.0,58.0,0.0,0.0,0.0,0.0,0.0,0.0,ID_NORMAL_001,JOINT2_SWEEP_MEDIUM,RUN_01,50.0,0.0,NORMAL,NONE,COLD
508874.6625668,-0.0,-40.21,102.04,-0.0,69.54,-0.0,0.0,0.0,0.0,0.0,0.0,0.0,19.0,0.0,664.0,78.0,9.0,58.0,0.0,0.0,0.0,0.0,0.0,0.0,ID_NORMAL_001,JOINT2_SWEEP_MEDIUM,RUN_01,50.0,0.0,NORMAL,NONE,COLD
508874.6625668,-0.0,-40.21,102.04,-0.0,69.54,-0.0,0.0,0.0,0.0,0.0,0.0,0.0,19.0,0.0,664.0,78.0,9.0,58.0,0.0,0.0,0.0,0.0,0.0,0.0,ID_NORMAL_001,JOINT2_SWEEP_MEDIUM,RUN_01,50.0,0.0,NORMAL,NONE,COLD
508874.7018683,-0.0,-40.21,102.04,-0.0,69.54,-0.0,0.0,0.0,0.0,0.0,0.0,0.0,19.0,0.0,664.0,78.0,9.0,58.0,0.0,0.0,0.0,0.0,0.0,0.0,ID_NORMAL_001,JOINT2_SWEEP_MEDIUM,RUN_01,50.0,0.0,NORMAL,NONE,COLD
508874.7569273,-0.0,-40.21,102.04,-0.0,69.54,-0.0,0.0,0.0,0.0,0.0,0.0,0.0,19.0,0.0,664.0,78.0,9.0,58.0,0.0,0.0,0.0,0.0,0.0,0.0,ID_NORMAL_001,JOINT2_SWEEP_MEDIUM,RUN_01,50.0,0.0,NORMAL,NONE,COLD
508874.7569273,-0.0,-40.21,102.04,-0.0,69.54,-0.0,0.0,0.0,0.0,0.0,0.0,0.0,19.0,0.0,664.0,78.0,9.0,58.0,0.0,0.0,0.0,0.0,0.0,0.0,ID_NORMAL_001,JOINT2_SWEEP_MEDIUM,RUN_01,50.0,0.0,NORMAL,NONE,COLD
508874.801724,-0.0,-40.21,102.04,-0.0,69.54,-0.0,0.0,0.0,0.0,0.0,0.0,0.0,19.0,0.0,664.0,78.0,9.0,58.0,0.0,0.0,0.0,0.0,0.0,0.0,ID_NORMAL_001,JOINT2_SWEEP_MEDIUM,RUN_01,50.0,0.0,NORMAL,NONE,COLD
508874.801724,-0.0,-40.21,102.04,-0.0,69.54,-0.0,0.0,0.0,0.0,0.0,0.0,0.0,19.0,0.0,664.0,78.0,9.0,58.0,0.0,0.0,0.0,0.0,0.0,0.0,ID_NORMAL_001,JOINT2_SWEEP_MEDIUM,RUN_01,50.0,0.0,NORMAL,NONE,COLD
508874.8488859,-0.0,-40.21,102.04,-0.0,69.54,-0.0,0.0,0.0,0.0,0.0,0.0,0.0,19.0,0.0,664.0,78.0,9.0,58.0,0.0,0.0,0.0,0.0,0.0,0.0,ID_NORMAL_001,JOINT2_SWEEP_MEDIUM,RUN_01,50.0,0.0,NORMAL,NONE,COLD
508874.8488859,-0.0,-40.21,102.04,-0.0,69.54,-0.0,0.0,0.0,0.0,0.0,0.0,0.0,19.0,0.0,664.0,78.0,9.0,58.0,0.0,0.0,0.0,0.0,0.0,0.0,ID_NORMAL_001,JOINT2_SWEEP_MEDIUM,RUN_01,50.0,0.0,NORMAL,NONE,COLD
508874.8968278,-0.0,-40.21,102.04,-0.0,69.54,-0.0,0.0,0.0,0.0,0.0,0.0,0.0,19.0,0.0,664.0,78.0,9.0,58.0,0.0,0.0,0.0,0.0,0.0,0.0,ID_NORMAL_001,JOINT2_SWEEP_MEDIUM,RUN_01,50.0,0.0,NORMAL,NONE,COLD
508874.9038414,-0.0,-40.21,102.04,-0.0,69.54,-0.0,0.0,0.0,0.0,0.0,0.0,0.0,19.0,0.0,664.0,78.0,9.0,58.0,0.0,0.0,0.0,0.0,0.0,0.0,ID_NORMAL_001,JOINT2_SWEEP_MEDIUM,RUN_01,50.0,0.0,NORMAL,NONE,COLD
508874.9553647,-0.0,-40.21,102.04,-0.0,69.54,-0.0,0.0,0.0,0.0,0.0,0.0,0.0,19.0,0.0,664.0,78.0,9.0,57.0,0.0,0.0,0.0,0.0,0.0,0.0,ID_NORMAL_001,JOINT2_SWEEP_MEDIUM,RUN_01,50.0,0.0,NORMAL,NONE,COLD
508874.9553647,-0.0,-40.21,102.04,-0.0,69.54,-0.0,0.0,0.0,0.0,0.0,0.0,0.0,19.0,0.0,664.0,78.0,9.0,58.0,0.0,0.0,0.0,0.0,0.0,0.0,ID_NORMAL_001,JOINT2_SWEEP_MEDIUM,RUN_01,50.0,0.0,NORMAL,NONE,COLD
508875.0076345,-0.0,-40.21,102.04,-0.0,69.54,-0.0,0.0,0.0,0.0,0.0,0.0,0.0,19.0,0.0,664.0,78.0,9.0,58.0,0.0,0.0,0.0,0.0,0.0,0.0,ID_NORMAL_001,JOINT2_SWEEP_MEDIUM,RUN_01,50.0,0.0,NORMAL,NONE,COLD
508875.0544377,-0.0,-40.21,102.04,-0.0,69.54,-0.0,0.0,0.0,0.0,0.0,0.0,0.0,19.0,0.0,664.0,78.0,9.0,58.0,0.0,0.0,0.0,0.0,0.0,0.0,ID_NORMAL_001,JOINT2_SWEEP_MEDIUM,RUN_01,50.0,0.0,NORMAL,NONE,COLD
508875.0544377,-0.0,-40.21,102.04,-0.0,69.54,-0.0,0.0,0.0,0.0,0.0,0.0,0.0,19.0,0.0,664.0,78.0,9.0,58.0,0.0,0.0,0.0,0.0,0.0,0.0,ID_NORMAL_001,JOINT2_SWEEP_MEDIUM,RUN_01,50.0,0.0,NORMAL,NONE,COLD
508875.1008831,-0.0,-40.21,102.04,-0.0,69.54,-0.0,0.0,0.0,0.0,0.0,0.0,0.0,19.0,0.0,664.0,78.0,9.0,58.0,0.0,0.0,0.0,0.0,0.0,0.0,ID_NORMAL_001,JOINT2_SWEEP_MEDIUM,RUN_01,50.0,0.0,NORMAL,NONE,COLD
508875.1008831,-0.0,-40.21,102.04,-0.0,69.54,-0.0,0.0,0.0,0.0,0.0,0.0,0.0,19.0,0.0,664.0,78.0,9.0,58.0,0.0,0.0,0.0,0.0,0.0,0.0,ID_NORMAL_001,JOINT2_SWEEP_MEDIUM,RUN_01,50.0,0.0,NORMAL,NONE,COLD
508875.1477457,-0.0,-40.21,102.04,-0.0,69.54,-0.0,0.0,0.0,0.0,0.0,0.0,0.0,19.0,0.0,664.0,78.0,9.0,58.0,0.0,0.0,0.0,0.0,0.0,0.0,ID_NORMAL_001,JOINT2_SWEEP_MEDIUM,RUN_01,50.0,0.0,NORMAL,NONE,COLD
508875.1480862,-0.0,-40.21,102.04,-0.0,69.54,-0.0,0.0,0.0,0.0,0.0,0.0,0.0,19.0,0.0,664.0,78.0,9.0,58.0,0.0,0.0,0.0,0.0,0.0,0.0,ID_NORMAL_001,JOINT2_SWEEP_MEDIUM,RUN_01,50.0,0.0,NORMAL,NONE,COLD
508875.1934817,-0.0,-40.21,102.04,-0.0,69.54,-0.0,0.0,0.0,0.0,0.0,0.0,0.0,19.0,18.0,664.0,78.0,9.0,58.0,0.0,0.0,0.0,0.0,0.0,0.0,ID_NORMAL_001,JOINT2_SWEEP_MEDIUM,RUN_01,50.0,0.0,NORMAL,NONE,COLD
508875.2384925,-0.0,-40.21,102.04,-0.0,69.54,-0.0,0.0,0.0,0.0,0.0,0.0,0.0,19.0,0.0,664.0,78.0,9.0,58.0,0.0,0.0,0.0,0.0,0.0,0.0,ID_NORMAL_001,JOINT2_SWEEP_MEDIUM,RUN_01,50.0,0.0,NORMAL,NONE,COLD
508875.2384925,-0.0,-40.21,102.04,-0.0,69.54,-0.0,0.0,0.0,0.0,0.0,0.0,0.0,19.0,0.0,664.0,78.0,9.0,58.0,0.0,0.0,0.0,0.0,0.0,0.0,ID_NORMAL_001,JOINT2_SWEEP_MEDIUM,RUN_01,50.0,0.0,NORMAL,NONE,COLD
508875.2854994,-0.0,-40.21,102.04,-0.0,69.54,-0.0,0.0,0.0,0.0,0.0,0.0,0.0,19.0,0.0,664.0,78.0,9.0,58.0,0.0,0.0,0.0,0.0,0.0,0.0,ID_NORMAL_001,JOINT2_SWEEP_MEDIUM,RUN_01,50.0,0.0,NORMAL,NONE,COLD
508875.2854994,-0.0,-40.21,102.04,-0.0,69.54,-0.0,0.0,0.0,0.0,0.0,0.0,0.0,19.0,0.0,664.0,78.0,9.0,58.0,0.0,0.0,0.0,0.0,0.0,0.0,ID_NORMAL_001,JOINT2_SWEEP_MEDIUM,RUN_01,50.0,0.0,NORMAL,NONE,COLD
508875.3174661,-0.0,-40.21,102.04,-0.0,69.54,-0.0,0.0,0.0,0.0,0.0,0.0,0.0,0.0,0.0,664.0,78.0,9.0,58.0,0.0,0.0,0.0,0.0,0.0,0.0,ID_NORMAL_001,JOINT2_SWEEP_MEDIUM,RUN_01,50.0,0.0,NORMAL,NONE,COLD
508875.3644902,-0.0,-40.21,102.04,-0.0,69.54,-0.0,0.0,0.0,0.0,0.0,0.0,0.0,0.0,0.0,664.0,78.0,9.0,58.0,0.0,0.0,0.0,0.0,0.0,0.0,ID_NORMAL_001,JOINT2_SWEEP_MEDIUM,RUN_01,50.0,0.0,NORMAL,NONE,COLD
508875.3683425,-0.0,-40.21,102.04,-0.0,69.54,-0.0,0.0,0.0,0.0,0.0,0.0,0.0,0.0,0.0,664.0,78.0,9.0,58.0,0.0,0.0,0.0,0.0,0.0,0.0,ID_NORMAL_001,JOINT2_SWEEP_MEDIUM,RUN_01,50.0,0.0,NORMAL,NONE,COLD
508875.4114949,-0.0,-40.21,102.04,-0.0,69.54,-0.0,0.0,0.0,0.0,0.0,0.0,0.0,0.0,0.0,664.0,15.0,9.0,58.0,0.0,0.0,0.0,0.0,0.0,0.0,ID_NORMAL_001,JOINT2_SWEEP_MEDIUM,RUN_01,50.0,0.0,NORMAL,NONE,COLD
508875.4596552,-0.0,-40.21,102.04,-0.0,69.54,-0.0,0.0,0.0,0.0,0.0,0.0,0.0,0.0,0.0,664.0,19.0,9.0,58.0,0.0,0.0,0.0,0.0,0.0,0.0,ID_NORMAL_001,JOINT2_SWEEP_MEDIUM,RUN_01,50.0,0.0,NORMAL,NONE,COLD
508875.4596552,-0.0,-40.21,102.04,-0.0,69.54,-0.0,0.0,0.0,0.0,0.0,0.0,0.0,0.0,0.0,664.0,9.0,9.0,58.0,0.0,0.0,0.0,0.0,0.0,0.0,ID_NORMAL_001,JOINT2_SWEEP_MEDIUM,RUN_01,50.0,0.0,NORMAL,NONE,COLD
508875.5033726,-0.0,-40.21,102.04,-0.0,69.54,-0.0,0.0,0.0,0.0,0.0,0.0,0.0,0.0,0.0,664.0,39.0,9.0,58.0,0.0,0.0,0.0,0.0,0.0,0.0,ID_NORMAL_001,JOINT2_SWEEP_MEDIUM,RUN_01,50.0,0.0,NORMAL,NONE,COLD
508875.5033726,-0.0,-40.21,102.04,-0.0,69.54,-0.0,0.0,0.0,0.0,0.0,0.0,0.0,0.0,0.0,664.0,41.0,9.0,58.0,0.0,0.0,0.0,0.0,0.0,0.0,ID_NORMAL_001,JOINT2_SWEEP_MEDIUM,RUN_01,50.0,0.0,NORMAL,NONE,COLD
508875.5581099,-0.0,-40.21,102.04,-0.0,69.54,-0.0,0.0,0.0,0.0,0.0,0.0,0.0,0.0,0.0,664.0,47.0,9.0,58.0,0.0,0.0,0.0,0.0,0.0,0.0,ID_NORMAL_001,JOINT2_SWEEP_MEDIUM,RUN_01,50.0,0.0,NORMAL,NONE,COLD
508875.5581099,-0.0,-40.21,102.04,-0.0,69.54,-0.0,0.0,0.0,0.0,0.0,0.0,0.0,0.0,0.0,664.0,49.0,9.0,58.0,0.0,0.0,0.0,0.0,0.0,0.0,ID_NORMAL_001,JOINT2_SWEEP_MEDIUM,RUN_01,50.0,0.0,NORMAL,NONE,COLD
508875.6148146,-0.0,-40.21,102.04,-0.0,69.54,-0.0,0.0,0.0,0.0,0.0,0.0,0.0,0.0,0.0,664.0,52.0,9.0,58.0,0.0,0.0,0.0,0.0,0.0,0.0,ID_NORMAL_001,JOINT2_SWEEP_MEDIUM,RUN_01,50.0,0.0,NORMAL,NONE,COLD
508875.6148146,-0.0,-40.21,102.04,-0.0,69.54,-0.0,0.0,0.0,0.0,0.0,0.0,0.0,0.0,0.0,664.0,54.0,9.0,58.0,0.0,0.0,0.0,0.0,0.0,0.0,ID_NORMAL_001,JOINT2_SWEEP_MEDIUM,RUN_01,50.0,0.0,NORMAL,NONE,COLD
508875.662491,-0.0,-40.21,102.04,-0.0,69.54,-0.0,0.0,0.0,0.0,0.0,0.0,0.0,0.0,0.0,664.0,52.0,9.0,58.0,0.0,0.0,0.0,0.0,0.0,0.0,ID_NORMAL_001,JOINT2_SWEEP_MEDIUM,RUN_01,50.0,0.0,NORMAL,NONE,COLD
508875.7096285,-0.0,-40.21,102.04,-0.0,69.54,-0.0,0.0,0.0,0.0,0.0,0.0,0.0,0.0,0.0,664.0,52.0,9.0,58.0,0.0,0.0,0.0,0.0,0.0,0.0,ID_NORMAL_001,JOINT2_SWEEP_MEDIUM,RUN_01,50.0,0.0,NORMAL,NONE,COLD
508875.7096285,0.0,-40.21,102.04,-0.0,69.54,-0.0,0.0,0.0,0.0,0.0,0.0,0.0,11.0,0.0,664.0,53.0,9.0,58.0,0.0,0.0,0.0,0.0,0.0,0.0,ID_NORMAL_001,JOINT2_SWEEP_MEDIUM,RUN_01,50.0,0.0,NORMAL,NONE,COLD
508875.7235226,0.0,-40.21,102.04,-0.0,69.54,-0.0,0.0,0.0,0.0,0.0,0.0,0.0,0.0,0.0,664.0,53.0,9.0,58.0,0.0,0.0,0.0,0.0,0.0,0.0,ID_NORMAL_001,JOINT2_SWEEP_MEDIUM,RUN_01,50.0,0.0,NORMAL,NONE,COLD
508875.7722687,0.0,-40.21,102.04,-0.0,69.54,-0.0,0.0,0.0,0.0,0.0,0.0,0.0,1.0,47.0,664.0,53.0,9.0,57.0,0.0,0.0,0.0,0.0,0.0,0.0,ID_NORMAL_001,JOINT2_SWEEP_MEDIUM,RUN_01,50.0,0.0,NORMAL,NONE,COLD
508875.8199155,0.0,-40.21,102.04,-0.0,69.54,-0.0,0.0,0.0,0.0,0.0,0.0,0.0,24.0,93.0,434.0,54.0,9.0,58.0,0.0,0.0,0.0,0.0,0.0,0.0,ID_NORMAL_001,JOINT2_SWEEP_MEDIUM,RUN_01,50.0,0.0,NORMAL,NONE,COLD
508875.8199155,0.0,-40.2,102.04,-0.0,69.54,-0.0,0.0,0.0,0.0,0.0,0.0,0.0,135.0,110.0,344.0,54.0,19.0,58.0,0.0,0.0,0.0,0.0,0.0,0.0,ID_NORMAL_001,JOINT2_SWEEP_MEDIUM,RUN_01,50.0,0.0,NORMAL,NONE,COLD
508875.8640861,0.01,-40.2,102.04,-0.0,69.54,-0.0,0.22639493230983773,0.0,0.0,0.0,0.0,0.0,107.0,169.0,302.0,53.0,19.0,58.0,5.1254665375576005,0.0,0.0,0.0,0.0,0.0,ID_NORMAL_001,JOINT2_SWEEP_MEDIUM,RUN_01,50.0,0.0,NORMAL,NONE,COLD
508875.8640861,0.01,-40.2,102.04,-0.0,69.54,-0.0,0.0,0.0,0.0,0.0,0.0,0.0,271.0,414.0,514.0,53.0,29.0,58.0,0.0,0.0,0.0,0.0,0.0,0.0,ID_NORMAL_001,JOINT2_SWEEP_MEDIUM,RUN_01,50.0,0.0,NORMAL,NONE,COLD
508875.9163547,0.02,-40.19,102.05,-0.0,69.54,-0.0,0.19131945383648596,0.19131945383658383,0.19131945383631194,0.0,0.0,0.0,129.0,341.0,63.0,53.0,39.0,58.0,3.660313341629128,3.6603133416310003,3.6603133416257987,0.0,0.0,0.0,ID_NORMAL_001,JOINT2_SWEEP_MEDIUM,RUN_01,50.0,0.0,NORMAL,NONE,COLD
508875.9248242,0.03,-40.19,102.05,-0.0,69.54,-0.0,1.1807072440762165,0.0,0.0,0.0,0.0,0.0,60.0,549.0,42.0,52.0,59.0,58.0,116.81773311366103,-22.58922650775599,-22.589226507723883,0.0,0.0,0.0,ID_NORMAL_001,JOINT2_SWEEP_MEDIUM,RUN_01,50.0,0.0,NORMAL,NONE,COLD
508875.9728943,0.04,-40.18,102.05,-0.0,69.54,-0.0,0.2080295234647889,0.20802952346474746,0.0,0.0,0.0,0.0,103.0,625.0,197.0,52.0,53.0,58.0,-20.234568270361233,4.327628263297853,0.0,0.0,0.0,0.0,ID_NORMAL_001,JOINT2_SWEEP_MEDIUM,RUN_01,50.0,0.0,NORMAL,NONE,COLD
508875.9728943,0.05,-40.17,102.05,-0.0,69.54,-0.0,0.0,0.0,0.0,0.0,0.0,0.0,38.0,173.0,53.0,55.0,156.0,58.0,0.0,0.0,0.0,0.0,0.0,0.0,ID_NORMAL_001,JOINT2_SWEEP_MEDIUM,RUN_01,50.0,0.0,NORMAL,NONE,COLD
508876.0196686,0.06,-40.16,102.05,-0.0,69.54,-0.0,0.2137926169318408,0.21379261693195029,0.0,0.0,0.0,0.0,31.0,392.0,17.0,53.0,200.0,58.0,4.570728305456484,4.570728305458825,0.0,0.0,0.0,0.0,ID_NORMAL_001,JOINT2_SWEEP_MEDIUM,RUN_01,50.0,0.0,NORMAL,NONE,COLD
508876.0512415,0.07,-40.16,102.06,-0.0,69.54,-0.0,0.31672731980801294,0.0,0.3167273198081747,0.0,0.0,0.0,22.0,298.0,4.0,51.0,251.0,58.0,3.260223255720414,-6.771396255559776,10.031619511281846,0.0,0.0,0.0,ID_NORMAL_001,JOINT2_SWEEP_MEDIUM,RUN_01,50.0,0.0,NORMAL,NONE,COLD
508876.0512415,0.09,-40.15,102.06,-0.0,69.54,-0.0,0.0,0.0,0.0,0.0,0.0,0.0,29.0,396.0,7.0,52.0,213.0,58.0,0.0,0.0,0.0,0.0,0.0,0.0,ID_NORMAL_001,JOINT2_SWEEP_MEDIUM,RUN_01,50.0,0.0,NORMAL,NONE,COLD
508876.1056424,0.11,-40.13,102.07,-0.0,69.54,-0.0,0.36764097672144563,0.3676409767213724,0.1838204883605556,0.0,0.0,0.0,29.0,258.0,19.0,52.0,252.0,58.0,6.757994388234925,6.75799438823358,3.3789971941143886,0.0,0.0,0.0,ID_NORMAL_001,JOINT2_SWEEP_MEDIUM,RUN_01,50.0,0.0,NORMAL,NONE,COLD
508876.128421,0.13,-40.12,102.07,-0.0,69.53,-0.0,0.8780170866492532,0.43900854332485106,0.0,0.0,-0.43900854332485106,0.0,15.0,160.0,39.0,52.0,227.0,57.0,22.40594725670962,3.133097145521642,-8.069876482838897,0.0,-19.272850111210904,0.0,ID_NORMAL_001,JOINT2_SWEEP_MEDIUM,RUN_01,50.0,0.0,NORMAL,NONE,COLD
508876.1754504,0.14,-40.11,102.07,-0.0,69.53,-0.0,0.21263294869910115,0.21263294869905866,0.0,0.0,0.0,0.0,51.0,115.0,20.0,53.0,205.0,58.0,-14.148259126995018,-4.813491019879459,0.0,0.0,9.33476810712601,0.0,ID_NORMAL_001,JOINT2_SWEEP_MEDIUM,RUN_01,50.0,0.0,NORMAL,NONE,COLD
508876.1754504,0.17,-40.09,102.08,-0.0,69.53,-0.0,0.0,0.0,0.0,0.0,0.0,0.0,29.0,168.0,28.0,52.0,175.0,58.0,0.0,0.0,0.0,0.0,0.0,0.0,ID_NORMAL_001,JOINT2_SWEEP_MEDIUM,RUN_01,50.0,0.0,NORMAL,NONE,COLD
508876.2228906,0.19,-40.07,102.09,-0.0,69.53,-0.0,0.4215833829018635,0.4215833829019296,0.21079169145103968,0.0,0.0,0.0,39.0,87.0,17.0,53.0,169.0,58.0,8.886627436948967,8.886627436950361,4.443313718476759,0.0,0.0,0.0,ID_NORMAL_001,JOINT2_SWEEP_MEDIUM,RUN_01,50.0,0.0,NORMAL,NONE,COLD
508876.2228906,0.22,-40.05,102.09,-0.0,69.52,-0.0,0.0,0.0,0.0,0.0,0.0,0.0,40.0,307.0,10.0,51.0,146.0,58.0,0.0,0.0,0.0,0.0,0.0,0.0,ID_NORMAL_001,JOINT2_SWEEP_MEDIUM,RUN_01,50.0,0.0,NORMAL,NONE,COLD
508876.2703891,0.24,-40.04,102.1,-0.0,69.52,-0.0,0.4210659281068298,0.21053296405337313,0.21053296405322353,0.0,0.0,0.0,103.0,165.0,14.0,52.0,91.0,58.0,8.864825790623303,4.4324128953107715,4.432412895307622,0.0,0.0,0.0,ID_NORMAL_001,JOINT2_SWEEP_MEDIUM,RUN_01,50.0,0.0,NORMAL,NONE,COLD
508876.2703891,0.26,-40.02,102.1,-0.0,69.52,-0.0,0.0,0.0,0.0,0.0,0.0,0.0,110.0,239.0,10.0,52.0,166.0,58.0,0.0,0.0,0.0,0.0,0.0,0.0,ID_NORMAL_001,JOINT2_SWEEP_MEDIUM,RUN_01,50.0,0.0,NORMAL,NONE,COLD
508876.3248018,0.27,-39.99,102.11,-0.0,69.52,-0.0,0.18378062473367937,0.5513418742010585,0.1837806247337732,0.0,0.0,0.0,280.0,190.0,0.0,54.0,167.0,58.0,3.377531802750145,10.13259540825081,3.3775318027518697,0.0,0.0,0.0,ID_NORMAL_001,JOINT2_SWEEP_MEDIUM,RUN_01,50.0,0.0,NORMAL,NONE,COLD
508876.3422644,0.29,-39.98,102.11,-0.0,69.51,-0.0,1.1453048252169675,0.5726524126087777,0.0,0.0,-0.572652412607964,0.0,198.0,108.0,9.0,52.0,129.0,58.0,55.06191531881994,1.22035312331662,-10.524241814448981,0.0,-32.793078566602006,0.0,ID_NORMAL_001,JOINT2_SWEEP_MEDIUM,RUN_01,50.0,0.0,NORMAL,NONE,COLD
508876.3990009,0.32,-39.95,102.12,-0.0,69.51,-0.0,0.5287601455625188,0.5287601455624131,0.17625338185426295,0.0,0.0,0.0,228.0,144.0,8.0,53.0,225.0,58.0,-10.866808485329418,-0.7736160504168228,3.1065254615048734,0.0,10.093192434910478,0.0,ID_NORMAL_001,JOINT2_SWEEP_MEDIUM,RUN_01,50.0,0.0,NORMAL,NONE,COLD
508876.3990009,0.36,-39.93,102.13,-0.0,69.51,-0.0,0.0,0.0,0.0,0.0,0.0,0.0,352.0,193.0,23.0,53.0,185.0,58.0,0.0,0.0,0.0,0.0,0.0,0.0,ID_NORMAL_001,JOINT2_SWEEP_MEDIUM,RUN_01,50.0,0.0,NORMAL,NONE,COLD
508876.4543478,0.39,-39.9,102.14,-0.0,69.5,-0.0,0.5420357778266649,0.542035777826685,0.1806785926089806,0.0,-0.1806785926089806,0.0,258.0,264.0,14.0,53.0,276.0,58.0,9.793426148138579,9.793426148138943,3.264475382714527,0.0,-3.264475382714527,0.0,ID_NORMAL_001,JOINT2_SWEEP_MEDIUM,RUN_01,50.0,0.0,NORMAL,NONE,COLD
508876.4543478,0.42,-39.88,102.15,-0.0,69.5,-0.0,0.0,0.0,0.0,0.0,0.0,0.0,160.0,96.0,17.0,53.0,263.0,58.0,0.0,0.0,0.0,0.0,0.0,0.0,ID_NORMAL_001,JOINT2_SWEEP_MEDIUM,RUN_01,50.0,0.0,NORMAL,NONE,COLD
508876.4917445,0.46,-39.86,102.15,-0.0,69.5,-0.0,1.0696130940591462,0.5348065470296562,0.0,0.0,0.0,0.0,229.0,149.0,11.0,52.0,184.0,58.0,28.601804274569474,14.30090213728696,0.0,0.0,0.0,0.0,ID_NORMAL_001,JOINT2_SWEEP_MEDIUM,RUN_01,50.0,0.0,NORMAL,NONE,COLD
508876.4917445,0.51,-39.84,102.16,-0.0,69.49,-0.0,0.0,0.0,0.0,0.0,0.0,0.0,478.0,396.0,0.0,54.0,282.0,58.0,0.0,0.0,0.0,0.0,0.0,0.0,ID_NORMAL_001,JOINT2_SWEEP_MEDIUM,RUN_01,50.0,0.0,NORMAL,NONE,COLD
508876.5391245,0.55,-39.82,102.17,-0.0,69.49,-0.0,0.8442380750728019,0.42211903753646657,0.21105951876830828,0.0,0.0,0.0,575.0,468.0,9.0,54.0,296.0,58.0,17.818448185065733,8.90922409253425,4.454612046268708,0.0,0.0,0.0,ID_NORMAL_001,JOINT2_SWEEP_MEDIUM,RUN_01,50.0,0.0,NORMAL,NONE,COLD
508876.5468916,0.58,-39.79,102.18,-0.0,69.48,-0.0,3.8624454411937648,3.862445441193922,1.287481813731917,0.0,-1.2874818137300874,0.0,358.0,452.0,15.0,53.0,244.0,58.0,388.5887093950462,442.9357678008438,138.5874128660511,0.0,-165.76094206872233,0.0,ID_NORMAL_001,JOINT2_SWEEP_MEDIUM,RUN_01,50.0,0.0,NORMAL,NONE,COLD
508876.5973547,0.62,-39.76,102.19,-0.0,69.48,-0.0,0.792658398484537,0.5944937988634248,0.19816459962095384,0.0,0.0,0.0,404.0,369.0,76.0,54.0,164.0,58.0,-60.83231202406194,-64.75923287836505,-21.586410959470822,0.0,25.51333181373143,0.0,ID_NORMAL_001,JOINT2_SWEEP_MEDIUM,RUN_01,50.0,0.0,NORMAL,NONE,COLD
508876.5973547,0.67,-39.73,102.2,-0.0,69.48,-0.0,0.0,0.0,0.0,0.0,0.0,0.0,288.0,531.0,28.0,53.0,117.0,58.0,0.0,0.0,0.0,0.0,0.0,0.0,ID_NORMAL_001,JOINT2_SWEEP_MEDIUM,RUN_01,50.0,0.0,NORMAL,NONE,COLD
508876.6490718,0.73,-39.69,102.21,-0.0,69.47,-0.0,1.1601578582588121,0.7734385721725258,0.1933596430429597,0.0,-0.19335964304323447,0.0,274.0,482.0,11.0,53.0,146.0,58.0,22.432770934661256,14.955180623107202,3.7387951557734795,0.0,-3.7387951557787926,0.0,ID_NORMAL_001,JOINT2_SWEEP_MEDIUM,RUN_01,50.0,0.0,NORMAL,NONE,COLD
508876.6956813,0.76,-39.67,102.22,-0.0,69.47,-0.0,0.6436456085121315,0.4290970723413352,0.21454853617082006,0.0,0.0,0.0,276.0,510.0,20.0,52.0,151.0,58.0,-11.081694709739066,-7.387796473160882,0.45460460036600664,0.0,4.148502836941702,0.0,ID_NORMAL_001,JOINT2_SWEEP_MEDIUM,RUN_01,50.0,0.0,NORMAL,NONE,COLD
508876.6956813,0.81,-39.63,102.24,-0.0,69.46,-0.0,0.0,0.0,0.0,0.0,0.0,0.0,228.0,706.0,16.0,52.0,156.0,58.0,0.0,0.0,0.0,0.0,0.0,0.0,ID_NORMAL_001,JOINT2_SWEEP_MEDIUM,RUN_01,50.0,0.0,NORMAL,NONE,COLD
508876.7419268,0.87,-39.59,102.25,-0.0,69.46,-0.0,1.2974235336699063,0.8649490224465866,0.21623725561176188,0.0,0.0,0.0,339.0,389.0,35.0,51.0,149.0,58.0,28.05513042867513,18.70342028578304,4.675855071448252,0.0,0.0,0.0,ID_NORMAL_001,JOINT2_SWEEP_MEDIUM,RUN_01,50.0,0.0,NORMAL,NONE,COLD
508876.7419268,0.92,-39.55,102.26,-0.0,69.45,-0.0,0.0,0.0,0.0,0.0,0.0,0.0,279.0,668.0,28.0,53.0,103.0,57.0,0.0,0.0,0.0,0.0,0.0,0.0,ID_NORMAL_001,JOINT2_SWEEP_MEDIUM,RUN_01,50.0,0.0,NORMAL,NONE,COLD
508876.7615969,0.96,-39.52,102.27,-0.0,69.45,-0.0,2.033543295693011,1.5251574717694574,0.5083858239227913,0.0,0.0,0.0,125.0,622.0,28.0,52.0,166.0,58.0,103.38245838645,77.5368437898222,25.84561459658904,0.0,0.0,0.0,ID_NORMAL_001,JOINT2_SWEEP_MEDIUM,RUN_01,50.0,0.0,NORMAL,NONE,COLD
508876.8042358,1.03,-39.48,102.28,-0.0,69.44,-0.0,1.6416933836074854,0.938110504918709,0.23452762622976056,0.0,-0.23452762622976056,0.0,124.0,572.0,12.0,54.0,166.0,58.0,-9.189962971971163,-13.767873162081653,-6.422731302847414,0.0,-5.500320746493814,0.0,ID_NORMAL_001,JOINT2_SWEEP_MEDIUM,RUN_01,50.0,0.0,NORMAL,NONE,COLD
508876.8595862,1.09,-39.44,102.3,-0.0,69.44,-0.0,1.0840030066232247,0.7226686710821337,0.36133433554100264,0.0,0.0,0.0,274.0,445.0,13.0,52.0,195.0,58.0,-10.07563409026296,-3.892326593854475,2.290980902556392,0.0,4.237144199487801,0.0,ID_NORMAL_001,JOINT2_SWEEP_MEDIUM,RUN_01,50.0,0.0,NORMAL,NONE,COLD
508876.8595862,1.13,-39.41,102.31,-0.0,69.43,-0.0,0.0,0.0,0.0,0.0,0.0,0.0,158.0,479.0,66.0,55.0,214.0,58.0,0.0,0.0,0.0,0.0,0.0,0.0,ID_NORMAL_001,JOINT2_SWEEP_MEDIUM,RUN_01,50.0,0.0,NORMAL,NONE,COLD
508876.8985415,1.19,-39.36,102.32,-0.0,69.43,-0.0,1.540226875472777,1.2835223962272402,0.25670447924522916,0.0,0.0,0.0,485.0,554.0,35.0,52.0,162.0,58.0,39.53831379881053,32.948594832340206,6.589718966462422,0.0,0.0,0.0,ID_NORMAL_001,JOINT2_SWEEP_MEDIUM,RUN_01,50.0,0.0,NORMAL,NONE,COLD
508876.8985415,1.26,-39.31,102.33,-0.0,69.42,-0.0,0.0,0.0,0.0,0.0,0.0,0.0,224.0,532.0,10.0,53.0,225.0,58.0,0.0,0.0,0.0,0.0,0.0,0.0,ID_NORMAL_001,JOINT2_SWEEP_MEDIUM,RUN_01,50.0,0.0,NORMAL,NONE,COLD
508876.9475627,1.33,-39.26,102.35,-0.0,69.41,-0.0,1.4279536187823838,1.0199668705589315,0.40798674822345665,0.0,-0.2039933741118733,0.0,451.0,582.0,22.0,53.0,195.0,58.0,29.129307677052907,20.80664834075383,8.322659336299166,0.0,-4.161329668152541,0.0,ID_NORMAL_001,JOINT2_SWEEP_MEDIUM,RUN_01,50.0,0.0,NORMAL,NONE,COLD
508876.9594459,1.38,-39.22,102.36,-0.0,69.41,-0.0,4.20762085291415,3.3660966823312606,0.8415241705832636,0.0,0.0,0.0,638.0,650.0,44.0,52.0,144.0,58.0,233.91571636990122,197.43249439313672,36.48322197679559,0.0,17.166535495388775,0.0,ID_NORMAL_001,JOINT2_SWEEP_MEDIUM,RUN_01,50.0,0.0,NORMAL,NONE,COLD
508876.9937719,1.45,-39.17,102.37,-0.0,69.4,-0.0,2.0392705224525054,1.4566218017517056,0.29132436035050674,0.0,-0.29132436035009274,0.0,343.0,487.0,11.0,53.0,198.0,58.0,-63.16932730372254,-55.627654818991445,-16.028660778094604,0.0,-8.486988293346787,0.0,ID_NORMAL_001,JOINT2_SWEEP_MEDIUM,RUN_01,50.0,0.0,NORMAL,NONE,COLD
508877.0399785,1.52,-39.12,102.4,-0.0,69.39,-0.0,1.5149350966868722,1.0820964976335714,0.6492578985801121,0.0,-0.21641929952680655,0.0,564.0,378.0,8.0,53.0,225.0,58.0,-11.347630556123015,-8.105450397226933,7.746372562076298,0.0,1.6210900794380143,0.0,ID_NORMAL_001,JOINT2_SWEEP_MEDIUM,RUN_01,50.0,0.0,NORMAL,NONE,COLD
508877.0399785,1.59,-39.07,102.41,-0.0,69.39,-0.0,0.0,0.0,0.0,0.0,0.0,0.0,348.0,367.0,19.0,53.0,176.0,58.0,0.0,0.0,0.0,0.0,0.0,0.0,ID_NORMAL_001,JOINT2_SWEEP_MEDIUM,RUN_01,50.0,0.0,NORMAL,NONE,COLD
508877.0942737,1.65,-39.04,102.43,-0.0,69.38,-0.0,1.10507006181995,0.5525350309099976,0.3683566872735062,0.0,-0.1841783436367531,0.0,487.0,697.0,15.0,53.0,162.0,58.0,20.35299735884586,10.176498679423347,6.7843324529521105,0.0,-3.3921662264760553,0.0,ID_NORMAL_001,JOINT2_SWEEP_MEDIUM,RUN_01,50.0,0.0,NORMAL,NONE,COLD
508877.134884,1.73,-38.98,102.44,-0.0,69.37,-0.0,1.9699435843937112,1.477457688295338,0.24624294804898972,0.0,-0.24624294804898972,0.0,375.0,826.0,31.0,54.0,146.0,58.0,21.29690058882711,22.775568187207906,-3.0069647143957834,0.0,-1.5282971159977383,0.0,ID_NORMAL_001,JOINT2_SWEEP_MEDIUM,RUN_01,50.0,0.0,NORMAL,NONE,COLD
508877.134884,1.81,-38.92,102.46,-0.0,69.37,-0.0,0.0,0.0,0.0,0.0,0.0,0.0,182.0,461.0,12.0,53.0,212.0,58.0,0.0,0.0,0.0,0.0,0.0,0.0,ID_NORMAL_001,JOINT2_SWEEP_MEDIUM,RUN_01,50.0,0.0,NORMAL,NONE,COLD
508877.1598162,1.89,-38.86,102.48,-0.0,69.36,-0.0,3.2087020033393014,2.4065265025045717,0.8021755008352373,0.0,-0.4010877504176186,0.0,296.0,348.0,10.0,52.0,289.0,58.0,128.69710682792083,96.52283012094445,32.17427670699673,0.0,-16.087138353498364,0.0,ID_NORMAL_001,JOINT2_SWEEP_MEDIUM,RUN_01,50.0,0.0,NORMAL,NONE,COLD
508877.1980143,1.94,-38.82,102.49,-0.0,69.35,-0.0,1.3089656273401473,1.0471725018720948,0.26179312546779115,0.0,-0.2617931254681632,0.0,129.0,521.0,10.0,52.0,362.0,58.0,-49.733792343812574,-35.58695324430455,-14.146839099528151,0.0,3.6466375226414867,0.0,ID_NORMAL_001,JOINT2_SWEEP_MEDIUM,RUN_01,50.0,0.0,NORMAL,NONE,COLD
508877.2467345,2.03,-38.76,102.51,-0.0,69.35,-0.0,1.8472830584949365,1.231522038996673,0.41050734633241875,0.0,0.0,0.0,470.0,542.0,54.0,52.0,393.0,57.0,11.049163007386198,3.783841964129081,3.0524140084500133,0.0,5.3734000611975326,0.0,ID_NORMAL_001,JOINT2_SWEEP_MEDIUM,RUN_01,50.0,0.0,NORMAL,NONE,COLD
508877.2467345,2.11,-38.7,102.53,-0.0,69.34,-0.0,0.0,0.0,0.0,0.0,0.0,0.0,427.0,429.0,8.0,52.0,369.0,58.0,0.0,0.0,0.0,0.0,0.0,0.0,ID_NORMAL_001,JOINT2_SWEEP_MEDIUM,RUN_01,50.0,0.0,NORMAL,NONE,COLD
508877.293586,2.17,-38.65,102.55,-0.0,69.33,-0.0,1.2806420286549922,1.067201690545917,0.42688067621824544,0.0,-0.21344033810927437,0.0,628.0,290.0,8.0,52.0,266.0,58.0,27.334066759292874,22.77838896607932,9.111355586429138,0.0,-4.555677793217805,0.0,ID_NORMAL_001,JOINT2_SWEEP_MEDIUM,RUN_01,50.0,0.0,NORMAL,NONE,COLD
508877.293586,2.26,-38.59,102.57,-0.0,69.32,-0.0,0.0,0.0,0.0,0.0,0.0,0.0,544.0,480.0,29.0,52.0,276.0,58.0,0.0,0.0,0.0,0.0,0.0,0.0,ID_NORMAL_001,JOINT2_SWEEP_MEDIUM,RUN_01,50.0,0.0,NORMAL,NONE,COLD
508877.3391843,2.36,-38.53,102.59,-0.0,69.31,-0.0,2.1930642151490827,1.3158385290894983,0.43861284303004056,0.0,-0.2193064215147086,0.0,444.0,524.0,3.0,53.0,353.0,58.0,48.09530651767458,28.857183910605812,9.619061303539828,0.0,-4.809530651763079,0.0,ID_NORMAL_001,JOINT2_SWEEP_MEDIUM,RUN_01,50.0,0.0,NORMAL,NONE,COLD
508877.3391843,2.45,-38.46,102.61,-0.0,69.31,-0.0,0.0,0.0,0.0,0.0,0.0,0.0,128.0,295.0,16.0,52.0,504.0,58.0,0.0,0.0,0.0,0.0,0.0,0.0,ID_NORMAL_001,JOINT2_SWEEP_MEDIUM,RUN_01,50.0,0.0,NORMAL,NONE,COLD
508877.3632272,2.51,-38.41,102.62,-0.0,69.3,-0.0,2.4955392224535236,2.0796160187114605,0.4159232037424694,0.0,-0.4159232037424694,0.0,394.0,193.0,73.0,53.0,548.0,58.0,103.79526684673296,86.49605570561873,17.29921114113112,0.0,-17.29921114113112,0.0,ID_NORMAL_001,JOINT2_SWEEP_MEDIUM,RUN_01,50.0,0.0,NORMAL,NONE,COLD
508877.4177123,2.61,-38.35,102.64,-0.0,69.29,-0.0,1.8353641627553907,1.1012184976531447,0.3670728325510048,0.0,-0.18353641627537198,0.0,89.0,479.0,104.0,52.0,435.0,58.0,-12.116616457148526,-17.95715747079144,-0.8965822062211235,0.0,4.265143816149638,0.0,ID_NORMAL_001,JOINT2_SWEEP_MEDIUM,RUN_01,50.0,0.0,NORMAL,NONE,COLD
508877.4665139,2.71,-38.28,102.66,-0.0,69.28,-0.0,2.0491131437577716,1.4343792006304448,0.40982262875147246,0.0,-0.2049113143758818,0.0,352.0,237.0,25.0,52.0,208.0,58.0,4.3799584643680864,6.826839754543639,0.8759916928734423,0.0,-0.4379958464423767,0.0,ID_NORMAL_001,JOINT2_SWEEP_MEDIUM,RUN_01,50.0,0.0,NORMAL,NONE,COLD
508877.4665139,2.81,-38.2,102.69,-0.0,69.27,-0.0,0.0,0.0,0.0,0.0,0.0,0.0,457.0,287.0,23.0,52.0,106.0,58.0,0.0,0.0,0.0,0.0,0.0,0.0,ID_NORMAL_001,JOINT2_SWEEP_MEDIUM,RUN_01,50.0,0.0,NORMAL,NONE,COLD
508877.5136249,2.87,-38.15,102.71,-0.0,69.26,-0.0,1.2735879096059588,1.0613232580050551,0.4245293032019014,0.0,-0.21226465160079988,0.0,430.0,313.0,22.0,52.0,147.0,58.0,27.033769391574573,22.528141159647376,9.01125646385639,0.0,-4.505628231924994,0.0,ID_NORMAL_001,JOINT2_SWEEP_MEDIUM,RUN_01,50.0,0.0,NORMAL,NONE,COLD
508877.5136249,2.97,-38.08,102.73,-0.0,69.26,-0.0,0.0,0.0,0.0,0.0,0.0,0.0,347.0,306.0,13.0,51.0,312.0,58.0,0.0,0.0,0.0,0.0,0.0,0.0,ID_NORMAL_001,JOINT2_SWEEP_MEDIUM,RUN_01,50.0,0.0,NORMAL,NONE,COLD
508877.560118,3.08,-38.01,102.75,-0.0,69.25,-0.0,2.3659424730616503,1.5055997555846945,0.4301713587383968,0.0,-0.21508567936935122,0.0,399.0,350.0,14.0,52.0,391.0,58.0,50.88803441670077,32.38329462880975,9.252369893943765,0.0,-4.626184946975169,0.0,ID_NORMAL_001,JOINT2_SWEEP_MEDIUM,RUN_01,50.0,0.0,NORMAL,NONE,COLD
508877.560118,3.17,-37.94,102.77,-0.0,69.23,-0.0,0.0,0.0,0.0,0.0,0.0,0.0,430.0,481.0,71.0,50.0,302.0,58.0,0.0,0.0,0.0,0.0,0.0,0.0,ID_NORMAL_001,JOINT2_SWEEP_MEDIUM,RUN_01,50.0,0.0,NORMAL,NONE,COLD
508877.610063,3.24,-37.89,102.79,-0.0,69.23,-0.0,1.401541696510457,1.0011012117931226,0.4004404847174767,0.0,0.0,0.0,642.0,585.0,7.0,50.0,243.0,58.0,28.061701815105742,20.04407272507431,8.017629090034282,0.0,0.0,0.0,ID_NORMAL_001,JOINT2_SWEEP_MEDIUM,RUN_01,50.0,0.0,NORMAL,NONE,COLD
508877.6560694,3.34,-37.82,102.81,-0.0,69.22,-0.0,2.173610627060132,1.5215274389421038,0.43472212541194144,0.0,-0.21736106270612515,0.0,166.0,324.0,29.0,52.0,232.0,58.0,16.7817723226573,11.312039779318397,0.7451493852654596,0.0,-4.72458315807119,0.0,ID_NORMAL_001,JOINT2_SWEEP_MEDIUM,RUN_01,50.0,0.0,NORMAL,NONE,COLD
508877.6560694,3.45,-37.75,102.83,-0.0,69.21,-0.0,0.0,0.0,0.0,0.0,0.0,0.0,276.0,416.0,9.0,52.0,423.0,58.0,0.0,0.0,0.0,0.0,0.0,0.0,ID_NORMAL_001,JOINT2_SWEEP_MEDIUM,RUN_01,50.0,0.0,NORMAL,NONE,COLD
508877.6916692,3.55,-37.67,102.86,-0.0,69.2,-0.0,2.8090045448617014,2.247203635889321,0.8427013634585453,0.0,-0.28090045448591566,0.0,54.0,451.0,12.0,53.0,281.0,58.0,78.90506533053723,63.12405226442865,23.671519599162146,0.0,-7.890506533046574,0.0,ID_NORMAL_001,JOINT2_SWEEP_MEDIUM,RUN_01,50.0,0.0,NORMAL,NONE,COLD
508877.6916692,3.61,-37.62,102.87,-0.0,69.19,-0.0,0.0,0.0,0.0,0.0,0.0,0.0,64.0,683.0,19.0,53.0,331.0,57.0,0.0,0.0,0.0,0.0,0.0,0.0,ID_NORMAL_001,JOINT2_SWEEP_MEDIUM,RUN_01,50.0,0.0,NORMAL,NONE,COLD
508877.7321474,3.72,-37.56,102.89,-0.0,69.18,-0.0,2.717512145479385,1.482279352079541,0.4940931173597885,0.0,-0.2470465586797187,0.0,329.0,524.0,8.0,52.0,251.0,58.0,67.13520237116317,36.61920129335868,12.206400431118116,0.0,-6.103200215554721,0.0,ID_NORMAL_001,JOINT2_SWEEP_MEDIUM,RUN_01,50.0,0.0,NORMAL,NONE,COLD
508877.7582588,3.82,-37.48,102.92,-0.0,69.17,-0.0,3.829744855662168,3.063795884529952,1.148923456698698,0.0,-0.3829744855664141,0.0,203.0,422.0,55.0,52.0,252.0,58.0,42.59567500121719,60.568048042966545,25.0783312341471,0.0,-5.205692787351469,0.0,ID_NORMAL_001,JOINT2_SWEEP_MEDIUM,RUN_01,50.0,0.0,NORMAL,NONE,COLD
508877.8218095,3.88,-37.43,102.93,-0.0,69.17,-0.0,0.94412807459737,0.7867733954977629,0.15735467909964204,0.0,0.0,0.0,404.0,565.0,38.0,50.0,314.0,58.0,-45.406530258876096,-35.830014306414505,-15.602798680424396,0.0,6.0262827279622755,0.0,ID_NORMAL_001,JOINT2_SWEEP_MEDIUM,RUN_01,50.0,0.0,NORMAL,NONE,COLD
508877.8218095,3.99,-37.36,102.95,-0.0,69.16,-0.0,0.0,0.0,0.0,0.0,0.0,0.0,383.0,542.0,19.0,53.0,263.0,58.0,0.0,0.0,0.0,0.0,0.0,0.0,ID_NORMAL_001,JOINT2_SWEEP_MEDIUM,RUN_01,50.0,0.0,NORMAL,NONE,COLD
508877.8590153,4.09,-37.29,102.98,-0.0,69.14,-0.0,2.6877529842706003,1.8814270889894347,0.8063258952812136,0.0,-0.5375505968540151,0.0,220.0,482.0,38.0,51.0,214.0,58.0,72.24016104455544,50.568112731189196,21.672048313367533,0.0,-14.448032208908266,0.0,ID_NORMAL_001,JOINT2_SWEEP_MEDIUM,RUN_01,50.0,0.0,NORMAL,NONE,COLD
508877.8590153,4.19,-37.22,102.99,-0.0,69.13,-0.0,0.0,0.0,0.0,0.0,0.0,0.0,533.0,452.0,84.0,52.0,188.0,58.0,0.0,0.0,0.0,0.0,0.0,0.0,ID_NORMAL_001,JOINT2_SWEEP_MEDIUM,RUN_01,50.0,0.0,NORMAL,NONE,COLD
508877.9068434,4.26,-37.17,103.01,-0.0,69.13,-0.0,1.463574761012845,1.045410543580553,0.4181642174324589,0.0,0.0,0.0,109.0,748.0,65.0,52.0,162.0,58.0,30.600729729626064,21.85766409258899,8.743065637040566,0.0,0.0,0.0,ID_NORMAL_001,JOINT2_SWEEP_MEDIUM,RUN_01,50.0,0.0,NORMAL,NONE,COLD
508877.9531215,4.36,-37.09,103.04,-0.0,69.12,-0.0,2.1608493004374583,1.7286794403499206,0.6482547901312586,0.0,-0.21608493004354815,0.0,135.0,587.0,43.0,53.0,135.0,58.0,15.067052007285186,14.764411175947542,4.971910530534529,0.0,-4.669269699196756,0.0,ID_NORMAL_001,JOINT2_SWEEP_MEDIUM,RUN_01,50.0,0.0,NORMAL,NONE,COLD
508877.9531215,4.46,-37.02,103.05,-0.0,69.11,-0.0,0.0,0.0,0.0,0.0,0.0,0.0,150.0,530.0,177.0,51.0,274.0,58.0,0.0,0.0,0.0,0.0,0.0,0.0,ID_NORMAL_001,JOINT2_SWEEP_MEDIUM,RUN_01,50.0,0.0,NORMAL,NONE,COLD
508877.9678885,4.56,-36.95,103.07,-0.0,69.1,-0.0,6.771856145491835,4.7402993018443205,1.3543712290981025,0.0,-0.6771856145495324,0.0,244.0,639.0,144.0,54.0,324.0,58.0,458.580356552357,321.0062495866523,91.71607131045349,0.0,-45.85803565525932,0.0,ID_NORMAL_001,JOINT2_SWEEP_MEDIUM,RUN_01,50.0,0.0,NORMAL,NONE,COLD
508878.0134856,4.63,-36.9,103.1,-0.0,69.09,-0.0,1.5351853520327068,1.0965609657377366,0.6579365794426109,0.0,-0.2193121931473292,0.0,348.0,654.0,18.0,50.0,232.0,58.0,-114.84657565051303,-79.91162457472618,-15.273661039987662,0.0,10.041722423167977,0.0,ID_NORMAL_001,JOINT2_SWEEP_MEDIUM,RUN_01,50.0,0.0,NORMAL,NONE,COLD
508878.062591,4.73,-36.83,103.12,-0.0,69.08,-0.0,2.0364359118758024,1.4255051383130597,0.40728718237536665,0.0,-0.20364359118768333,0.0,481.0,544.0,24.0,53.0,242.0,58.0,10.207646409123255,6.698737260346557,-5.1043143347775075,0.0,0.31908103719510245,0.0,ID_NORMAL_001,JOINT2_SWEEP_MEDIUM,RUN_01,50.0,0.0,NORMAL,NONE,COLD
508878.062591,4.83,-36.76,103.14,-0.0,69.07,-0.0,0.0,0.0,0.0,0.0,0.0,0.0,409.0,443.0,61.0,52.0,217.0,58.0,0.0,0.0,0.0,0.0,0.0,0.0,ID_NORMAL_001,JOINT2_SWEEP_MEDIUM,RUN_01,50.0,0.0,NORMAL,NONE,COLD
508878.1077644,4.93,-36.69,103.16,-0.0,69.06,-0.0,2.213692127402583,1.5495844891818198,0.4427384254804301,0.0,-0.22136921274005775,0.0,623.0,257.0,16.0,52.0,189.0,58.0,49.004328349241916,34.3030298444696,9.800865669846466,0.0,-4.9004328349197515,0.0,ID_NORMAL_001,JOINT2_SWEEP_MEDIUM,RUN_01,50.0,0.0,NORMAL,NONE,COLD
508878.1077644,5.0,-36.64,103.17,-0.0,69.06,0.0,0.0,0.0,0.0,0.0,0.0,0.0,275.0,335.0,39.0,52.0,111.0,24.0,0.0,0.0,0.0,0.0,0.0,0.0,ID_NORMAL_001,JOINT2_SWEEP_MEDIUM,RUN_01,50.0,0.0,NORMAL,NONE,COLD
508878.1538518,5.1,-36.57,103.2,-0.0,69.05,0.0,2.1697904417232188,1.5188533092062648,0.6509371325169927,0.0,-0.21697904417243366,0.0,386.0,612.0,63.0,53.0,90.0,9.0,47.07990560993458,32.95593392695446,14.123971682980962,0.0,-4.707990560995883,0.0,ID_NORMAL_001,JOINT2_SWEEP_MEDIUM,RUN_01,50.0,0.0,NORMAL,NONE,COLD
508878.1653245,5.2,-36.49,103.22,-0.0,69.04,0.0,8.71634402494765,6.973075219957935,1.743268804989174,0.0,-0.8716344024939677,0.0,158.0,462.0,10.0,52.0,142.0,9.0,570.620132091376,475.40874562518627,95.2113864661392,0.0,-57.06201320905837,0.0,ID_NORMAL_001,JOINT2_SWEEP_MEDIUM,RUN_01,50.0,0.0,NORMAL,NONE,COLD
508878.2176221,5.27,-36.44,103.24,-0.0,69.03,0.0,1.338493544096291,0.9560668172117264,0.38242672688458185,0.0,-0.1912133634424268,0.0,230.0,544.0,20.0,53.0,116.0,0.0,-141.07436054181923,-115.05324145498581,-26.02111908682276,0.0,13.01055954339694,0.0,ID_NORMAL_001,JOINT2_SWEEP_MEDIUM,RUN_01,50.0,0.0,NORMAL,NONE,COLD
508878.2176221,5.37,-36.37,103.26,-0.0,69.02,0.0,0.0,0.0,0.0,0.0,0.0,0.0,387.0,522.0,9.0,53.0,186.0,0.0,0.0,0.0,0.0,0.0,0.0,0.0,ID_NORMAL_001,JOINT2_SWEEP_MEDIUM,RUN_01,50.0,0.0,NORMAL,NONE,COLD
508878.2630175,5.47,-36.3,103.29,-0.0,69.01,-0.0,2.202866371288922,1.5420064599022572,0.6608599113867041,0.0,-0.22028663712869265,-0.0,133.0,489.0,44.0,51.0,264.0,0.0,48.526202497556405,33.96834174828974,14.557860749267526,0.0,-4.8526202497512445,-0.0,ID_NORMAL_001,JOINT2_SWEEP_MEDIUM,RUN_01,50.0,0.0,NORMAL,NONE,COLD
508878.3202922,5.57,-36.23,103.31,-0.0,69.0,-0.0,1.7459716062162984,1.2221801243514074,0.3491943212431884,0.0,-0.17459716062171823,0.0,288.0,528.0,17.0,53.0,362.0,0.0,-7.9772528684566275,-5.58407700791987,-5.441592710252218,0.0,0.7977252868406353,0.0,ID_NORMAL_001,JOINT2_SWEEP_MEDIUM,RUN_01,50.0,0.0,NORMAL,NONE,COLD
508878.3202922,5.64,-36.18,103.31,-0.0,69.0,-0.0,0.0,0.0,0.0,0.0,0.0,0.0,380.0,449.0,81.0,53.0,244.0,8.0,0.0,0.0,0.0,0.0,0.0,0.0,ID_NORMAL_001,JOINT2_SWEEP_MEDIUM,RUN_01,50.0,0.0,NORMAL,NONE,COLD
508878.3573663,5.74,-36.11,103.35,-0.0,68.98,-0.0,2.697300811563405,1.8881105680943813,1.0789203246251418,0.0,-0.5394601623125709,0.0,259.0,358.0,11.0,53.0,263.0,9.0,72.75431668060565,50.928021676423896,29.10172667223632,0.0,-14.55086333611816,0.0,ID_NORMAL_001,JOINT2_SWEEP_MEDIUM,RUN_01,50.0,0.0,NORMAL,NONE,COLD
508878.3573663,5.84,-36.03,103.37,-0.0,68.98,-0.0,0.0,0.0,0.0,0.0,0.0,0.0,268.0,351.0,61.0,52.0,149.0,9.0,0.0,0.0,0.0,0.0,0.0,0.0,ID_NORMAL_001,JOINT2_SWEEP_MEDIUM,RUN_01,50.0,0.0,NORMAL,NONE,COLD
508878.3808281,5.95,-35.96,103.39,-0.0,68.97,-0.0,4.688472323146436,2.983573296547735,0.8524495132991798,0.0,-0.4262247566498928,0.0,269.0,259.0,16.0,52.0,198.0,9.0,199.83429749918247,127.16728022675262,36.33350863620766,0.0,-18.166754318116737,0.0,ID_NORMAL_001,JOINT2_SWEEP_MEDIUM,RUN_01,50.0,0.0,NORMAL,NONE,COLD
508878.4205629,6.01,-35.91,103.41,-0.0,68.96,-0.0,1.5100113755349354,1.258342812945895,0.5033371251782149,0.0,-0.25166856258928627,0.0,147.0,377.0,19.0,53.0,287.0,9.0,-79.9918697931158,-43.418627594307225,-8.786061290047131,0.0,4.393030645026688,0.0,ID_NORMAL_001,JOINT2_SWEEP_MEDIUM,RUN_01,50.0,0.0,NORMAL,NONE,COLD
508878.476282,6.11,-35.85,103.43,-0.0,68.95,-0.0,1.7947167130346011,1.0768300278206682,0.3589433426071019,0.0,-0.17947167130329592,0.0,181.0,229.0,34.0,54.0,151.0,9.0,5.109654275008042,-3.2576402909370104,-2.5914593483865946,0.0,1.2957296742010835,0.0,ID_NORMAL_001,JOINT2_SWEEP_MEDIUM,RUN_01,50.0,0.0,NORMAL,NONE,COLD
508878.476282,6.21,-35.77,103.45,-0.0,68.94,-0.0,0.0,0.0,0.0,0.0,0.0,0.0,114.0,109.0,14.0,52.0,135.0,9.0,0.0,0.0,0.0,0.0,0.0,0.0,ID_NORMAL_001,JOINT2_SWEEP_MEDIUM,RUN_01,50.0,0.0,NORMAL,NONE,COLD
508878.5141928,6.31,-35.7,103.47,-0.0,68.93,-0.0,2.637770769845424,1.846439538891811,0.5275541539689818,0.0,-0.2637770769843034,0.0,373.0,360.0,12.0,53.0,155.0,9.0,69.57834634250945,48.70484243975699,13.915669268499173,0.0,-6.957834634244642,0.0,ID_NORMAL_001,JOINT2_SWEEP_MEDIUM,RUN_01,50.0,0.0,NORMAL,NONE,COLD
508878.5141928,6.38,-35.65,103.48,-0.0,68.93,-0.0,0.0,0.0,0.0,0.0,0.0,0.0,178.0,334.0,12.0,53.0,199.0,9.0,0.0,0.0,0.0,0.0,0.0,0.0,ID_NORMAL_001,JOINT2_SWEEP_MEDIUM,RUN_01,50.0,0.0,NORMAL,NONE,COLD
508878.5655716,6.48,-35.58,103.51,-0.0,68.92,-0.0,1.9463280571138855,1.3624296399797182,0.5838984171341847,0.0,-0.19463280571148708,0.0,492.0,386.0,10.0,53.0,239.0,9.0,37.88192905908692,26.517350341360814,11.364578717726447,0.0,-3.78819290591061,0.0,ID_NORMAL_001,JOINT2_SWEEP_MEDIUM,RUN_01,50.0,0.0,NORMAL,NONE,COLD
508878.5707236,6.59,-35.5,103.53,-0.0,68.9,-0.0,21.35093168569488,15.527950316868752,3.881987579216499,0.0,-3.881987579216499,0.0,556.0,390.0,9.0,53.0,316.0,9.0,3766.421513289291,2749.518766041433,640.157058117732,0.0,-715.7132715456985,0.0,ID_NORMAL_001,JOINT2_SWEEP_MEDIUM,RUN_01,50.0,0.0,NORMAL,NONE,COLD
508878.62269,6.65,-35.46,103.54,-0.0,68.9,-0.0,1.1545921979883529,0.7697281319922125,0.19243203299815564,0.0,0.0,0.0,427.0,463.0,4.0,53.0,218.0,9.0,-388.6422666738308,-283.9954698472822,-70.99886746180532,0.0,74.70187619418375,0.0,ID_NORMAL_001,JOINT2_SWEEP_MEDIUM,RUN_01,50.0,0.0,NORMAL,NONE,COLD
508878.62269,6.75,-35.38,103.56,-0.0,68.89,-0.0,0.0,0.0,0.0,0.0,0.0,0.0,448.0,287.0,9.0,51.0,147.0,9.0,0.0,0.0,0.0,0.0,0.0,0.0,ID_NORMAL_001,JOINT2_SWEEP_MEDIUM,RUN_01,50.0,0.0,NORMAL,NONE,COLD
508878.6708306,6.86,-35.32,103.59,-0.0,68.88,-0.0,2.284973596619519,1.2463492345197813,0.6231746172598907,0.0,-0.20772487242006193,0.0,81.0,348.0,5.0,51.0,234.0,9.0,47.464584884075684,25.8897735731331,12.94488678656655,0.0,-4.314962262190893,0.0,ID_NORMAL_001,JOINT2_SWEEP_MEDIUM,RUN_01,50.0,0.0,NORMAL,NONE,COLD
508878.7180587,6.96,-35.24,103.62,-0.0,68.87,-0.0,2.117383508963758,1.6939068071709762,0.6352150526891537,0.0,-0.21173835089618398,0.0,306.0,478.0,16.0,51.0,340.0,9.0,-3.5485248786810026,9.476510236434924,0.254942194186646,0.0,-0.08498073138921843,0.0,ID_NORMAL_001,JOINT2_SWEEP_MEDIUM,RUN_01,50.0,0.0,NORMAL,NONE,COLD
508878.7180587,7.02,-35.19,103.63,-0.0,68.86,-0.0,0.0,0.0,0.0,0.0,0.0,0.0,178.0,583.0,79.0,52.0,252.0,9.0,0.0,0.0,0.0,0.0,0.0,0.0,ID_NORMAL_001,JOINT2_SWEEP_MEDIUM,RUN_01,50.0,0.0,NORMAL,NONE,COLD
508878.7647318,7.13,-35.12,103.66,-0.0,68.85,-0.0,2.3568179512246106,1.4997932416883903,0.6427685321521891,0.0,-0.21425617738416453,0.0,329.0,516.0,29.0,53.0,234.0,9.0,50.4962805019505,32.13399668305945,13.771712864168803,0.0,-4.590570954725108,0.0,ID_NORMAL_001,JOINT2_SWEEP_MEDIUM,RUN_01,50.0,0.0,NORMAL,NONE,COLD
508878.7647318,7.23,-35.05,103.68,-0.0,68.84,-0.0,0.0,0.0,0.0,0.0,0.0,0.0,408.0,502.0,46.0,51.0,144.0,9.0,0.0,0.0,0.0,0.0,0.0,0.0,ID_NORMAL_001,JOINT2_SWEEP_MEDIUM,RUN_01,50.0,0.0,NORMAL,NONE,COLD
508878.790639,7.33,-34.97,103.7,-0.0,68.83,-0.0,3.859930829378023,3.0879446635023635,0.7719861658754538,0.0,-0.38599308293800116,0.0,419.0,294.0,52.0,53.0,166.0,9.0,148.99066007582965,119.1925280606616,29.79813201516011,0.0,-14.899066007590642,0.0,ID_NORMAL_001,JOINT2_SWEEP_MEDIUM,RUN_01,50.0,0.0,NORMAL,NONE,COLD
508878.8280703,7.39,-34.93,103.72,-0.0,68.83,-0.0,1.602936580779013,1.0686243871859928,0.5343121935929015,0.0,0.0,0.0,544.0,114.0,20.0,53.0,108.0,9.0,-60.29697739478697,-53.94737232027193,-6.349605074512712,0.0,10.31204054281656,0.0,ID_NORMAL_001,JOINT2_SWEEP_MEDIUM,RUN_01,50.0,0.0,NORMAL,NONE,COLD
508878.8740407,7.5,-34.85,103.74,-0.0,68.82,-0.0,2.3928440919987737,1.7402502487263385,0.43506256218150735,0.0,-0.21753128109090825,0.0,457.0,191.0,125.0,53.0,105.0,9.0,17.182959285887762,14.60996340745816,-2.158989946870997,0.0,-4.731985825302753,0.0,ID_NORMAL_001,JOINT2_SWEEP_MEDIUM,RUN_01,50.0,0.0,NORMAL,NONE,COLD
508878.8740407,7.6,-34.78,103.76,-0.0,68.81,-0.0,0.0,0.0,0.0,0.0,0.0,0.0,220.0,428.0,78.0,53.0,326.0,9.0,0.0,0.0,0.0,0.0,0.0,0.0,ID_NORMAL_001,JOINT2_SWEEP_MEDIUM,RUN_01,50.0,0.0,NORMAL,NONE,COLD
508878.9196146,7.7,-34.71,103.78,-0.0,68.8,-0.0,2.1942383666621317,1.5359668566634903,0.4388476733323367,0.0,-0.21942383666632428,0.0,143.0,524.0,92.0,51.0,525.0,9.0,48.14682009732074,33.70277406812448,9.629364019462182,0.0,-4.814682009734512,0.0,ID_NORMAL_001,JOINT2_SWEEP_MEDIUM,RUN_01,50.0,0.0,NORMAL,NONE,COLD
508878.9676607,7.77,-34.66,103.8,-0.0,68.79,-0.0,1.4569340709851666,1.0406671935609308,0.41626687742425406,0.0,-0.20813343871197915,0.0,162.0,355.0,21.0,54.0,416.0,9.0,-15.345767843650014,-10.308842207451423,-0.4699818701206904,0.0,0.23499093506666857,0.0,ID_NORMAL_001,JOINT2_SWEEP_MEDIUM,RUN_01,50.0,0.0,NORMAL,NONE,COLD
508878.9676607,7.87,-34.59,103.81,-0.0,68.78,-0.0,0.0,0.0,0.0,0.0,0.0,0.0,435.0,422.0,13.0,51.0,273.0,9.0,0.0,0.0,0.0,0.0,0.0,0.0,ID_NORMAL_001,JOINT2_SWEEP_MEDIUM,RUN_01,50.0,0.0,NORMAL,NONE,COLD
508878.9820431,7.97,-34.52,103.84,-0.0,68.77,-0.0,6.95294247265213,4.867059730856528,2.0858827417957255,0.0,-0.6952942472655712,0.0,203.0,554.0,16.0,54.0,311.0,9.0,483.4340902801009,338.40386319607325,145.03022708403628,0.0,-48.343409028035,0.0,ID_NORMAL_001,JOINT2_SWEEP_MEDIUM,RUN_01,50.0,0.0,NORMAL,NONE,COLD
508879.0280357,8.07,-34.45,103.87,-0.0,68.76,-0.0,2.17426281738103,1.5219839721667192,0.6522788452143303,0.0,-0.21742628173790413,0.0,193.0,681.0,5.0,52.0,357.0,9.0,-103.90105490631097,-72.73073843441853,-31.170316471894708,0.0,10.39010549064321,0.0,ID_NORMAL_001,JOINT2_SWEEP_MEDIUM,RUN_01,50.0,0.0,NORMAL,NONE,COLD
508879.0755745,8.14,-34.4,103.88,-0.0,68.76,-0.0,1.4724814241919453,1.051772445851475,0.21035448917008573,0.0,0.0,0.0,392.0,318.0,77.0,51.0,331.0,9.0,-14.762286647349528,-9.891110542001949,-9.296077216759072,0.0,4.573659442716956,0.0,ID_NORMAL_001,JOINT2_SWEEP_MEDIUM,RUN_01,50.0,0.0,NORMAL,NONE,COLD
508879.0755745,8.24,-34.32,103.9,-0.0,68.74,-0.0,0.0,0.0,0.0,0.0,0.0,0.0,382.0,691.0,42.0,52.0,264.0,9.0,0.0,0.0,0.0,0.0,0.0,0.0,ID_NORMAL_001,JOINT2_SWEEP_MEDIUM,RUN_01,50.0,0.0,NORMAL,NONE,COLD
508879.1224534,8.34,-34.25,103.92,-0.0,68.74,-0.0,2.1331558560635666,1.4932090992445082,0.42663117121263,0.0,0.0,0.0,305.0,526.0,262.0,52.0,294.0,9.0,45.503539062583044,31.852477343808378,9.100707812514832,0.0,0.0,0.0,ID_NORMAL_001,JOINT2_SWEEP_MEDIUM,RUN_01,50.0,0.0,NORMAL,NONE,COLD
508879.1224534,8.41,-34.2,103.94,-0.0,68.73,-0.0,0.0,0.0,0.0,0.0,0.0,0.0,318.0,499.0,53.0,53.0,303.0,9.0,0.0,0.0,0.0,0.0,0.0,0.0,ID_NORMAL_001,JOINT2_SWEEP_MEDIUM,RUN_01,50.0,0.0,NORMAL,NONE,COLD
508879.1700254,8.51,-34.13,103.97,-0.0,68.72,-0.0,2.1020768514699424,1.4714537960289706,0.6306230554410088,0.0,-0.2102076851471025,0.0,182.0,550.0,147.0,54.0,355.0,9.0,44.18727089485802,30.93108962640084,13.256181268457954,0.0,-4.418727089488077,0.0,ID_NORMAL_001,JOINT2_SWEEP_MEDIUM,RUN_01,50.0,0.0,NORMAL,NONE,COLD
508879.1700254,8.61,-34.06,103.99,-0.0,68.71,-0.0,0.0,0.0,0.0,0.0,0.0,0.0,180.0,352.0,41.0,52.0,287.0,9.0,0.0,0.0,0.0,0.0,0.0,0.0,ID_NORMAL_001,JOINT2_SWEEP_MEDIUM,RUN_01,50.0,0.0,NORMAL,NONE,COLD
508879.197683,8.71,-33.99,104.0,-0.0,68.7,-0.0,3.615642716218658,2.530949901353035,0.36156427162204563,0.0,-0.3615642716215318,0.0,390.0,639.0,54.0,52.0,230.0,9.0,130.7287225134485,91.51010575941302,13.07287225135135,0.0,-13.072872251332774,0.0,ID_NORMAL_001,JOINT2_SWEEP_MEDIUM,RUN_01,50.0,0.0,NORMAL,NONE,COLD
508879.2504085,8.78,-33.94,104.02,-0.0,68.69,-0.0,1.32763084226419,0.9483077444745225,0.3793230977897012,0.0,-0.18966154889498535,0.0,214.0,411.0,86.0,52.0,259.0,9.0,-43.39478759041004,-30.016636281992554,0.33681664775126274,0.0,3.2603336651565327,0.0,ID_NORMAL_001,JOINT2_SWEEP_MEDIUM,RUN_01,50.0,0.0,NORMAL,NONE,COLD
508879.295595,8.88,-33.87,104.05,-0.0,68.68,-0.0,2.2130503604776353,1.5491352523343291,0.6639151081433063,0.0,-0.22130503604755913,0.0,299.0,580.0,111.0,53.0,236.0,9.0,19.594779839561713,13.296615328540057,6.298164511020919,0.0,-0.7002863064977185,0.0,ID_NORMAL_001,JOINT2_SWEEP_MEDIUM,RUN_01,50.0,0.0,NORMAL,NONE,COLD
508879.295595,8.98,-33.79,104.07,-0.0,68.67,-0.0,0.0,0.0,0.0,0.0,0.0,0.0,453.0,472.0,31.0,51.0,132.0,9.0,0.0,0.0,0.0,0.0,0.0,0.0,ID_NORMAL_001,JOINT2_SWEEP_MEDIUM,RUN_01,50.0,0.0,NORMAL,NONE,COLD
508879.3325513,9.08,-33.72,104.09,-0.0,68.67,-0.0,2.705898586306842,1.894129010414804,0.5411797172616473,0.0,0.0,0.0,694.0,618.0,29.0,51.0,237.0,9.0,73.21887159377393,51.25321011564215,14.64377431876233,0.0,0.0,0.0,ID_NORMAL_001,JOINT2_SWEEP_MEDIUM,RUN_01,50.0,0.0,NORMAL,NONE,COLD
508879.3325513,9.15,-33.67,104.1,-0.0,68.66,-0.0,0.0,0.0,0.0,0.0,0.0,0.0,483.0,334.0,44.0,53.0,361.0,9.0,0.0,0.0,0.0,0.0,0.0,0.0,ID_NORMAL_001,JOINT2_SWEEP_MEDIUM,RUN_01,50.0,0.0,NORMAL,NONE,COLD
508879.3759145,9.25,-33.6,104.12,-0.0,68.65,-0.0,2.3061028718739154,1.614272010311753,0.4612205743750206,0.0,-0.2306102871871826,0.0,523.0,545.0,42.0,53.0,278.0,9.0,53.181104556651384,37.22677318965625,10.636220911335755,0.0,-5.31811045566032,0.0,ID_NORMAL_001,JOINT2_SWEEP_MEDIUM,RUN_01,50.0,0.0,NORMAL,NONE,COLD
508879.3869808,9.35,-33.53,104.15,-0.0,68.64,-0.0,9.036443947713233,6.32551076339931,2.710933184314082,0.0,-0.9036443947717887,0.0,467.0,271.0,89.0,54.0,137.0,9.0,608.1834988081417,425.72844916570244,203.29401898178045,0.0,-60.818349880875125,0.0,ID_NORMAL_001,JOINT2_SWEEP_MEDIUM,RUN_01,50.0,0.0,NORMAL,NONE,COLD
508879.4361856,9.45,-33.46,104.18,-0.0,68.63,-0.0,2.032322050421963,1.4226254352953847,0.6096966151266141,0.0,-0.20323220504230097,0.0,213.0,363.0,19.0,53.0,83.0,9.0,-142.34631375708412,-99.64241962995963,-42.703894127127,0.0,14.234631375715743,0.0,ID_NORMAL_001,JOINT2_SWEEP_MEDIUM,RUN_01,50.0,0.0,NORMAL,NONE,COLD
508879.4825819,9.52,-33.41,104.18,-0.0,68.62,-0.0,1.5087409980272302,1.077672141448109,0.0,0.0,-0.2155344282894074,0.0,274.0,254.0,19.0,50.0,148.0,9.0,-11.28497427911676,-7.434931097598814,-13.141061137142115,0.0,-0.26515526542561507,0.0,ID_NORMAL_001,JOINT2_SWEEP_MEDIUM,RUN_01,50.0,0.0,NORMAL,NONE,COLD
508879.4825819,9.62,-33.34,104.21,-0.0,68.61,-0.0,0.0,0.0,0.0,0.0,0.0,0.0,445.0,462.0,126.0,52.0,130.0,9.0,0.0,0.0,0.0,0.0,0.0,0.0,ID_NORMAL_001,JOINT2_SWEEP_MEDIUM,RUN_01,50.0,0.0,NORMAL,NONE,COLD
508879.5326079,9.72,-33.26,104.23,-0.0,68.6,-0.0,1.9989605423768397,1.599168433901557,0.3997921084755668,0.0,-0.1998960542377834,0.0,487.0,295.0,8.0,53.0,159.0,9.0,39.958432499794526,31.966745999837325,7.99168649996288,0.0,-3.99584324998144,0.0,ID_NORMAL_001,JOINT2_SWEEP_MEDIUM,RUN_01,50.0,0.0,NORMAL,NONE,COLD
508879.5326079,9.79,-33.22,104.24,-0.0,68.6,-0.0,0.0,0.0,0.0,0.0,0.0,0.0,480.0,356.0,12.0,54.0,270.0,9.0,0.0,0.0,0.0,0.0,0.0,0.0,ID_NORMAL_001,JOINT2_SWEEP_MEDIUM,RUN_01,50.0,0.0,NORMAL,NONE,COLD
508879.5755394,9.89,-33.14,104.27,-0.0,68.59,-0.0,2.32929201129167,1.8634336090332697,0.6987876033875176,0.0,-0.23292920112895182,0.0,560.0,171.0,41.0,50.0,220.0,9.0,54.25601273867116,43.404810190935386,16.27680382160173,0.0,-5.425601273862104,0.0,ID_NORMAL_001,JOINT2_SWEEP_MEDIUM,RUN_01,50.0,0.0,NORMAL,NONE,COLD
508879.5893713,9.99,-33.07,104.29,-0.0,68.58,-0.0,7.229664747246172,5.060765323072359,1.4459329494499793,0.0,-0.7229664747249896,0.0,356.0,209.0,19.0,52.0,296.0,9.0,354.2805201749666,231.15636378240663,54.0161036949684,0.0,-35.428052017539144,0.0,ID_NORMAL_001,JOINT2_SWEEP_MEDIUM,RUN_01,50.0,0.0,NORMAL,NONE,COLD
508879.6459748,10.1,-33.0,104.32,-0.0,68.57,-0.0,1.9433427268690235,1.2366726443712082,0.5300025618731419,0.0,-0.176667520624548,0.0,196.0,257.0,11.0,51.0,244.0,9.0,-93.39214045625043,-67.55929721842729,-16.181515063779838,0.0,9.65132817406594,0.0,ID_NORMAL_001,JOINT2_SWEEP_MEDIUM,RUN_01,50.0,0.0,NORMAL,NONE,COLD
508879.6459748,10.16,-32.95,104.33,-0.0,68.56,-0.0,0.0,0.0,0.0,0.0,0.0,0.0,271.0,207.0,13.0,52.0,234.0,9.0,0.0,0.0,0.0,0.0,0.0,0.0,ID_NORMAL_001,JOINT2_SWEEP_MEDIUM,RUN_01,50.0,0.0,NORMAL,NONE,COLD
508879.6857802,10.26,-32.88,104.36,-0.0,68.55,-0.0,2.5122219591615527,1.7585553714131004,0.753666587748497,0.0,-0.2512221959162847,0.0,57.0,514.0,3.0,54.0,272.0,9.0,63.11259172093533,44.17881420465507,18.93377751628138,0.0,-6.311259172096784,0.0,ID_NORMAL_001,JOINT2_SWEEP_MEDIUM,RUN_01,50.0,0.0,NORMAL,NONE,COLD
508879.7375144,10.36,-32.81,104.37,-0.0,68.54,-0.0,1.9329573094419061,1.3530701166093446,0.1932957309442902,0.0,-0.1932957309440155,0.0,368.0,491.0,12.0,52.0,343.0,9.0,-11.196938387769002,-7.837856871438363,-10.831729436579192,0.0,1.1196938387827868,0.0,ID_NORMAL_001,JOINT2_SWEEP_MEDIUM,RUN_01,50.0,0.0,NORMAL,NONE,COLD
508879.7375144,10.46,-32.73,104.4,-0.0,68.53,-0.0,0.0,0.0,0.0,0.0,0.0,0.0,341.0,403.0,15.0,52.0,240.0,9.0,0.0,0.0,0.0,0.0,0.0,0.0,ID_NORMAL_001,JOINT2_SWEEP_MEDIUM,RUN_01,50.0,0.0,NORMAL,NONE,COLD
508879.7806127,10.53,-32.69,104.42,-0.0,68.52,-0.0,1.6241939938463708,0.9281108536264976,0.46405542681316636,0.0,-0.23202771340674802,0.0,173.0,463.0,17.0,53.0,236.0,9.0,37.68580185209544,21.53474391548311,10.767371957739641,0.0,-5.383685978873646,0.0,ID_NORMAL_001,JOINT2_SWEEP_MEDIUM,RUN_01,50.0,0.0,NORMAL,NONE,COLD
508879.7806127,10.63,-32.61,104.44,-0.0,68.52,-0.0,0.0,0.0,0.0,0.0,0.0,0.0,187.0,303.0,19.0,52.0,419.0,9.0,0.0,0.0,0.0,0.0,0.0,0.0,ID_NORMAL_001,JOINT2_SWEEP_MEDIUM,RUN_01,50.0,0.0,NORMAL,NONE,COLD
508879.802494,10.73,-32.54,104.46,-0.0,68.51,-0.0,4.570112373907016,3.199078661734936,0.9140224747812247,0.0,-0.4570112373902876,0.0,548.0,208.0,3.0,51.0,368.0,9.0,208.85927110138098,146.2014897709678,41.77185422026803,0.0,-20.885927110119177,0.0,ID_NORMAL_001,JOINT2_SWEEP_MEDIUM,RUN_01,50.0,0.0,NORMAL,NONE,COLD
508879.8423102,10.84,-32.47,104.48,-0.0,68.49,-0.0,2.76269458323405,1.7580783711489572,0.5023081060428141,0.0,-0.5023081060428141,0.0,235.0,513.0,43.0,53.0,359.0,9.0,-45.39403036302804,-36.19130633855087,-10.340373239574902,0.0,-1.1376492151254523,0.0,ID_NORMAL_001,JOINT2_SWEEP_MEDIUM,RUN_01,50.0,0.0,NORMAL,NONE,COLD
508879.8815293,10.9,-32.42,104.5,-0.0,68.49,-0.0,1.529866823989875,1.2748890199914795,0.5099556079965193,0.0,0.0,0.0,429.0,360.0,23.0,50.0,274.0,9.0,-31.43437147602375,-12.32025596735021,0.1949943254228547,0.0,12.807741780934714,0.0,ID_NORMAL_001,JOINT2_SWEEP_MEDIUM,RUN_01,50.0,0.0,NORMAL,NONE,COLD
508879.8815293,11.01,-32.35,104.52,-0.0,68.48,-0.0,0.0,0.0,0.0,0.0,0.0,0.0,208.0,265.0,18.0,51.0,251.0,9.0,0.0,0.0,0.0,0.0,0.0,0.0,ID_NORMAL_001,JOINT2_SWEEP_MEDIUM,RUN_01,50.0,0.0,NORMAL,NONE,COLD
508879.9218415,11.11,-32.28,104.55,-0.0,68.47,-0.0,2.4806386174650483,1.7364470322255472,0.7441915852395454,0.0,-0.24806386174663264,0.0,161.0,406.0,9.0,53.0,195.0,9.0,61.53567950458929,43.07497565321283,18.460703851377552,0.0,-6.153567950462099,0.0,ID_NORMAL_001,JOINT2_SWEEP_MEDIUM,RUN_01,50.0,0.0,NORMAL,NONE,COLD
508879.9682459,11.21,-32.2,104.56,-0.0,68.46,-0.0,2.1549680621894005,1.723974449751459,0.2154968062190472,0.0,-0.2154968062190472,0.0,215.0,419.0,9.0,52.0,280.0,9.0,-7.018096454144988,-0.26878016884682754,-11.393203634354402,0.0,0.7018096454149438,0.0,ID_NORMAL_001,JOINT2_SWEEP_MEDIUM,RUN_01,50.0,0.0,NORMAL,NONE,COLD
508879.9682459,11.28,-32.15,104.58,-0.0,68.45,-0.0,0.0,0.0,0.0,0.0,0.0,0.0,165.0,90.0,6.0,52.0,246.0,9.0,0.0,0.0,0.0,0.0,0.0,0.0,ID_NORMAL_001,JOINT2_SWEEP_MEDIUM,RUN_01,50.0,0.0,NORMAL,NONE,COLD
508879.9926955,11.38,-32.08,104.6,-0.0,68.44,-0.0,4.0900464590439425,2.8630325213307306,0.818009291808614,0.0,-0.4090046459045977,0.0,275.0,298.0,23.0,51.0,146.0,9.0,167.28480037137655,117.09936025996238,33.456960074268174,0.0,-16.728480037145975,0.0,ID_NORMAL_001,JOINT2_SWEEP_MEDIUM,RUN_01,50.0,0.0,NORMAL,NONE,COLD
508880.0463455,11.48,-32.01,104.62,-0.0,68.43,-0.0,1.8639328998749256,1.304753029912458,0.37278657997517717,0.0,-0.1863932899873237,0.0,367.0,415.0,11.0,50.0,90.0,9.0,-41.49326301792812,-29.045284112548956,-8.298652603578793,0.0,4.149326301799751,0.0,ID_NORMAL_001,JOINT2_SWEEP_MEDIUM,RUN_01,50.0,0.0,NORMAL,NONE,COLD
508880.0463455,11.55,-31.96,104.64,-0.0,68.43,-0.0,0.0,0.0,0.0,0.0,0.0,0.0,229.0,214.0,22.0,52.0,181.0,9.0,0.0,0.0,0.0,0.0,0.0,0.0,ID_NORMAL_001,JOINT2_SWEEP_MEDIUM,RUN_01,50.0,0.0,NORMAL,NONE,COLD
508880.092607,11.65,-31.89,104.67,-0.0,68.42,-0.0,2.161624675082713,1.5131372725579106,0.6484874025248408,0.0,-0.21616246750838267,0.0,579.0,196.0,31.0,54.0,332.0,9.0,46.726212359264615,32.70834865148548,14.017863707779966,0.0,-4.672621235928869,0.0,ID_NORMAL_001,JOINT2_SWEEP_MEDIUM,RUN_01,50.0,0.0,NORMAL,NONE,COLD
508880.1386123,11.75,-31.82,104.69,-0.0,68.41,-0.0,2.1736626018634464,1.521563821304424,0.43473252037260435,0.0,-0.2173662601864566,0.0,379.0,560.0,23.0,53.0,355.0,9.0,0.2616639124725059,0.18316473873075512,-4.646309933000464,0.0,-0.026166391247263745,0.0,ID_NORMAL_001,JOINT2_SWEEP_MEDIUM,RUN_01,50.0,0.0,NORMAL,NONE,COLD
508880.1386123,11.85,-31.75,104.7,-0.0,68.4,-0.0,0.0,0.0,0.0,0.0,0.0,0.0,209.0,374.0,11.0,53.0,349.0,9.0,0.0,0.0,0.0,0.0,0.0,0.0,ID_NORMAL_001,JOINT2_SWEEP_MEDIUM,RUN_01,50.0,0.0,NORMAL,NONE,COLD
508880.1901747,11.92,-31.7,104.72,-0.0,68.39,-0.0,1.3575783901686058,0.9696988501204425,0.38787954004809433,0.0,-0.19393977002418497,0.0,341.0,357.0,35.0,52.0,211.0,9.0,26.328844077896797,18.806317198497904,7.5225268793975575,0.0,-3.7612634397014513,0.0,ID_NORMAL_001,JOINT2_SWEEP_MEDIUM,RUN_01,50.0,0.0,NORMAL,NONE,COLD
508880.1901747,12.02,-31.63,104.75,-0.0,68.38,-0.0,0.0,0.0,0.0,0.0,0.0,0.0,170.0,362.0,9.0,53.0,178.0,9.0,0.0,0.0,0.0,0.0,0.0,0.0,ID_NORMAL_001,JOINT2_SWEEP_MEDIUM,RUN_01,50.0,0.0,NORMAL,NONE,COLD
508880.2083446,12.12,-31.55,104.77,-0.0,68.37,-0.0,5.503607616314111,4.402886093051211,1.100721523262607,0.0,-0.5503607616309125,0.0,107.0,593.0,11.0,52.0,292.0,9.0,302.896967943508,242.3175743548021,60.57939358868976,0.0,-30.28969679432336,0.0,ID_NORMAL_001,JOINT2_SWEEP_MEDIUM,RUN_01,50.0,0.0,NORMAL,NONE,COLD
508880.2511793,12.22,-31.48,104.79,-0.0,68.37,-0.0,2.3345558609476256,1.6341891026633213,0.4669111721897573,0.0,0.0,0.0,116.0,356.0,16.0,53.0,546.0,9.0,-73.98328349137086,-64.63677786098006,-14.796656698263726,0.0,12.848479417010276,0.0,ID_NORMAL_001,JOINT2_SWEEP_MEDIUM,RUN_01,50.0,0.0,NORMAL,NONE,COLD
508880.2984343,12.29,-31.43,104.81,-0.0,68.36,-0.0,1.4813247280710338,1.0580890914793475,0.42323563659164876,0.0,-0.21161781829597473,0.0,384.0,519.0,7.0,52.0,595.0,9.0,-18.05589108414549,-12.191302748697682,-0.9242521556175183,0.0,-4.478210102032527,0.0,ID_NORMAL_001,JOINT2_SWEEP_MEDIUM,RUN_01,50.0,0.0,NORMAL,NONE,COLD
508880.2984343,12.39,-31.36,104.83,-0.0,68.34,-0.0,0.0,0.0,0.0,0.0,0.0,0.0,411.0,163.0,34.0,51.0,270.0,9.0,0.0,0.0,0.0,0.0,0.0,0.0,ID_NORMAL_001,JOINT2_SWEEP_MEDIUM,RUN_01,50.0,0.0,NORMAL,NONE,COLD
508880.3419269,12.49,-31.29,104.85,-0.0,68.33,-0.0,2.2992417115365416,1.6094691980755913,0.45984834230721844,0.0,-0.2299241711537726,0.0,23.0,632.0,5.0,52.0,170.0,9.0,52.86512448069504,37.00558713648681,10.57302489613694,0.0,-5.2865124480722265,0.0,ID_NORMAL_001,JOINT2_SWEEP_MEDIUM,RUN_01,50.0,0.0,NORMAL,NONE,COLD
508880.3888687,12.59,-31.22,104.88,-0.0,68.33,-0.0,2.1302975154004495,1.491208260780326,0.6390892546201613,0.0,0.0,0.0,392.0,331.0,24.0,53.0,270.0,9.0,-3.5990140127004433,-2.5193098088903274,3.818364701583734,0.0,4.898068905393912,0.0,ID_NORMAL_001,JOINT2_SWEEP_MEDIUM,RUN_01,50.0,0.0,NORMAL,NONE,COLD
508880.3888687,12.66,-31.17,104.89,-0.0,68.32,-0.0,0.0,0.0,0.0,0.0,0.0,0.0,259.0,476.0,6.0,53.0,212.0,9.0,0.0,0.0,0.0,0.0,0.0,0.0,ID_NORMAL_001,JOINT2_SWEEP_MEDIUM,RUN_01,50.0,0.0,NORMAL,NONE,COLD
508880.3987749,12.76,-31.1,104.91,-0.0,68.31,-0.0,10.094688181638984,7.066281727147343,2.0189376363274025,0.0,-1.009468818162984,0.0,200.0,492.0,15.0,53.0,336.0,9.0,1019.0272948452215,713.3191063916605,203.8054589690045,0.0,-101.90272948442986,0.0,ID_NORMAL_001,JOINT2_SWEEP_MEDIUM,RUN_01,50.0,0.0,NORMAL,NONE,COLD
508880.4534357,12.86,-31.02,104.94,-0.0,68.3,-0.0,1.8294646264320316,1.4635717011456642,0.5488393879296322,0.0,-0.1829464626432974,0.0,182.0,201.0,19.0,54.0,463.0,9.0,-151.20934123803968,-102.49959804726196,-26.894927428234208,0.0,15.120934123785517,0.0,ID_NORMAL_001,JOINT2_SWEEP_MEDIUM,RUN_01,50.0,0.0,NORMAL,NONE,COLD
508880.5008957,12.93,-30.97,104.95,-0.0,68.3,-0.0,1.4749262527333622,1.0535187519524123,0.21070375039058725,0.0,0.0,0.0,118.0,185.0,33.0,53.0,423.0,9.0,-7.470256499565096,-8.63996942536949,-7.124644697015255,0.0,3.854750579961451,0.0,ID_NORMAL_001,JOINT2_SWEEP_MEDIUM,RUN_01,50.0,0.0,NORMAL,NONE,COLD
508880.5008957,13.03,-30.9,104.97,-0.0,68.28,-0.0,0.0,0.0,0.0,0.0,0.0,0.0,272.0,370.0,33.0,53.0,495.0,9.0,0.0,0.0,0.0,0.0,0.0,0.0,ID_NORMAL_001,JOINT2_SWEEP_MEDIUM,RUN_01,50.0,0.0,NORMAL,NONE,COLD
508880.5471832,13.13,-30.83,104.99,-0.0,68.27,-0.0,2.1604104775952875,1.5122873343166858,0.43208209551896537,0.0,-0.2160410477596362,0.0,211.0,243.0,88.0,53.0,422.0,9.0,46.67373431703432,32.67161402192369,9.334746863404874,0.0,-4.667373431705753,0.0,ID_NORMAL_001,JOINT2_SWEEP_MEDIUM,RUN_01,50.0,0.0,NORMAL,NONE,COLD
508880.5471832,13.23,-30.76,105.01,-0.0,68.26,-0.0,0.0,0.0,0.0,0.0,0.0,0.0,468.0,198.0,40.0,49.0,240.0,9.0,0.0,0.0,0.0,0.0,0.0,0.0,ID_NORMAL_001,JOINT2_SWEEP_MEDIUM,RUN_01,50.0,0.0,NORMAL,NONE,COLD
508880.5913979,13.3,-30.71,105.03,-0.0,68.26,-0.0,1.5831838732571708,1.1308456237551334,0.45233824950195695,0.0,0.0,0.0,588.0,470.0,41.0,52.0,351.0,9.0,35.80673109345096,25.576236495322373,10.230494598126768,0.0,0.0,0.0,ID_NORMAL_001,JOINT2_SWEEP_MEDIUM,RUN_01,50.0,0.0,NORMAL,NONE,COLD
508880.5913979,13.4,-30.64,105.06,-0.0,68.25,-0.0,0.0,0.0,0.0,0.0,0.0,0.0,262.0,163.0,4.0,52.0,299.0,9.0,0.0,0.0,0.0,0.0,0.0,0.0,ID_NORMAL_001,JOINT2_SWEEP_MEDIUM,RUN_01,50.0,0.0,NORMAL,NONE,COLD
508880.6172816,13.5,-30.57,105.08,-0.0,68.24,-0.0,3.8634352893723682,2.7044047025606783,0.7726870578743227,0.0,-0.38634352893743584,0.0,183.0,149.0,31.0,52.0,253.0,9.0,149.26132235167807,104.48292564617546,29.852264470329786,0.0,-14.926132235175498,0.0,ID_NORMAL_001,JOINT2_SWEEP_MEDIUM,RUN_01,50.0,0.0,NORMAL,NONE,COLD
508880.6701541,13.61,-30.49,105.1,-0.0,68.23,-0.0,2.0804766192670714,1.5130739049215494,0.37826847623030335,0.0,-0.18913423811501728,0.0,130.0,241.0,9.0,52.0,197.0,9.0,-33.72185296612364,-22.53214427546374,-7.459805793771518,0.0,3.729902896893493,0.0,ID_NORMAL_001,JOINT2_SWEEP_MEDIUM,RUN_01,50.0,0.0,NORMAL,NONE,COLD
508880.7159766,13.67,-30.45,105.12,-0.0,68.22,-0.0,1.3094004032059292,0.8729336021372602,0.4364668010688627,0.0,-0.21823340053443135,0.0,195.0,221.0,30.0,52.0,294.0,9.0,-16.827458470215888,-13.969999509568447,1.2700818334919772,0.0,-0.6350409167489215,0.0,ID_NORMAL_001,JOINT2_SWEEP_MEDIUM,RUN_01,50.0,0.0,NORMAL,NONE,COLD
508880.7159766,13.77,-30.37,105.13,-0.0,68.21,-0.0,0.0,0.0,0.0,0.0,0.0,0.0,355.0,369.0,21.0,52.0,210.0,9.0,0.0,0.0,0.0,0.0,0.0,0.0,ID_NORMAL_001,JOINT2_SWEEP_MEDIUM,RUN_01,50.0,0.0,NORMAL,NONE,COLD
508880.7664116,13.87,-30.3,105.15,-0.0,68.2,-0.0,1.9827500750282656,1.3879250525197966,0.3965500150058574,0.0,-0.19827500750264693,0.0,281.0,408.0,68.0,53.0,128.0,9.0,39.31297860024607,27.51908502017246,7.862595720053264,0.0,-3.9312978600210453,0.0,ID_NORMAL_001,JOINT2_SWEEP_MEDIUM,RUN_01,50.0,0.0,NORMAL,NONE,COLD
508880.7664116,13.98,-30.23,105.19,-0.0,68.19,-0.0,0.0,0.0,0.0,0.0,0.0,0.0,227.0,300.0,100.0,53.0,100.0,9.0,0.0,0.0,0.0,0.0,0.0,0.0,ID_NORMAL_001,JOINT2_SWEEP_MEDIUM,RUN_01,50.0,0.0,NORMAL,NONE,COLD
508880.8030872,14.04,-30.18,105.2,-0.0,68.19,-0.0,1.6359650564217474,1.363304213684838,0.2726608427371032,0.0,0.0,0.0,509.0,559.0,30.0,53.0,116.0,9.0,44.60636109721781,37.171967581016155,7.43439351620693,0.0,0.0,0.0,ID_NORMAL_001,JOINT2_SWEEP_MEDIUM,RUN_01,50.0,0.0,NORMAL,NONE,COLD
508880.8666472,14.14,-30.11,105.22,-0.0,68.18,-0.0,1.5733165503320485,1.1013215852324227,0.3146633100663426,0.0,-0.15733165503305951,0.0,423.0,56.0,21.0,53.0,323.0,9.0,-0.9856593148449992,-4.121816052436707,0.6608317700387256,0.0,-2.4753249675464155,0.0,ID_NORMAL_001,JOINT2_SWEEP_MEDIUM,RUN_01,50.0,0.0,NORMAL,NONE,COLD
508880.8666472,14.25,-30.04,105.25,-0.0,68.17,-0.0,0.0,0.0,0.0,0.0,0.0,0.0,466.0,331.0,54.0,53.0,459.0,9.0,0.0,0.0,0.0,0.0,0.0,0.0,ID_NORMAL_001,JOINT2_SWEEP_MEDIUM,RUN_01,50.0,0.0,NORMAL,NONE,COLD
508880.9061764,14.31,-29.99,105.26,-0.0,68.16,-0.0,1.517865274162429,1.2648877284686983,0.2529775456938655,0.0,-0.2529775456938655,0.0,564.0,255.0,27.0,52.0,494.0,9.0,38.39858317513611,31.99881931261362,6.399763862525907,0.0,-6.399763862525907,0.0,ID_NORMAL_001,JOINT2_SWEEP_MEDIUM,RUN_01,50.0,0.0,NORMAL,NONE,COLD
508880.9061764,14.42,-29.92,105.28,-0.0,68.15,-0.0,0.0,0.0,0.0,0.0,0.0,0.0,242.0,437.0,28.0,51.0,412.0,9.0,0.0,0.0,0.0,0.0,0.0,0.0,ID_NORMAL_001,JOINT2_SWEEP_MEDIUM,RUN_01,50.0,0.0,NORMAL,NONE,COLD
508880.9533931,14.51,-29.84,105.31,-0.0,68.14,-0.0,1.9061052558375322,1.694315782966737,0.6353684186125358,0.0,-0.2117894728709456,0.0,285.0,439.0,11.0,53.0,453.0,9.0,40.36930273701633,35.88382465512651,13.456434245672641,0.0,-4.485478081893006,0.0,ID_NORMAL_001,JOINT2_SWEEP_MEDIUM,RUN_01,50.0,0.0,NORMAL,NONE,COLD
508880.9533931,14.62,-29.77,105.33,-0.0,68.13,-0.0,0.0,0.0,0.0,0.0,0.0,0.0,102.0,129.0,10.0,54.0,468.0,9.0,0.0,0.0,0.0,0.0,0.0,0.0,ID_NORMAL_001,JOINT2_SWEEP_MEDIUM,RUN_01,50.0,0.0,NORMAL,NONE,COLD
508880.9983622,14.68,-29.72,105.34,-0.0,68.13,-0.0,1.3342495185588505,1.1118745987990488,0.22237491975992035,0.0,0.0,0.0,291.0,80.0,28.0,53.0,352.0,9.0,29.670362962908495,24.725302469090565,4.945060493820572,0.0,0.0,0.0,ID_NORMAL_001,JOINT2_SWEEP_MEDIUM,RUN_01,50.0,0.0,NORMAL,NONE,COLD
508881.0039336,14.79,-29.65,105.37,-0.0,68.11,-0.0,19.743691028712018,12.5641670182714,5.384643007830782,0.0,-3.5897620052196713,0.0,127.0,267.0,18.0,53.0,430.0,9.0,3304.275683523742,2055.5502100047643,926.5656921659231,0.0,-644.3195627060659,0.0,ID_NORMAL_001,JOINT2_SWEEP_MEDIUM,RUN_01,50.0,0.0,NORMAL,NONE,COLD
508881.0445582,14.89,-29.58,105.39,-0.0,68.1,-0.0,2.4615626972372926,1.7230938880660873,0.4923125394473536,0.0,-0.2461562697238517,0.0,257.0,312.0,18.0,54.0,362.0,9.0,-425.4104242962535,-266.8598121533455,-120.42778183529929,0.0,82.30495152765054,0.0,ID_NORMAL_001,JOINT2_SWEEP_MEDIUM,RUN_01,50.0,0.0,NORMAL,NONE,COLD
508881.1042616,14.99,-29.51,105.41,-0.0,68.1,-0.0,1.6749464851985478,1.172462539638933,0.33498929703964414,0.0,0.0,0.0,293.0,150.0,22.0,53.0,377.0,9.0,-13.175400595544959,-9.222780416882024,-2.63508011910833,0.0,4.1229857878355265,0.0,ID_NORMAL_001,JOINT2_SWEEP_MEDIUM,RUN_01,50.0,0.0,NORMAL,NONE,COLD
508881.1042616,15.06,-29.46,105.42,-0.0,68.09,-0.0,0.0,0.0,0.0,0.0,0.0,0.0,427.0,575.0,10.0,53.0,342.0,9.0,0.0,0.0,0.0,0.0,0.0,0.0,ID_NORMAL_001,JOINT2_SWEEP_MEDIUM,RUN_01,50.0,0.0,NORMAL,NONE,COLD
508881.138513,15.16,-29.39,105.45,-0.0,68.08,-0.0,2.919588690175707,2.0437120831230104,0.8758766070527483,0.0,-0.29195886901772106,0.0,226.0,346.0,20.0,50.0,279.0,9.0,85.2399811980193,59.66798683861396,25.571994359406848,0.0,-8.52399811980632,0.0,ID_NORMAL_001,JOINT2_SWEEP_MEDIUM,RUN_01,50.0,0.0,NORMAL,NONE,COLD
508881.138513,15.26,-29.31,105.47,-0.0,68.07,-0.0,0.0,0.0,0.0,0.0,0.0,0.0,233.0,365.0,17.0,52.0,287.0,9.0,0.0,0.0,0.0,0.0,0.0,0.0,ID_NORMAL_001,JOINT2_SWEEP_MEDIUM,RUN_01,50.0,0.0,NORMAL,NONE,COLD
508881.1868578,15.36,-29.24,105.49,-0.0,68.06,-0.0,2.0684747887484733,1.4479323521239422,0.41369495774961385,0.0,-0.20684747887465993,0.0,226.0,315.0,6.0,52.0,302.0,9.0,42.78587951688056,29.95011566181662,8.557175903374441,0.0,-4.27858795168418,0.0,ID_NORMAL_001,JOINT2_SWEEP_MEDIUM,RUN_01,50.0,0.0,NORMAL,NONE,COLD
508881.2050315,15.43,-29.19,105.5,-0.0,68.05,-0.0,3.8517197878204614,2.7512284198715906,0.5502456839746309,0.0,-0.5502456839746309,0.0,293.0,327.0,6.0,52.0,260.0,9.0,98.12228642082042,71.71330362188849,7.513644774887865,0.0,-18.895338024079745,0.0,ID_NORMAL_001,JOINT2_SWEEP_MEDIUM,RUN_01,50.0,0.0,NORMAL,NONE,COLD
508881.2481823,15.53,-29.12,105.53,-0.0,68.04,-0.0,2.317454138160772,1.6222178967125527,0.6952362414482604,0.0,-0.23174541381586725,0.0,276.0,209.0,101.0,54.0,274.0,9.0,-35.55590278841785,-26.164301089219798,3.3600896741150095,0.0,7.381097690847533,0.0,ID_NORMAL_001,JOINT2_SWEEP_MEDIUM,RUN_01,50.0,0.0,NORMAL,NONE,COLD
508881.2481823,15.63,-29.05,105.56,-0.0,68.03,-0.0,0.0,0.0,0.0,0.0,0.0,0.0,330.0,246.0,27.0,54.0,452.0,9.0,0.0,0.0,0.0,0.0,0.0,0.0,ID_NORMAL_001,JOINT2_SWEEP_MEDIUM,RUN_01,50.0,0.0,NORMAL,NONE,COLD
508881.2954266,15.7,-29.0,105.56,-0.0,68.03,-0.0,1.4816602227036229,1.0583287305026254,0.0,0.0,0.0,0.0,237.0,398.0,21.0,52.0,319.0,9.0,31.3616716506028,22.401194036145654,0.0,0.0,0.0,0.0,ID_NORMAL_001,JOINT2_SWEEP_MEDIUM,RUN_01,50.0,0.0,NORMAL,NONE,COLD
508881.3431056,15.8,-28.93,105.59,-0.0,68.02,-0.0,2.0973594240337907,1.4681515968236385,0.6292078272101521,0.0,-0.2097359424034834,0.0,303.0,571.0,51.0,52.0,306.0,9.0,12.913425222798875,8.595458508629049,13.196749660750188,0.0,-4.3989165535854795,0.0,ID_NORMAL_001,JOINT2_SWEEP_MEDIUM,RUN_01,50.0,0.0,NORMAL,NONE,COLD
508881.3431056,15.9,-28.85,105.62,-0.0,68.01,-0.0,0.0,0.0,0.0,0.0,0.0,0.0,459.0,251.0,126.0,53.0,407.0,9.0,0.0,0.0,0.0,0.0,0.0,0.0,ID_NORMAL_001,JOINT2_SWEEP_MEDIUM,RUN_01,50.0,0.0,NORMAL,NONE,COLD
508881.3965259,16.0,-28.78,105.63,-0.0,68.0,-0.0,1.8719475550482174,1.3103632885337622,0.18719475550465217,0.0,-0.18719475550491818,0.0,306.0,449.0,25.0,52.0,388.0,9.0,35.04187648851011,24.52931354195727,3.504187648847837,0.0,-3.5041876488528167,0.0,ID_NORMAL_001,JOINT2_SWEEP_MEDIUM,RUN_01,50.0,0.0,NORMAL,NONE,COLD
508881.3965259,16.07,-28.74,105.65,-0.0,67.99,-0.0,0.0,0.0,0.0,0.0,0.0,0.0,199.0,560.0,19.0,52.0,413.0,9.0,0.0,0.0,0.0,0.0,0.0,0.0,ID_NORMAL_001,JOINT2_SWEEP_MEDIUM,RUN_01,50.0,0.0,NORMAL,NONE,COLD
508881.4124514,16.17,-28.66,105.68,-0.0,67.98,-0.0,6.279237693423784,5.023390154738849,1.8837713080271798,0.0,-0.6279237693417984,0.0,195.0,215.0,114.0,53.0,464.0,9.0,394.2882601051349,315.4306080840967,118.28647803154325,0.0,-39.42882601047707,0.0,ID_NORMAL_001,JOINT2_SWEEP_MEDIUM,RUN_01,50.0,0.0,NORMAL,NONE,COLD
508881.4667236,16.27,-28.59,105.7,-0.0,67.97,-0.0,1.8425639652559498,1.2897947756791974,0.3685127930511245,0.0,-0.18425639652569317,0.0,145.0,499.0,7.0,53.0,585.0,9.0,-81.74855137119997,-68.7938830630159,-27.91960737742182,0.0,8.1748551371075,0.0,ID_NORMAL_001,JOINT2_SWEEP_MEDIUM,RUN_01,50.0,0.0,NORMAL,NONE,COLD
508881.4667236,16.37,-28.52,105.72,-0.0,67.96,-0.0,0.0,0.0,0.0,0.0,0.0,0.0,212.0,339.0,4.0,51.0,474.0,9.0,0.0,0.0,0.0,0.0,0.0,0.0,ID_NORMAL_001,JOINT2_SWEEP_MEDIUM,RUN_01,50.0,0.0,NORMAL,NONE,COLD
508881.5129626,16.44,-28.47,105.74,-0.0,67.95,-0.0,1.5138735703093462,1.081338264506687,0.43253530580258254,0.0,-0.21626765290113759,0.0,178.0,147.0,15.0,54.0,228.0,9.0,32.74018838401654,23.385848845726336,9.35433953828854,0.0,-4.677169769140947,0.0,ID_NORMAL_001,JOINT2_SWEEP_MEDIUM,RUN_01,50.0,0.0,NORMAL,NONE,COLD
508881.5560264,16.54,-28.4,105.76,-0.0,67.94,-0.0,2.3221359922098737,1.625495194546953,0.46442719844222224,0.0,-0.23221359922111112,0.0,562.0,82.0,13.0,51.0,106.0,9.0,18.76895261045977,12.636063926569589,0.740573117582021,0.0,-0.3702865587945792,0.0,ID_NORMAL_001,JOINT2_SWEEP_MEDIUM,RUN_01,50.0,0.0,NORMAL,NONE,COLD
508881.5560264,16.64,-28.33,105.78,-0.0,67.93,-0.0,0.0,0.0,0.0,0.0,0.0,0.0,79.0,115.0,5.0,53.0,78.0,9.0,0.0,0.0,0.0,0.0,0.0,0.0,ID_NORMAL_001,JOINT2_SWEEP_MEDIUM,RUN_01,50.0,0.0,NORMAL,NONE,COLD
508881.5937995,16.74,-28.25,105.81,-0.0,67.93,-0.0,2.6473866309565546,2.1179093047652437,0.7942159892870134,0.0,0.0,0.0,425.0,133.0,16.0,52.0,215.0,9.0,70.08655973767647,56.06924779014117,21.025967921304183,0.0,0.0,0.0,ID_NORMAL_001,JOINT2_SWEEP_MEDIUM,RUN_01,50.0,0.0,NORMAL,NONE,COLD
508881.6079995,16.81,-28.2,105.82,-0.0,67.92,-0.0,4.929577473130196,3.5211267665216037,0.7042253533036703,0.0,-0.7042253533046711,0.0,560.0,237.0,38.0,51.0,293.0,9.0,160.7176652137595,98.81813127681508,-6.3373687419449425,0.0,-49.593334823683506,0.0,ID_NORMAL_001,JOINT2_SWEEP_MEDIUM,RUN_01,50.0,0.0,NORMAL,NONE,COLD
508881.6579515,16.91,-28.13,105.84,-0.0,67.91,-0.0,2.001921846088996,1.4013452922622829,0.4003843692179983,0.0,-0.20019218460899915,0.0,183.0,10.0,11.0,53.0,359.0,9.0,-58.60937757599071,-42.43636842254413,-6.08265903778277,0.0,10.090350115653115,0.0,ID_NORMAL_001,JOINT2_SWEEP_MEDIUM,RUN_01,50.0,0.0,NORMAL,NONE,COLD
508881.7011372,17.01,-28.06,105.86,-0.0,67.9,-0.0,2.3155813139236296,1.6209069197465242,0.4631162627846272,0.0,-0.23155813139214906,0.0,294.0,258.0,5.0,52.0,332.0,9.0,7.26304002653097,5.084128018571628,1.4526080052992976,0.0,-0.7263040026458388,0.0,ID_NORMAL_001,JOINT2_SWEEP_MEDIUM,RUN_01,50.0,0.0,NORMAL,NONE,COLD
508881.7011372,17.12,-27.99,105.88,-0.0,67.89,-0.0,0.0,0.0,0.0,0.0,0.0,0.0,42.0,225.0,58.0,53.0,371.0,9.0,0.0,0.0,0.0,0.0,0.0,0.0,ID_NORMAL_001,JOINT2_SWEEP_MEDIUM,RUN_01,50.0,0.0,NORMAL,NONE,COLD
508881.7498509,17.18,-27.94,105.89,-0.0,67.88,-0.0,1.231686362602353,1.026405302168591,0.2052810604338349,0.0,-0.2052810604338349,0.0,81.0,185.0,10.0,53.0,369.0,9.0,25.284188263677457,21.070156886397132,4.214031377281822,0.0,-4.214031377281822,0.0,ID_NORMAL_001,JOINT2_SWEEP_MEDIUM,RUN_01,50.0,0.0,NORMAL,NONE,COLD
508881.7498509,17.28,-27.87,105.92,-0.0,67.87,-0.0,0.0,0.0,0.0,0.0,0.0,0.0,466.0,35.0,18.0,53.0,274.0,9.0,0.0,0.0,0.0,0.0,0.0,0.0,ID_NORMAL_001,JOINT2_SWEEP_MEDIUM,RUN_01,50.0,0.0,NORMAL,NONE,COLD
508881.7928011,17.39,-27.8,105.94,-0.0,67.86,-0.0,2.561105654073805,1.6297945071378908,0.46565557346787423,0.0,-0.23282778673410257,0.0,227.0,293.0,39.0,53.0,299.0,9.0,59.6296561029895,37.94614479281185,10.841755655086898,0.0,-5.420877827547301,0.0,ID_NORMAL_001,JOINT2_SWEEP_MEDIUM,RUN_01,50.0,0.0,NORMAL,NONE,COLD
508881.8095493,17.49,-27.72,105.96,-0.0,67.85,-0.0,5.97079089236135,4.776632713889292,1.1941581784720579,0.0,-0.5970790892364533,0.0,428.0,378.0,10.0,54.0,200.0,9.0,203.5851756658665,187.8911290460639,43.49736719020591,0.0,-21.74868359511841,0.0,ID_NORMAL_001,JOINT2_SWEEP_MEDIUM,RUN_01,50.0,0.0,NORMAL,NONE,COLD
508881.8558318,17.55,-27.67,105.98,-0.0,67.85,-0.0,1.2963863223229593,1.0803219352690303,0.43212877410785777,0.0,0.0,0.0,362.0,235.0,38.0,52.0,170.0,9.0,-100.99723582669122,-79.8641122743009,-16.46474161709372,0.0,12.900752743852639,0.0,ID_NORMAL_001,JOINT2_SWEEP_MEDIUM,RUN_01,50.0,0.0,NORMAL,NONE,COLD
508881.8558318,17.66,-27.6,106.0,-0.0,67.84,-0.0,0.0,0.0,0.0,0.0,0.0,0.0,330.0,353.0,53.0,52.0,105.0,9.0,0.0,0.0,0.0,0.0,0.0,0.0,ID_NORMAL_001,JOINT2_SWEEP_MEDIUM,RUN_01,50.0,0.0,NORMAL,NONE,COLD
508881.9031144,17.76,-27.53,106.02,-0.0,67.83,-0.0,2.114942919459576,1.4804600436216884,0.4229885838918251,0.0,-0.2114942919460628,0.0,455.0,104.0,13.0,52.0,121.0,9.0,44.72983552572132,31.310884868004607,8.945967105142357,0.0,-4.472983552574357,0.0,ID_NORMAL_001,JOINT2_SWEEP_MEDIUM,RUN_01,50.0,0.0,NORMAL,NONE,COLD
508881.9545363,17.82,-27.48,106.04,-0.0,67.82,-0.0,1.166818029148835,0.9723483576240638,0.388939343049819,0.0,-0.1944696715249095,0.0,255.0,87.0,9.0,52.0,117.0,9.0,-18.438153598322632,-9.881231267387545,-0.6621544682214073,0.0,0.33107723411362594,0.0,ID_NORMAL_001,JOINT2_SWEEP_MEDIUM,RUN_01,50.0,0.0,NORMAL,NONE,COLD
508881.9545363,17.93,-27.41,106.06,-0.0,67.81,-0.0,0.0,0.0,0.0,0.0,0.0,0.0,88.0,181.0,16.0,53.0,50.0,9.0,0.0,0.0,0.0,0.0,0.0,0.0,ID_NORMAL_001,JOINT2_SWEEP_MEDIUM,RUN_01,50.0,0.0,NORMAL,NONE,COLD
508881.9976075,18.03,-27.34,106.08,-0.0,67.8,-0.0,2.3217370295153277,1.6252159206607129,0.4643474059029665,0.0,-0.23217370295164824,0.0,349.0,281.0,26.0,53.0,99.0,9.0,53.904628342225806,37.73323983955768,10.780925668442862,0.0,-5.390462834225262,0.0,ID_NORMAL_001,JOINT2_SWEEP_MEDIUM,RUN_01,50.0,0.0,NORMAL,NONE,COLD
508881.9976075,18.13,-27.26,106.11,-0.0,67.8,-0.0,0.0,0.0,0.0,0.0,0.0,0.0,449.0,277.0,10.0,52.0,131.0,9.0,0.0,0.0,0.0,0.0,0.0,0.0,ID_NORMAL_001,JOINT2_SWEEP_MEDIUM,RUN_01,50.0,0.0,NORMAL,NONE,COLD
508882.0131507,18.19,-27.21,106.13,-0.0,67.79,-0.0,3.8602089616528388,3.2168408013772893,1.2867363205506415,0.0,-0.6433681602748637,0.0,228.0,195.0,7.0,52.0,191.0,9.0,248.3535537937387,206.96129482811068,82.78451793122663,0.0,-41.392258965583906,0.0,ID_NORMAL_001,JOINT2_SWEEP_MEDIUM,RUN_01,50.0,0.0,NORMAL,NONE,COLD
508882.059663,18.3,-27.14,106.14,-0.0,67.78,-0.0,2.3649658275666434,1.5049782539060599,0.21499689341526051,0.0,-0.21499689341526051,0.0,480.0,275.0,9.0,54.0,228.0,9.0,-32.147262872886536,-36.804512966006,-23.042064738463996,0.0,9.20984916031271,0.0,ID_NORMAL_001,JOINT2_SWEEP_MEDIUM,RUN_01,50.0,0.0,NORMAL,NONE,COLD
508882.0951791,18.4,-27.07,106.17,-0.0,67.77,-0.0,2.815624462929415,1.9709371240506404,0.8446873388788745,0.0,-0.2815624462930915,0.0,574.0,271.0,13.0,52.0,217.0,9.0,12.688854781578335,13.119651934980594,17.729718223203097,0.0,-1.8742359907124648,0.0,ID_NORMAL_001,JOINT2_SWEEP_MEDIUM,RUN_01,50.0,0.0,NORMAL,NONE,COLD
508882.0951791,18.5,-27.0,106.19,-0.0,67.76,-0.0,0.0,0.0,0.0,0.0,0.0,0.0,191.0,179.0,44.0,53.0,324.0,9.0,0.0,0.0,0.0,0.0,0.0,0.0,ID_NORMAL_001,JOINT2_SWEEP_MEDIUM,RUN_01,50.0,0.0,NORMAL,NONE,COLD
508882.1386396,18.57,-26.95,106.21,-0.0,67.75,-0.0,1.6106579530649077,1.1504699664749458,0.4601879865898802,0.0,-0.23009399329510358,0.0,190.0,65.0,9.0,54.0,408.0,9.0,37.060272025303256,26.47162287521688,10.588649150084494,0.0,-5.294324575046009,0.0,ID_NORMAL_001,JOINT2_SWEEP_MEDIUM,RUN_01,50.0,0.0,NORMAL,NONE,COLD
508882.1885094,18.67,-26.88,106.23,-0.0,67.74,-0.0,2.0052215975822776,1.4036551183075803,0.40104431951665503,0.0,-0.20052215975832752,0.0,325.0,548.0,25.0,53.0,303.0,9.0,7.911875416069952,5.076923346419396,-1.1859615857544523,0.0,0.5929807928805043,0.0,ID_NORMAL_001,JOINT2_SWEEP_MEDIUM,RUN_01,50.0,0.0,NORMAL,NONE,COLD
508882.1885094,18.77,-26.81,106.26,-0.0,67.73,-0.0,0.0,0.0,0.0,0.0,0.0,0.0,159.0,495.0,35.0,53.0,260.0,9.0,0.0,0.0,0.0,0.0,0.0,0.0,ID_NORMAL_001,JOINT2_SWEEP_MEDIUM,RUN_01,50.0,0.0,NORMAL,NONE,COLD
508882.2145771,18.87,-26.73,106.27,-0.0,67.72,-0.0,3.836165061891534,3.068932049513118,0.383616506188799,0.0,-0.3836165061893442,0.0,286.0,282.0,20.0,52.0,207.0,9.0,147.16162382077067,117.72929905661233,14.716162382063471,0.0,-14.716162382084384,0.0,ID_NORMAL_001,JOINT2_SWEEP_MEDIUM,RUN_01,50.0,0.0,NORMAL,NONE,COLD
508882.2626439,18.94,-26.68,106.29,-0.0,67.71,-0.0,1.4563066400909852,1.0402190286364286,0.41608761145477835,0.0,-0.20804380572738917,0.0,427.0,253.0,67.0,54.0,212.0,9.0,-49.51148031635111,-42.20611775916789,0.6755412315705556,0.0,3.652681278592137,0.0,ID_NORMAL_001,JOINT2_SWEEP_MEDIUM,RUN_01,50.0,0.0,NORMAL,NONE,COLD
508882.2626439,19.04,-26.61,106.31,-0.0,67.71,-0.0,0.0,0.0,0.0,0.0,0.0,0.0,213.0,390.0,34.0,53.0,260.0,9.0,0.0,0.0,0.0,0.0,0.0,0.0,ID_NORMAL_001,JOINT2_SWEEP_MEDIUM,RUN_01,50.0,0.0,NORMAL,NONE,COLD
508882.3092009,19.14,-26.54,106.34,-0.0,67.7,-0.0,2.1479047178711603,1.5035333025097968,0.6443714153613633,0.0,-0.21479047178691762,0.0,418.0,390.0,25.0,54.0,288.0,9.0,46.13494677053123,32.29446273937153,13.840484031159695,0.0,-4.613494677048862,0.0,ID_NORMAL_001,JOINT2_SWEEP_MEDIUM,RUN_01,50.0,0.0,NORMAL,NONE,COLD
508882.3556429,19.21,-26.49,106.36,-0.0,67.69,-0.0,1.5072563639903953,1.076611688564579,0.4306446754257398,0.0,-0.2153223377130229,0.0,426.0,297.0,36.0,53.0,230.0,9.0,-13.794590120953572,-9.192575993485397,-4.60201412746982,0.0,-0.011452261455882967,0.0,ID_NORMAL_001,JOINT2_SWEEP_MEDIUM,RUN_01,50.0,0.0,NORMAL,NONE,COLD
508882.3556429,19.31,-26.42,106.37,-0.0,67.68,-0.0,0.0,0.0,0.0,0.0,0.0,0.0,476.0,375.0,8.0,54.0,119.0,9.0,0.0,0.0,0.0,0.0,0.0,0.0,ID_NORMAL_001,JOINT2_SWEEP_MEDIUM,RUN_01,50.0,0.0,NORMAL,NONE,COLD
508882.4048686,19.41,-26.35,106.39,-0.0,67.67,-0.0,2.0314591755890463,1.422021422912318,0.40629183511772266,0.0,-0.20314591755900566,0.0,354.0,278.0,66.0,52.0,171.0,9.0,41.26826382084869,28.887784674593792,8.25365276416798,0.0,-4.1268263820869215,0.0,ID_NORMAL_001,JOINT2_SWEEP_MEDIUM,RUN_01,50.0,0.0,NORMAL,NONE,COLD
508882.4048686,19.51,-26.27,106.41,-0.0,67.66,-0.0,0.0,0.0,0.0,0.0,0.0,0.0,206.0,560.0,10.0,52.0,248.0,9.0,0.0,0.0,0.0,0.0,0.0,0.0,ID_NORMAL_001,JOINT2_SWEEP_MEDIUM,RUN_01,50.0,0.0,NORMAL,NONE,COLD
508882.422621,19.58,-26.23,106.44,-0.0,67.65,-0.0,3.943128825461883,2.253216471692562,1.6899123537695215,0.0,-0.5633041179226401,0.0,72.0,137.0,74.0,53.0,218.0,9.0,222.11807048841624,126.92461170766964,95.19345878075787,0.0,-31.731152926889227,0.0,ID_NORMAL_001,JOINT2_SWEEP_MEDIUM,RUN_01,50.0,0.0,NORMAL,NONE,COLD
508882.4659028,19.68,-26.15,106.45,-0.0,67.64,-0.0,2.310439954125374,1.8483519633003154,0.2310439954126523,0.0,-0.2310439954126523,0.0,197.0,261.0,18.0,52.0,334.0,9.0,-37.72229600991679,-9.35415136196761,-33.70627742956957,0.0,7.676670622096564,0.0,ID_NORMAL_001,JOINT2_SWEEP_MEDIUM,RUN_01,50.0,0.0,NORMAL,NONE,COLD
508882.5122922,19.78,-26.08,106.48,-0.0,67.63,-0.0,2.1556648704295824,1.5089654093006923,0.64669946112889,0.0,-0.21556648704306544,0.0,252.0,158.0,30.0,52.0,246.0,9.0,-3.3364321074081142,-7.3160367195312945,8.960138856465285,0.0,0.33364321074097764,0.0,ID_NORMAL_001,JOINT2_SWEEP_MEDIUM,RUN_01,50.0,0.0,NORMAL,NONE,COLD
508882.5122922,19.88,-26.01,106.5,-0.0,67.62,-0.0,0.0,0.0,0.0,0.0,0.0,0.0,326.0,180.0,234.0,52.0,233.0,9.0,0.0,0.0,0.0,0.0,0.0,0.0,ID_NORMAL_001,JOINT2_SWEEP_MEDIUM,RUN_01,50.0,0.0,NORMAL,NONE,COLD
508882.558858,19.95,-25.96,106.51,-0.0,67.62,-0.0,1.5032491665391219,1.0737494046708123,0.21474988093426925,0.0,0.0,0.0,440.0,74.0,60.0,51.0,231.0,9.0,32.28225795286508,23.058755680618148,4.611751136125923,0.0,0.0,0.0,ID_NORMAL_001,JOINT2_SWEEP_MEDIUM,RUN_01,50.0,0.0,NORMAL,NONE,COLD
508882.6058108,20.05,-25.89,106.54,-0.0,67.61,-0.0,2.1297984354074417,1.4908589047851941,0.6389395306222476,0.0,-0.2129798435408501,0.0,169.0,9.0,258.0,53.0,300.0,9.0,13.344236525414052,8.88359160737178,9.034384522214742,0.0,-4.536041375466178,0.0,ID_NORMAL_001,JOINT2_SWEEP_MEDIUM,RUN_01,50.0,0.0,NORMAL,NONE,COLD
508882.6058108,20.15,-25.81,106.56,-0.0,67.6,-0.0,0.0,0.0,0.0,0.0,0.0,0.0,482.0,51.0,22.0,53.0,234.0,9.0,0.0,0.0,0.0,0.0,0.0,0.0,ID_NORMAL_001,JOINT2_SWEEP_MEDIUM,RUN_01,50.0,0.0,NORMAL,NONE,COLD
508882.6175435,20.25,-25.74,106.58,-0.0,67.59,-0.0,8.52318733853925,5.966231136977414,1.7046374677074867,0.0,-0.8523187338531377,0.0,490.0,347.0,89.0,52.0,209.0,9.0,726.4472240783475,508.51305685483806,145.28944481563855,0.0,-72.64472240776765,0.0,ID_NORMAL_001,JOINT2_SWEEP_MEDIUM,RUN_01,50.0,0.0,NORMAL,NONE,COLD
508882.6702489,20.32,-25.69,106.6,-0.0,67.58,-0.0,1.328137153785802,0.9486693955612293,0.3794677582244378,0.0,-0.1897338791123537,0.0,200.0,80.0,26.0,52.0,237.0,9.0,-136.51447819606307,-95.20014528841422,-25.14295894622811,0.0,12.571479473100004,0.0,ID_NORMAL_001,JOINT2_SWEEP_MEDIUM,RUN_01,50.0,0.0,NORMAL,NONE,COLD
508882.6702489,20.42,-25.62,106.62,-0.0,67.57,-0.0,0.0,0.0,0.0,0.0,0.0,0.0,233.0,132.0,7.0,52.0,167.0,10.0,0.0,0.0,0.0,0.0,0.0,0.0,ID_NORMAL_001,JOINT2_SWEEP_MEDIUM,RUN_01,50.0,0.0,NORMAL,NONE,COLD
508882.7159554,20.52,-25.55,106.64,-0.0,67.56,-0.0,2.187872621661628,1.5315108351631785,0.43757452433224786,0.0,-0.21878726216596847,0.0,500.0,59.0,10.0,53.0,178.0,9.0,47.86786608616627,33.50750626031724,9.573573217231553,0.0,-4.786786608612376,0.0,ID_NORMAL_001,JOINT2_SWEEP_MEDIUM,RUN_01,50.0,0.0,NORMAL,NONE,COLD
508882.762807,20.59,-25.5,106.66,-0.0,67.56,-0.0,1.4940791777722313,1.0671994126944617,0.4268797650776937,0.0,0.0,0.0,418.0,167.0,13.0,54.0,190.0,9.0,-14.808319117000432,-9.910257547318754,-0.2282688159073738,0.0,4.669792753770949,0.0,ID_NORMAL_001,JOINT2_SWEEP_MEDIUM,RUN_01,50.0,0.0,NORMAL,NONE,COLD
508882.762807,20.69,-25.43,106.68,-0.0,67.55,-0.0,0.0,0.0,0.0,0.0,0.0,0.0,190.0,275.0,20.0,52.0,147.0,9.0,0.0,0.0,0.0,0.0,0.0,0.0,ID_NORMAL_001,JOINT2_SWEEP_MEDIUM,RUN_01,50.0,0.0,NORMAL,NONE,COLD
508882.811633,20.79,-25.36,106.7,-0.0,67.54,-0.0,2.0480891347385577,1.4336623943170268,0.4096178269476388,0.0,-0.2048089134736739,0.0,329.0,149.0,9.0,54.0,241.0,9.0,41.94669103834224,29.362683726840313,8.389338207666958,0.0,-4.194669103830498,0.0,ID_NORMAL_001,JOINT2_SWEEP_MEDIUM,RUN_01,50.0,0.0,NORMAL,NONE,COLD
508882.811633,20.89,-25.28,106.73,-0.0,67.52,-0.0,0.0,0.0,0.0,0.0,0.0,0.0,393.0,430.0,41.0,53.0,159.0,9.0,0.0,0.0,0.0,0.0,0.0,0.0,ID_NORMAL_001,JOINT2_SWEEP_MEDIUM,RUN_01,50.0,0.0,NORMAL,NONE,COLD
508882.8327487,20.96,-25.24,106.74,-0.0,67.52,-0.0,3.3150688799153296,1.8943250742374513,0.47358126855890015,0.0,0.0,0.0,420.0,130.0,13.0,53.0,104.0,9.0,156.9954525511862,89.71168717211208,22.42792179300611,0.0,0.0,0.0,ID_NORMAL_001,JOINT2_SWEEP_MEDIUM,RUN_01,50.0,0.0,NORMAL,NONE,COLD
508882.8877596,21.06,-25.16,106.76,-0.0,67.51,-0.0,1.8178215584117117,1.4542572467293693,0.3635643116825361,0.0,-0.1817821558410097,0.0,410.0,411.0,83.0,54.0,135.0,9.0,-27.21728459303526,-7.999647840076151,-1.9999119600071043,0.0,-3.3044752182235198,0.0,ID_NORMAL_001,JOINT2_SWEEP_MEDIUM,RUN_01,50.0,0.0,NORMAL,NONE,COLD
508882.8877596,21.16,-25.09,106.79,-0.0,67.5,-0.0,0.0,0.0,0.0,0.0,0.0,0.0,284.0,291.0,39.0,53.0,318.0,9.0,0.0,0.0,0.0,0.0,0.0,0.0,ID_NORMAL_001,JOINT2_SWEEP_MEDIUM,RUN_01,50.0,0.0,NORMAL,NONE,COLD
508882.9366029,21.27,-25.02,106.82,-0.0,67.49,-0.0,2.2521000847095323,1.4331545993606247,0.6142091140114262,0.0,-0.20473637133733602,0.0,145.0,191.0,44.0,52.0,526.0,9.0,46.10867992317008,29.341887223835776,12.575094524495517,0.0,-4.19169817483581,0.0,ID_NORMAL_001,JOINT2_SWEEP_MEDIUM,RUN_01,50.0,0.0,NORMAL,NONE,COLD
508882.9823042,21.33,-24.97,106.83,-0.0,67.48,-0.0,1.3128729371976182,1.094060780998054,0.21881215619971964,0.0,-0.2188121561994087,0.0,402.0,215.0,11.0,53.0,333.0,9.0,-20.55143173082889,-7.419784954987222,-8.651766089354483,0.0,-0.3079952835871919,0.0,ID_NORMAL_001,JOINT2_SWEEP_MEDIUM,RUN_01,50.0,0.0,NORMAL,NONE,COLD
508882.9823042,21.43,-24.9,106.84,-0.0,67.47,-0.0,0.0,0.0,0.0,0.0,0.0,0.0,277.0,431.0,23.0,51.0,191.0,9.0,0.0,0.0,0.0,0.0,0.0,0.0,ID_NORMAL_001,JOINT2_SWEEP_MEDIUM,RUN_01,50.0,0.0,NORMAL,NONE,COLD
508883.0224589,21.54,-24.83,106.88,-0.0,67.46,-0.0,2.7394053502970963,1.7432579501890775,0.996147400107842,0.0,-0.24903685002713746,0.0,266.0,223.0,7.0,52.0,163.0,9.0,68.22128793851269,43.41354686996302,24.807741068545262,0.0,-6.201935267140723,0.0,ID_NORMAL_001,JOINT2_SWEEP_MEDIUM,RUN_01,50.0,0.0,NORMAL,NONE,COLD
508883.067881,21.64,-24.75,106.9,-0.0,67.46,-0.0,2.201571481900203,1.7612571855200996,0.44031429638025954,0.0,0.0,0.0,148.0,442.0,20.0,54.0,226.0,9.0,-11.840797066626507,0.3962660320078825,-12.237063098627054,0.0,5.482724269619958,0.0,ID_NORMAL_001,JOINT2_SWEEP_MEDIUM,RUN_01,50.0,0.0,NORMAL,NONE,COLD
508883.067881,21.7,-24.71,106.91,-0.0,67.45,-0.0,0.0,0.0,0.0,0.0,0.0,0.0,170.0,181.0,21.0,52.0,347.0,9.0,0.0,0.0,0.0,0.0,0.0,0.0,ID_NORMAL_001,JOINT2_SWEEP_MEDIUM,RUN_01,50.0,0.0,NORMAL,NONE,COLD
508883.1062905,21.8,-24.64,106.94,-0.0,67.44,-0.0,2.6035225637547206,1.822465794628286,0.7810567691264347,0.0,-0.26035225637560155,0.0,414.0,427.0,4.0,53.0,318.0,9.0,67.78329739979857,47.44830817985852,20.334989219940056,0.0,-6.778329739983229,0.0,ID_NORMAL_001,JOINT2_SWEEP_MEDIUM,RUN_01,50.0,0.0,NORMAL,NONE,COLD
508883.1062905,21.91,-24.56,106.95,-0.0,67.43,-0.0,0.0,0.0,0.0,0.0,0.0,0.0,320.0,224.0,11.0,51.0,176.0,9.0,0.0,0.0,0.0,0.0,0.0,0.0,ID_NORMAL_001,JOINT2_SWEEP_MEDIUM,RUN_01,50.0,0.0,NORMAL,NONE,COLD
508883.1624221,21.97,-24.51,106.97,-0.0,67.42,-0.0,1.0689166174759357,0.8907638478965815,0.35630553915858193,0.0,-0.17815276957941756,0.0,267.0,195.0,5.0,51.0,165.0,9.0,19.043045585270338,15.869204654391384,6.347681861755651,0.0,-3.173840930880081,0.0,ID_NORMAL_001,JOINT2_SWEEP_MEDIUM,RUN_01,50.0,0.0,NORMAL,NONE,COLD
508883.1890713,22.08,-24.44,106.99,-0.0,67.41,-0.0,4.127703653625875,2.6267205068528536,0.7504915733863773,0.0,-0.37524578669345526,0.0,130.0,170.0,7.0,53.0,169.0,9.0,114.77969477072389,65.14104221554553,14.791664851730667,0.0,-7.395832425870588,0.0,ID_NORMAL_001,JOINT2_SWEEP_MEDIUM,RUN_01,50.0,0.0,NORMAL,NONE,COLD
508883.1890713,22.18,-24.37,107.02,-0.0,67.4,-0.0,0.0,0.0,0.0,0.0,0.0,0.0,175.0,368.0,12.0,52.0,58.0,9.0,0.0,0.0,0.0,0.0,0.0,0.0,ID_NORMAL_001,JOINT2_SWEEP_MEDIUM,RUN_01,50.0,0.0,NORMAL,NONE,COLD
508883.2233617,22.28,-24.3,107.04,-0.0,67.39,-0.0,2.9162681063965716,2.0413876744775794,0.5832536212796045,0.0,-0.2916268106398022,0.0,68.0,288.0,12.0,53.0,39.0,9.0,85.04619668385725,59.53233767869947,17.00923933677991,0.0,-8.504619668389955,0.0,ID_NORMAL_001,JOINT2_SWEEP_MEDIUM,RUN_01,50.0,0.0,NORMAL,NONE,COLD
508883.2773975,22.34,-24.25,107.05,-0.0,67.39,-0.0,1.11037497393093,0.9253124782758079,0.18506249565499064,0.0,0.0,0.0,246.0,372.0,27.0,53.0,61.0,9.0,-33.42030899806041,-20.654366114792104,-7.369024345582794,0.0,5.396918537695626,0.0,ID_NORMAL_001,JOINT2_SWEEP_MEDIUM,RUN_01,50.0,0.0,NORMAL,NONE,COLD
508883.2773975,22.45,-24.18,107.07,-0.0,67.38,-0.0,0.0,0.0,0.0,0.0,0.0,0.0,359.0,350.0,28.0,52.0,77.0,9.0,0.0,0.0,0.0,0.0,0.0,0.0,ID_NORMAL_001,JOINT2_SWEEP_MEDIUM,RUN_01,50.0,0.0,NORMAL,NONE,COLD
508883.3252724,22.55,-24.11,107.1,-0.0,67.37,-0.0,2.088777209434655,1.4621440466042437,0.6266331628304114,0.0,-0.20887772094327256,0.0,207.0,417.0,4.0,53.0,213.0,9.0,43.62990230653562,30.540931614574628,13.088970691960998,0.0,-4.362990230649532,0.0,ID_NORMAL_001,JOINT2_SWEEP_MEDIUM,RUN_01,50.0,0.0,NORMAL,NONE,COLD
508883.3725423,22.65,-24.03,107.12,-0.0,67.36,-0.0,2.1155111375065303,1.6924089100052242,0.42310222750153154,0.0,-0.21155111375076577,0.0,489.0,371.0,16.0,53.0,376.0,9.0,0.5655592258535224,4.871278831012045,-4.305719605153758,0.0,-0.05655592259181853,0.0,ID_NORMAL_001,JOINT2_SWEEP_MEDIUM,RUN_01,50.0,0.0,NORMAL,NONE,COLD
508883.3725423,22.72,-23.98,107.13,-0.0,67.35,-0.0,0.0,0.0,0.0,0.0,0.0,0.0,121.0,289.0,12.0,53.0,486.0,9.0,0.0,0.0,0.0,0.0,0.0,0.0,ID_NORMAL_001,JOINT2_SWEEP_MEDIUM,RUN_01,50.0,0.0,NORMAL,NONE,COLD
508883.4178173,22.82,-23.91,107.16,-0.0,67.34,-0.0,2.208724462491238,1.5461071237438506,0.662617338747387,0.0,-0.22087244624891975,0.0,586.0,447.0,5.0,53.0,300.0,9.0,48.78463751207138,34.149246258449615,14.63539125362176,0.0,-4.878463751202632,0.0,ID_NORMAL_001,JOINT2_SWEEP_MEDIUM,RUN_01,50.0,0.0,NORMAL,NONE,COLD
508883.4178173,22.92,-23.84,107.19,-0.0,67.33,-0.0,0.0,0.0,0.0,0.0,0.0,0.0,156.0,427.0,27.0,51.0,237.0,9.0,0.0,0.0,0.0,0.0,0.0,0.0,ID_NORMAL_001,JOINT2_SWEEP_MEDIUM,RUN_01,50.0,0.0,NORMAL,NONE,COLD
508883.4408995,23.02,-23.77,107.21,-0.0,67.32,-0.0,4.332342676208117,3.0326398733457585,0.8664685352414694,0.0,-0.4332342676210425,0.0,138.0,375.0,73.0,53.0,305.0,9.0,187.69193064094506,131.38435144866486,37.53838612818234,0.0,-18.769193064104506,0.0,ID_NORMAL_001,JOINT2_SWEEP_MEDIUM,RUN_01,50.0,0.0,NORMAL,NONE,COLD
508883.4799649,23.09,-23.72,107.22,-0.0,67.32,-0.0,1.791866970783154,1.2799049791308372,0.25598099582629474,0.0,0.0,0.0,280.0,168.0,17.0,51.0,324.0,9.0,-65.03135009468579,-44.866682364040145,-15.627320827896083,0.0,11.08997392516532,0.0,ID_NORMAL_001,JOINT2_SWEEP_MEDIUM,RUN_01,50.0,0.0,NORMAL,NONE,COLD
508883.5346992,23.19,-23.64,107.24,-0.0,67.31,-0.0,1.8270079271500166,1.4616063417199612,0.3654015854299254,0.0,-0.1827007927148329,0.0,192.0,78.0,12.0,52.0,359.0,9.0,0.642028058498898,3.319698298242842,1.9991228459925905,0.0,-3.3379579658658693,0.0,ID_NORMAL_001,JOINT2_SWEEP_MEDIUM,RUN_01,50.0,0.0,NORMAL,NONE,COLD
508883.5346992,23.29,-23.57,107.27,-0.0,67.3,-0.0,0.0,0.0,0.0,0.0,0.0,0.0,219.0,252.0,22.0,52.0,350.0,9.0,0.0,0.0,0.0,0.0,0.0,0.0,ID_NORMAL_001,JOINT2_SWEEP_MEDIUM,RUN_01,50.0,0.0,NORMAL,NONE,COLD
508883.574687,23.36,-23.53,107.28,-0.0,67.29,-0.0,1.750533912731192,1.0003050929892272,0.2500762732474401,0.0,-0.2500762732470847,0.0,235.0,199.0,14.0,54.0,364.0,9.0,43.776699708885204,25.015256976505196,6.253814244129632,0.0,-6.253814244120745,0.0,ID_NORMAL_001,JOINT2_SWEEP_MEDIUM,RUN_01,50.0,0.0,NORMAL,NONE,COLD
508883.574687,23.46,-23.45,107.31,-0.0,67.28,-0.0,0.0,0.0,0.0,0.0,0.0,0.0,444.0,180.0,16.0,52.0,284.0,9.0,0.0,0.0,0.0,0.0,0.0,0.0,ID_NORMAL_001,JOINT2_SWEEP_MEDIUM,RUN_01,50.0,0.0,NORMAL,NONE,COLD
508883.6271916,23.56,-23.38,107.33,-0.0,67.27,-0.0,1.9045950271383116,1.333216518996852,0.38091900542759466,0.0,-0.19045950271393267,0.0,286.0,240.0,5.0,54.0,233.0,9.0,36.27482217400063,25.392375521801085,7.254964434798838,0.0,-3.6274822174019965,0.0,ID_NORMAL_001,JOINT2_SWEEP_MEDIUM,RUN_01,50.0,0.0,NORMAL,NONE,COLD
508883.6283994,23.66,-23.31,107.35,-0.0,67.26,-0.0,82.79516476411557,57.95661533488031,16.559032952819585,0.0,-8.27951647640391,0.0,171.0,389.0,7.0,53.0,253.0,9.0,66973.48049236118,46881.43634465231,13394.69609846937,0.0,-6697.348049229701,0.0,ID_NORMAL_001,JOINT2_SWEEP_MEDIUM,RUN_01,50.0,0.0,NORMAL,NONE,COLD
508883.6684799,23.73,-23.26,107.37,-0.0,67.25,-0.0,1.7464851981050222,1.247489427217797,0.4989957708874025,0.0,-0.24949788544370124,0.0,399.0,203.0,10.0,52.0,282.0,9.0,-2022.1474169713404,-1414.8806999315173,-400.69453170372486,0.0,200.34726585171563,0.0,ID_NORMAL_001,JOINT2_SWEEP_MEDIUM,RUN_01,50.0,0.0,NORMAL,NONE,COLD
508883.7197597,23.83,-23.19,107.39,-0.0,67.24,-0.0,1.9500856082749298,1.3650599257924856,0.3900171216549167,0.0,-0.1950085608275969,0.0,304.0,22.0,16.0,52.0,310.0,9.0,3.970382297112179,2.2927253722821326,-2.125176954775168,0.0,1.062588477384882,0.0,ID_NORMAL_001,JOINT2_SWEEP_MEDIUM,RUN_01,50.0,0.0,NORMAL,NONE,COLD
508883.7197597,23.93,-23.12,107.41,-0.0,67.23,-0.0,0.0,0.0,0.0,0.0,0.0,0.0,115.0,217.0,5.0,53.0,276.0,9.0,0.0,0.0,0.0,0.0,0.0,0.0,ID_NORMAL_001,JOINT2_SWEEP_MEDIUM,RUN_01,50.0,0.0,NORMAL,NONE,COLD
508883.7617175,24.03,-23.04,107.43,-0.0,67.22,-0.0,2.383347078122938,1.9066776624983672,0.4766694156248247,0.0,-0.23833470781241234,0.0,153.0,253.0,6.0,52.0,139.0,9.0,56.80343294797065,45.44274635837692,11.36068658959978,0.0,-5.68034329479989,0.0,ID_NORMAL_001,JOINT2_SWEEP_MEDIUM,RUN_01,50.0,0.0,NORMAL,NONE,COLD
508883.8175054,24.1,-23.0,107.45,-0.0,67.22,-0.0,1.2547523746844291,0.7170013569625128,0.3585006784811927,0.0,0.0,0.0,264.0,163.0,4.0,53.0,144.0,9.0,-20.23009834565332,-21.32498813538437,-2.11817862206331,0.0,4.272157722819182,0.0,ID_NORMAL_001,JOINT2_SWEEP_MEDIUM,RUN_01,50.0,0.0,NORMAL,NONE,COLD
508883.8175054,24.2,-22.92,107.47,-0.0,67.21,-0.0,0.0,0.0,0.0,0.0,0.0,0.0,486.0,223.0,53.0,54.0,340.0,9.0,0.0,0.0,0.0,0.0,0.0,0.0,ID_NORMAL_001,JOINT2_SWEEP_MEDIUM,RUN_01,50.0,0.0,NORMAL,NONE,COLD
508883.8288381,24.3,-22.85,107.49,-0.0,67.2,-0.0,8.824022496313114,6.176815747419117,1.7648044992622467,0.0,-0.8824022496304964,0.0,682.0,29.0,9.0,52.0,430.0,9.0,778.6337301543882,545.0436111080662,155.72674603084445,0.0,-77.8633730153669,0.0,ID_NORMAL_001,JOINT2_SWEEP_MEDIUM,RUN_01,50.0,0.0,NORMAL,NONE,COLD
508883.8764374,24.41,-22.78,107.52,-0.0,67.19,-0.0,2.310958355135988,1.4706098623592785,0.6302613695825693,0.0,-0.2100871231942893,0.0,217.0,176.0,15.0,51.0,279.0,9.0,-136.8310908599087,-98.87132555517496,-23.8352902254127,0.0,14.124475079291535,0.0,ID_NORMAL_001,JOINT2_SWEEP_MEDIUM,RUN_01,50.0,0.0,NORMAL,NONE,COLD
508883.918094,24.47,-22.73,107.53,-0.0,67.18,-0.0,1.4403479873698992,1.2002899894749588,0.24005799789511115,0.0,-0.24005799789477,0.0,580.0,115.0,18.0,51.0,302.0,9.0,-20.899698183254674,-6.4892447475837525,-9.367144017916516,0.0,-0.7194748175758957,0.0,ID_NORMAL_001,JOINT2_SWEEP_MEDIUM,RUN_01,50.0,0.0,NORMAL,NONE,COLD
508883.918094,24.57,-22.66,107.55,-0.0,67.17,-0.0,0.0,0.0,0.0,0.0,0.0,0.0,299.0,26.0,30.0,53.0,233.0,9.0,0.0,0.0,0.0,0.0,0.0,0.0,ID_NORMAL_001,JOINT2_SWEEP_MEDIUM,RUN_01,50.0,0.0,NORMAL,NONE,COLD
508883.9709937,24.67,-22.58,107.58,-0.0,67.16,-0.0,1.8903698904917048,1.5122959123933772,0.5671109671475248,0.0,-0.1890369890492645,0.0,113.0,130.0,22.0,53.0,213.0,9.0,35.73498322877569,28.587986583020808,10.720494968632961,0.0,-3.573498322879346,0.0,ID_NORMAL_001,JOINT2_SWEEP_MEDIUM,RUN_01,50.0,0.0,NORMAL,NONE,COLD
508883.9709937,24.74,-22.54,107.58,-0.0,67.15,-0.0,0.0,0.0,0.0,0.0,0.0,0.0,422.0,21.0,19.0,55.0,234.0,9.0,0.0,0.0,0.0,0.0,0.0,0.0,ID_NORMAL_001,JOINT2_SWEEP_MEDIUM,RUN_01,50.0,0.0,NORMAL,NONE,COLD
508884.0114953,24.84,-22.47,107.61,-0.0,67.15,-0.0,2.4690382593038853,1.7283267815127024,0.7407114777911832,0.0,0.0,0.0,239.0,390.0,48.0,55.0,209.0,9.0,60.96149925906274,42.67304948134349,18.288449777719254,0.0,0.0,0.0,ID_NORMAL_001,JOINT2_SWEEP_MEDIUM,RUN_01,50.0,0.0,NORMAL,NONE,COLD
508884.0114953,24.94,-22.4,107.64,-0.0,67.14,-0.0,0.0,0.0,0.0,0.0,0.0,0.0,326.0,195.0,18.0,51.0,124.0,9.0,0.0,0.0,0.0,0.0,0.0,0.0,ID_NORMAL_001,JOINT2_SWEEP_MEDIUM,RUN_01,50.0,0.0,NORMAL,NONE,COLD
508884.0354631,25.05,-22.32,107.66,-0.0,67.13,-0.0,4.58949089614798,3.3378115608348407,0.834452890208562,0.0,-0.4172264451045774,0.0,499.0,89.0,87.0,51.0,174.0,9.0,191.48569714386636,139.2623251955369,34.815581298878044,0.0,-17.40779064945139,0.0,ID_NORMAL_001,JOINT2_SWEEP_MEDIUM,RUN_01,50.0,0.0,NORMAL,NONE,COLD
508884.0894969,25.11,-22.28,107.68,-0.0,67.12,-0.0,1.1104160735178363,0.7402773823452242,0.37013869117280934,0.0,-0.1850693455861417,0.0,294.0,73.0,14.0,53.0,271.0,9.0,-64.38701006699684,-48.07239505511467,-8.593032496197843,0.0,4.296516248109274,0.0,ID_NORMAL_001,JOINT2_SWEEP_MEDIUM,RUN_01,50.0,0.0,NORMAL,NONE,COLD
508884.1346734,25.21,-22.2,107.69,-0.0,67.11,-0.0,2.213540223252415,1.7708321786019476,0.22135402232503704,0.0,-0.2213540223253516,0.0,392.0,290.0,11.0,52.0,287.0,9.0,24.418096766785748,22.811744937799222,-3.293408490978299,0.0,-0.8031759144995125,0.0,ID_NORMAL_001,JOINT2_SWEEP_MEDIUM,RUN_01,50.0,0.0,NORMAL,NONE,COLD
508884.1346734,25.32,-22.13,107.72,-0.0,67.1,-0.0,0.0,0.0,0.0,0.0,0.0,0.0,407.0,88.0,26.0,52.0,283.0,9.0,0.0,0.0,0.0,0.0,0.0,0.0,ID_NORMAL_001,JOINT2_SWEEP_MEDIUM,RUN_01,50.0,0.0,NORMAL,NONE,COLD
508884.1813044,25.42,-22.06,107.74,-0.0,67.09,-0.0,2.1444961530897815,1.5011473071628316,0.42889923061786484,0.0,-0.21444961530878004,0.0,221.0,142.0,11.0,53.0,130.0,9.0,45.98863750616806,32.19204625431731,9.19772750123165,0.0,-4.598863750612558,0.0,ID_NORMAL_001,JOINT2_SWEEP_MEDIUM,RUN_01,50.0,0.0,NORMAL,NONE,COLD
508884.1813044,25.48,-22.01,107.75,-0.0,67.08,-0.0,0.0,0.0,0.0,0.0,0.0,0.0,169.0,204.0,7.0,52.0,69.0,9.0,0.0,0.0,0.0,0.0,0.0,0.0,ID_NORMAL_001,JOINT2_SWEEP_MEDIUM,RUN_01,50.0,0.0,NORMAL,NONE,COLD
508884.2279,25.59,-21.94,107.77,-0.0,67.07,-0.0,2.3607379224253418,1.5022877688161405,0.4292250768045244,0.0,-0.21461253840241468,0.0,392.0,256.0,6.0,51.0,78.0,9.0,50.66439580342861,32.240979147636686,9.211708327894325,0.0,-4.605854163950435,0.0,ID_NORMAL_001,JOINT2_SWEEP_MEDIUM,RUN_01,50.0,0.0,NORMAL,NONE,COLD
508884.2279,25.69,-21.86,107.79,-0.0,67.07,-0.0,0.0,0.0,0.0,0.0,0.0,0.0,248.0,121.0,66.0,54.0,174.0,9.0,0.0,0.0,0.0,0.0,0.0,0.0,ID_NORMAL_001,JOINT2_SWEEP_MEDIUM,RUN_01,50.0,0.0,NORMAL,NONE,COLD
508884.2558392,25.79,-21.79,107.83,-0.0,67.06,-0.0,3.579200550552661,2.5054403853869265,1.43168022022081,0.0,-0.3579200550549482,0.0,329.0,225.0,6.0,54.0,525.0,9.0,128.10676581076746,89.6747360675395,51.24270632429788,0.0,-12.810676581065367,0.0,ID_NORMAL_001,JOINT2_SWEEP_MEDIUM,RUN_01,50.0,0.0,NORMAL,NONE,COLD
508884.3145337,25.86,-21.74,107.83,-0.0,67.05,-0.0,1.192616002990481,0.851868573564638,0.0,0.0,-0.17037371471301233,0.0,391.0,277.0,9.0,53.0,554.0,9.0,-40.661127484463435,-28.172517212474535,-24.392067740003817,0.0,3.1952966684870154,0.0,ID_NORMAL_001,JOINT2_SWEEP_MEDIUM,RUN_01,50.0,0.0,NORMAL,NONE,COLD
508884.3528484,25.96,-21.67,107.86,-0.0,67.04,-0.0,2.6099643210907204,1.8269750247633931,0.7829892963272347,0.0,-0.26099643210883094,0.0,268.0,237.0,16.0,52.0,290.0,9.0,36.99228540799513,25.449930468941048,20.43574127209983,0.0,-2.3652205908337063,0.0,ID_NORMAL_001,JOINT2_SWEEP_MEDIUM,RUN_01,50.0,0.0,NORMAL,NONE,COLD
508884.3528484,26.06,-21.6,107.88,-0.0,67.03,-0.0,0.0,0.0,0.0,0.0,0.0,0.0,204.0,192.0,8.0,52.0,179.0,9.0,0.0,0.0,0.0,0.0,0.0,0.0,ID_NORMAL_001,JOINT2_SWEEP_MEDIUM,RUN_01,50.0,0.0,NORMAL,NONE,COLD
508884.3997652,26.16,-21.52,107.91,-0.0,67.02,-0.0,2.131432665185837,1.7051461321486847,0.6394297995557663,0.0,-0.21314326651868973,0.0,292.0,318.0,65.0,53.0,175.0,9.0,45.43005206221135,36.34404164976941,13.62901561866373,0.0,-4.543005206223396,0.0,ID_NORMAL_001,JOINT2_SWEEP_MEDIUM,RUN_01,50.0,0.0,NORMAL,NONE,COLD
508884.3997652,26.23,-21.48,107.92,-0.0,67.01,-0.0,0.0,0.0,0.0,0.0,0.0,0.0,162.0,276.0,32.0,52.0,216.0,9.0,0.0,0.0,0.0,0.0,0.0,0.0,ID_NORMAL_001,JOINT2_SWEEP_MEDIUM,RUN_01,50.0,0.0,NORMAL,NONE,COLD
508884.4335982,26.33,-21.4,107.95,-0.0,67.0,-0.0,2.955694145289899,2.3645553162320243,0.8867082435870223,0.0,-0.2955694145291474,0.0,83.0,226.0,55.0,52.0,158.0,9.0,87.36127880501174,69.88902304401249,26.208383641505073,0.0,-8.73612788050583,0.0,ID_NORMAL_001,JOINT2_SWEEP_MEDIUM,RUN_01,50.0,0.0,NORMAL,NONE,COLD
508884.4796932,26.43,-21.34,107.97,-0.0,66.99,-0.0,2.169432693450657,1.301659616070348,0.4338865386900389,0.0,-0.21694326934517358,0.0,315.0,249.0,13.0,51.0,231.0,9.0,-17.057412992200067,-23.058806816588344,-9.823662109075672,0.0,1.7057412992210834,0.0,ID_NORMAL_001,JOINT2_SWEEP_MEDIUM,RUN_01,50.0,0.0,NORMAL,NONE,COLD
508884.4796932,26.5,-21.29,107.98,-0.0,66.99,-0.0,0.0,0.0,0.0,0.0,0.0,0.0,162.0,387.0,32.0,52.0,214.0,9.0,0.0,0.0,0.0,0.0,0.0,0.0,ID_NORMAL_001,JOINT2_SWEEP_MEDIUM,RUN_01,50.0,0.0,NORMAL,NONE,COLD
508884.5245913,26.6,-21.21,108.01,-0.0,66.98,-0.0,2.2272657406317813,1.7818125925053618,0.6681797221895502,0.0,-0.22272657406297242,0.0,290.0,258.0,27.0,51.0,58.0,9.0,49.60712679391967,39.68570143513433,14.882138038176254,0.0,-4.9607126793873855,0.0,ID_NORMAL_001,JOINT2_SWEEP_MEDIUM,RUN_01,50.0,0.0,NORMAL,NONE,COLD
508884.5751138,26.7,-21.14,108.02,-0.0,66.97,-0.0,1.97931614592626,1.3855213021484172,0.1979316145924502,0.0,-0.19793161459273148,0.0,226.0,282.0,22.0,54.0,50.0,9.0,-4.90770636176521,-7.8438574949346895,-9.30769671958229,0.0,0.4907706361703616,0.0,ID_NORMAL_001,JOINT2_SWEEP_MEDIUM,RUN_01,50.0,0.0,NORMAL,NONE,COLD
508884.5751138,26.8,-21.07,108.05,-0.0,66.96,-0.0,0.0,0.0,0.0,0.0,0.0,0.0,410.0,238.0,14.0,54.0,120.0,9.0,0.0,0.0,0.0,0.0,0.0,0.0,ID_NORMAL_001,JOINT2_SWEEP_MEDIUM,RUN_01,50.0,0.0,NORMAL,NONE,COLD
508884.6187066,26.87,-21.02,108.07,-0.0,66.95,-0.0,1.6057697609249324,1.1469784006606776,0.4587913602641733,0.0,-0.22939568013192363,0.0,450.0,181.0,12.0,52.0,193.0,9.0,36.83566464429863,26.311189031642144,10.524475612654616,0.0,-5.262237806323569,0.0,ID_NORMAL_001,JOINT2_SWEEP_MEDIUM,RUN_01,50.0,0.0,NORMAL,NONE,COLD
508884.6187066,26.97,-20.95,108.09,-0.0,66.94,-0.0,0.0,0.0,0.0,0.0,0.0,0.0,189.0,127.0,13.0,52.0,250.0,9.0,0.0,0.0,0.0,0.0,0.0,0.0,ID_NORMAL_001,JOINT2_SWEEP_MEDIUM,RUN_01,50.0,0.0,NORMAL,NONE,COLD
508884.6385271,27.07,-20.88,108.11,-0.0,66.93,-0.0,5.045281402962668,3.5316969820738313,1.0090562805923184,0.0,-0.5045281402958007,0.0,220.0,119.0,11.0,51.0,299.0,9.0,254.54864435080583,178.18405104556226,50.90972887015031,0.0,-25.45486443505707,0.0,ID_NORMAL_001,JOINT2_SWEEP_MEDIUM,RUN_01,50.0,0.0,NORMAL,NONE,COLD
508884.68448,27.17,-20.8,108.14,-0.0,66.92,-0.0,2.1761412218283462,1.740912977462615,0.6528423665485193,0.0,-0.21761412218294285,0.0,194.0,80.0,22.0,54.0,351.0,9.0,-62.436542193703566,-38.969988918252554,-7.751717821395195,0.0,6.243654219357859,0.0,ID_NORMAL_001,JOINT2_SWEEP_MEDIUM,RUN_01,50.0,0.0,NORMAL,NONE,COLD
508884.7281864,27.24,-20.75,108.15,-0.0,66.92,-0.0,1.6015961038593358,1.1439972170424524,0.22879944340860428,0.0,0.0,0.0,61.0,73.0,107.0,54.0,504.0,9.0,-13.14556032043732,-13.657399374588714,-9.70207847957205,0.0,4.9789990033283855,0.0,ID_NORMAL_001,JOINT2_SWEEP_MEDIUM,RUN_01,50.0,0.0,NORMAL,NONE,COLD
508884.7281864,27.34,-20.68,108.17,-0.0,66.91,-0.0,0.0,0.0,0.0,0.0,0.0,0.0,293.0,9.0,92.0,53.0,443.0,9.0,0.0,0.0,0.0,0.0,0.0,0.0,ID_NORMAL_001,JOINT2_SWEEP_MEDIUM,RUN_01,50.0,0.0,NORMAL,NONE,COLD
508884.7763038,27.44,-20.61,108.2,-0.0,66.89,-0.0,2.078250280716864,1.45477519650179,0.6234750842150739,0.0,-0.4156500561432842,0.0,241.0,140.0,216.0,53.0,142.0,9.0,43.19124229299663,30.233869605097333,12.957372687899294,0.0,-8.638248458597484,0.0,ID_NORMAL_001,JOINT2_SWEEP_MEDIUM,RUN_01,50.0,0.0,NORMAL,NONE,COLD
508884.8088295,27.54,-20.54,108.22,-0.0,66.88,-0.0,3.074491864006622,2.1521443048046898,0.6148983728012152,0.0,-0.307449186400826,0.0,565.0,161.0,172.0,52.0,124.0,9.0,30.629366424095007,21.440556496868634,-0.26369029461841986,0.0,3.3266269370163504,0.0,ID_NORMAL_001,JOINT2_SWEEP_MEDIUM,RUN_01,50.0,0.0,NORMAL,NONE,COLD
508884.8088295,27.61,-20.49,108.23,-0.0,66.88,-0.0,0.0,0.0,0.0,0.0,0.0,0.0,494.0,214.0,7.0,53.0,263.0,9.0,0.0,0.0,0.0,0.0,0.0,0.0,ID_NORMAL_001,JOINT2_SWEEP_MEDIUM,RUN_01,50.0,0.0,NORMAL,NONE,COLD
508884.8360563,27.71,-20.42,108.26,-0.0,66.87,-0.0,3.672851751359299,2.570996225951353,1.1018555254078157,0.0,-0.3672851751355906,0.0,274.0,244.0,118.0,52.0,297.0,9.0,134.89839987462878,94.4288799122344,40.46951996238959,0.0,-13.489839987450416,0.0,ID_NORMAL_001,JOINT2_SWEEP_MEDIUM,RUN_01,50.0,0.0,NORMAL,NONE,COLD
508884.8829292,27.81,-20.35,108.28,-0.0,66.86,-0.0,2.1334289090269736,1.4934002363189192,0.42668578180531885,0.0,-0.21334289090281103,0.0,233.0,191.0,38.0,52.0,317.0,9.0,-32.84249195048325,-22.989744365334136,-14.404266495019268,0.0,3.284249195038662,0.0,ID_NORMAL_001,JOINT2_SWEEP_MEDIUM,RUN_01,50.0,0.0,NORMAL,NONE,COLD
508884.9298085,27.92,-20.27,108.3,-0.0,66.85,-0.0,2.3464514201311917,1.7065101237317688,0.42662753093284744,0.0,-0.2133137654665753,0.0,327.0,200.0,8.0,54.0,233.0,9.0,4.544063397276287,4.545927254216962,-0.0012425712948583461,0.0,0.0006212856474297651,0.0,ID_NORMAL_001,JOINT2_SWEEP_MEDIUM,RUN_01,50.0,0.0,NORMAL,NONE,COLD
508884.9298085,27.98,-20.22,108.32,-0.0,66.84,-0.0,0.0,0.0,0.0,0.0,0.0,0.0,252.0,198.0,22.0,52.0,197.0,9.0,0.0,0.0,0.0,0.0,0.0,0.0,ID_NORMAL_001,JOINT2_SWEEP_MEDIUM,RUN_01,50.0,0.0,NORMAL,NONE,COLD
508884.9758018,28.08,-20.15,108.34,-0.0,66.83,-0.0,2.1742297229494185,1.5219608060646317,0.43484594459011544,0.0,-0.21742297229505772,0.0,162.0,209.0,10.0,52.0,210.0,9.0,47.27274888156806,33.09092421709848,9.45454977631865,0.0,-4.727274888159325,0.0,ID_NORMAL_001,JOINT2_SWEEP_MEDIUM,RUN_01,50.0,0.0,NORMAL,NONE,COLD
508884.9758018,28.18,-20.08,108.36,-0.0,66.83,-0.0,0.0,0.0,0.0,0.0,0.0,0.0,393.0,72.0,17.0,54.0,416.0,9.0,0.0,0.0,0.0,0.0,0.0,0.0,ID_NORMAL_001,JOINT2_SWEEP_MEDIUM,RUN_01,50.0,0.0,NORMAL,NONE,COLD
508885.0213868,28.25,-20.03,108.38,-0.0,66.82,-0.0,1.53559285000052,1.0968520357145903,0.43874081428577383,0.0,-0.21937040714304276,0.0,512.0,394.0,28.0,54.0,443.0,9.0,33.68636287103872,24.06168776502619,9.624675106009109,0.0,-4.812337553007973,0.0,ID_NORMAL_001,JOINT2_SWEEP_MEDIUM,RUN_01,50.0,0.0,NORMAL,NONE,COLD
508885.0213868,28.35,-19.96,108.4,-0.0,66.81,-0.0,0.0,0.0,0.0,0.0,0.0,0.0,181.0,140.0,17.0,54.0,377.0,9.0,0.0,0.0,0.0,0.0,0.0,0.0,ID_NORMAL_001,JOINT2_SWEEP_MEDIUM,RUN_01,50.0,0.0,NORMAL,NONE,COLD
508885.0538617,28.45,-19.89,108.42,-0.0,66.8,-0.0,3.07930124365601,2.155510870559262,0.6158602487310927,0.0,-0.3079301243657651,0.0,394.0,195.0,40.0,54.0,367.0,9.0,94.82096149181653,66.37467304427327,18.96419229835994,0.0,-9.482096149186706,0.0,ID_NORMAL_001,JOINT2_SWEEP_MEDIUM,RUN_01,50.0,0.0,NORMAL,NONE,COLD
508885.0998689,28.56,-19.82,108.44,-0.0,66.79,-0.0,2.390930113840732,1.5215009815350253,0.43471456615277615,0.0,-0.21735728307623361,0.0,308.0,9.0,4.0,53.0,335.0,9.0,-14.962247852490226,-13.780666692189781,-3.9373333406248516,0.0,1.9686666703205382,0.0,ID_NORMAL_001,JOINT2_SWEEP_MEDIUM,RUN_01,50.0,0.0,NORMAL,NONE,COLD
508885.1493688,28.63,-19.77,108.46,-0.0,66.78,-0.0,1.4141442720313377,1.0101030514509657,0.4040412205803002,0.0,-0.20202061029029364,0.0,224.0,122.0,42.0,51.0,308.0,9.0,-19.733087188515107,-10.33129219367218,-0.6196647992193502,0.0,0.30983239960365466,0.0,ID_NORMAL_001,JOINT2_SWEEP_MEDIUM,RUN_01,50.0,0.0,NORMAL,NONE,COLD
508885.1493688,28.73,-19.69,108.48,-0.0,66.77,-0.0,0.0,0.0,0.0,0.0,0.0,0.0,193.0,26.0,4.0,53.0,402.0,9.0,0.0,0.0,0.0,0.0,0.0,0.0,ID_NORMAL_001,JOINT2_SWEEP_MEDIUM,RUN_01,50.0,0.0,NORMAL,NONE,COLD
508885.1935011,28.83,-19.62,108.5,-0.0,66.76,-0.0,2.2659140804393614,1.5861398563075932,0.45318281608779176,0.0,-0.22659140804373487,0.0,166.0,195.0,32.0,54.0,392.0,9.0,51.343666199334656,35.940566339535174,10.268733239865108,0.0,-5.1343666199289055,0.0,ID_NORMAL_001,JOINT2_SWEEP_MEDIUM,RUN_01,50.0,0.0,NORMAL,NONE,COLD
508885.1935011,28.93,-19.55,108.53,-0.0,66.75,-0.0,0.0,0.0,0.0,0.0,0.0,0.0,106.0,85.0,25.0,54.0,255.0,9.0,0.0,0.0,0.0,0.0,0.0,0.0,ID_NORMAL_001,JOINT2_SWEEP_MEDIUM,RUN_01,50.0,0.0,NORMAL,NONE,COLD
508885.2435414,28.99,-19.5,108.54,-0.0,66.75,-0.0,1.1990335788350923,0.9991946490292791,0.19983892980595522,0.0,0.0,0.0,463.0,84.0,14.0,53.0,229.0,9.0,23.96135871956867,19.967798932974603,3.9935597865969066,0.0,0.0,0.0,ID_NORMAL_001,JOINT2_SWEEP_MEDIUM,RUN_01,50.0,0.0,NORMAL,NONE,COLD
508885.2435414,29.1,-19.43,108.57,-0.0,66.74,-0.0,0.0,0.0,0.0,0.0,0.0,0.0,107.0,164.0,24.0,52.0,261.0,9.0,0.0,0.0,0.0,0.0,0.0,0.0,ID_NORMAL_001,JOINT2_SWEEP_MEDIUM,RUN_01,50.0,0.0,NORMAL,NONE,COLD
508885.2671914,29.2,-19.36,108.58,-0.0,66.72,-0.0,4.228329811823082,2.959830868276233,0.4228329811825336,0.0,-0.8456659623644662,0.0,272.0,239.0,7.0,52.0,217.0,9.0,178.78772997552204,125.15141098286861,17.878772997561732,0.0,-35.757545995098056,0.0,ID_NORMAL_001,JOINT2_SWEEP_MEDIUM,RUN_01,50.0,0.0,NORMAL,NONE,COLD
508885.3199245,29.27,-19.31,108.6,-0.0,66.72,-0.0,1.327439501456469,0.9481710724689161,0.3792684289874856,0.0,0.0,0.0,304.0,112.0,5.0,53.0,242.0,9.0,-55.01080553389918,-38.14795252066394,-0.8261329635281232,0.0,16.036720049711253,0.0,ID_NORMAL_001,JOINT2_SWEEP_MEDIUM,RUN_01,50.0,0.0,NORMAL,NONE,COLD
508885.3483767,29.36,-19.24,108.63,-0.0,66.71,-0.0,3.1632000337214126,2.4602666928944457,1.0544000112405125,0.0,-0.35146667041367063,0.0,462.0,205.0,6.0,51.0,259.0,9.0,64.52086419516574,53.145121305778254,23.72862493054632,0.0,-12.352882041160859,0.0,ID_NORMAL_001,JOINT2_SWEEP_MEDIUM,RUN_01,50.0,0.0,NORMAL,NONE,COLD
508885.3483767,29.47,-19.16,108.65,-0.0,66.7,-0.0,0.0,0.0,0.0,0.0,0.0,0.0,393.0,47.0,16.0,53.0,331.0,9.0,0.0,0.0,0.0,0.0,0.0,0.0,ID_NORMAL_001,JOINT2_SWEEP_MEDIUM,RUN_01,50.0,0.0,NORMAL,NONE,COLD
508885.3971032,29.57,-19.09,108.66,-0.0,66.69,-0.0,2.0522713508135024,1.4365899455694369,0.20522713508116064,0.0,-0.2052271350814523,0.0,402.0,366.0,8.0,52.0,321.0,9.0,42.118176973698176,29.48272388158842,4.211817697365927,0.0,-4.211817697371912,0.0,ID_NORMAL_001,JOINT2_SWEEP_MEDIUM,RUN_01,50.0,0.0,NORMAL,NONE,COLD
508885.4439092,29.64,-19.04,108.69,-0.0,66.68,-0.0,1.4955347605497178,1.0682391146783807,0.6409434688070436,0.0,-0.2136478229354788,0.0,214.0,215.0,45.0,52.0,244.0,9.0,-11.894556045848745,-7.869735309642042,9.308984611804808,0.0,-0.17990616276336263,0.0,ID_NORMAL_001,JOINT2_SWEEP_MEDIUM,RUN_01,50.0,0.0,NORMAL,NONE,COLD
508885.4439092,29.74,-18.97,108.71,-0.0,66.67,-0.0,0.0,0.0,0.0,0.0,0.0,0.0,229.0,290.0,13.0,53.0,202.0,9.0,0.0,0.0,0.0,0.0,0.0,0.0,ID_NORMAL_001,JOINT2_SWEEP_MEDIUM,RUN_01,50.0,0.0,NORMAL,NONE,COLD
508885.4594891,29.84,-18.9,108.72,-0.0,66.66,-0.0,6.418526456278537,4.49296851939493,0.6418526456281729,0.0,-0.6418526456281729,0.0,297.0,117.0,5.0,53.0,263.0,9.0,411.9748186994692,288.3823730896255,41.19748186996741,0.0,-41.19748186996741,0.0,ID_NORMAL_001,JOINT2_SWEEP_MEDIUM,RUN_01,50.0,0.0,NORMAL,NONE,COLD
508885.5067585,29.94,-18.83,108.75,-0.0,66.65,-0.0,2.1155335148505587,1.480873460395376,0.6346600544551826,0.0,-0.21155335148486043,0.0,277.0,244.0,7.0,52.0,214.0,9.0,-91.03125781756144,-63.72188047229237,-0.15216167685079085,0.0,9.103125781767032,0.0,ID_NORMAL_001,JOINT2_SWEEP_MEDIUM,RUN_01,50.0,0.0,NORMAL,NONE,COLD
508885.5535292,30.01,-18.78,108.76,-0.0,66.65,-0.0,1.4966635087564653,1.0690453633974102,0.21380907267960356,0.0,0.0,0.0,317.0,74.0,19.0,53.0,156.0,9.0,-13.232002211213103,-8.805258352249583,-8.998175814969125,0.0,4.52320259032171,0.0,ID_NORMAL_001,JOINT2_SWEEP_MEDIUM,RUN_01,50.0,0.0,NORMAL,NONE,COLD
508885.5535292,30.11,-18.71,108.79,-0.0,66.64,-0.0,0.0,0.0,0.0,0.0,0.0,0.0,563.0,219.0,16.0,54.0,82.0,9.0,0.0,0.0,0.0,0.0,0.0,0.0,ID_NORMAL_001,JOINT2_SWEEP_MEDIUM,RUN_01,50.0,0.0,NORMAL,NONE,COLD
508885.6005842,30.21,-18.63,108.81,-0.0,66.63,-0.0,2.1251726714706827,1.7001381371765611,0.4250345342940459,0.0,-0.21251726714717395,0.0,109.0,282.0,15.0,52.0,97.0,9.0,45.163588835657734,36.13087106852651,9.032717767129622,0.0,-4.51635888356802,0.0,ID_NORMAL_001,JOINT2_SWEEP_MEDIUM,RUN_01,50.0,0.0,NORMAL,NONE,COLD
508885.6005842,30.31,-18.56,108.84,-0.0,66.62,-0.0,0.0,0.0,0.0,0.0,0.0,0.0,210.0,34.0,148.0,53.0,259.0,9.0,0.0,0.0,0.0,0.0,0.0,0.0,ID_NORMAL_001,JOINT2_SWEEP_MEDIUM,RUN_01,50.0,0.0,NORMAL,NONE,COLD
508885.6466283,30.38,-18.51,108.84,-0.0,66.62,-0.0,1.5202816424473817,1.0859154588909208,0.0,0.0,0.0,0.0,492.0,159.0,36.0,52.0,303.0,9.0,33.017946748035705,23.58424767716692,0.0,0.0,0.0,0.0,ID_NORMAL_001,JOINT2_SWEEP_MEDIUM,RUN_01,50.0,0.0,NORMAL,NONE,COLD
508885.6488462,30.48,-18.44,108.87,-0.0,66.6,-0.0,45.08769540599665,31.56138678419733,13.526308621799314,0.0,-9.017539081203815,0.0,102.0,193.0,70.0,52.0,162.0,9.0,19643.542813979075,13740.68768469581,6098.700831071851,0.0,-4065.8005540498266,0.0,ID_NORMAL_001,JOINT2_SWEEP_MEDIUM,RUN_01,50.0,0.0,NORMAL,NONE,COLD
508885.6938233,30.58,-18.37,108.89,-0.0,66.59,-0.0,2.223353662990192,1.5563475640931739,0.44467073259795936,0.0,-0.22233536629882172,0.0,256.0,4.0,54.0,52.0,103.0,9.0,-953.0259122597882,-667.1181385818437,-290.8510751886773,0.0,195.54848396279377,0.0,ID_NORMAL_001,JOINT2_SWEEP_MEDIUM,RUN_01,50.0,0.0,NORMAL,NONE,COLD
508885.7398363,30.68,-18.3,108.92,-0.0,66.58,-0.0,2.1732988496744374,1.5213091947720907,0.6519896549023466,0.0,-0.21732988496755182,0.0,385.0,132.0,46.0,54.0,164.0,9.0,-1.0878406819979656,-0.7614884773997708,4.505659753598625,0.0,0.10878406819315604,0.0,ID_NORMAL_001,JOINT2_SWEEP_MEDIUM,RUN_01,50.0,0.0,NORMAL,NONE,COLD
508885.7398363,30.75,-18.25,108.93,-0.0,66.58,-0.0,0.0,0.0,0.0,0.0,0.0,0.0,304.0,182.0,47.0,53.0,187.0,9.0,0.0,0.0,0.0,0.0,0.0,0.0,ID_NORMAL_001,JOINT2_SWEEP_MEDIUM,RUN_01,50.0,0.0,NORMAL,NONE,COLD
508885.7861667,30.85,-18.18,108.96,-0.0,66.57,-0.0,2.158410029493697,1.5108870206455727,0.6475230088478178,0.0,-0.21584100294947706,0.0,145.0,294.0,11.0,54.0,177.0,9.0,46.58733855418917,32.611136987932085,13.97620156625046,0.0,-4.658733855421233,0.0,ID_NORMAL_001,JOINT2_SWEEP_MEDIUM,RUN_01,50.0,0.0,NORMAL,NONE,COLD
508885.7861667,30.95,-18.1,108.97,-0.0,66.55,-0.0,0.0,0.0,0.0,0.0,0.0,0.0,404.0,131.0,7.0,55.0,44.0,9.0,0.0,0.0,0.0,0.0,0.0,0.0,ID_NORMAL_001,JOINT2_SWEEP_MEDIUM,RUN_01,50.0,0.0,NORMAL,NONE,COLD
508885.8337618,31.02,-18.06,109.0,-0.0,66.55,-0.0,1.4707396346016106,0.8404226483438308,0.6303169862578545,0.0,0.0,0.0,356.0,3.0,17.0,52.0,87.0,9.0,30.901072468401004,17.657755696230268,13.243316772172308,0.0,0.0,0.0,ID_NORMAL_001,JOINT2_SWEEP_MEDIUM,RUN_01,50.0,0.0,NORMAL,NONE,COLD
508885.8507116,31.12,-17.98,109.02,-0.0,66.54,-0.0,5.8997746426896,4.719819714151512,1.1799549285376685,0.0,-0.589977464268415,0.0,244.0,198.0,30.0,53.0,120.0,9.0,261.3030843230168,228.87568437776272,32.427399945224906,0.0,-34.80734083449055,0.0,ID_NORMAL_001,JOINT2_SWEEP_MEDIUM,RUN_01,50.0,0.0,NORMAL,NONE,COLD
508885.9049005,31.22,-17.91,109.03,-0.0,66.53,-0.0,1.8453963803792846,1.291777466265532,0.1845396380380268,0.0,-0.1845396380380268,0.0,294.0,203.0,26.0,52.0,184.0,9.0,-74.81934969956069,-63.2609675603619,-18.369357740622718,0.0,7.481934969944197,0.0,ID_NORMAL_001,JOINT2_SWEEP_MEDIUM,RUN_01,50.0,0.0,NORMAL,NONE,COLD
508885.9049005,31.32,-17.84,109.06,-0.0,66.53,-0.0,0.0,0.0,0.0,0.0,0.0,0.0,314.0,297.0,55.0,51.0,350.0,9.0,0.0,0.0,0.0,0.0,0.0,0.0,ID_NORMAL_001,JOINT2_SWEEP_MEDIUM,RUN_01,50.0,0.0,NORMAL,NONE,COLD
508885.9251549,31.39,-17.79,109.07,-0.0,66.52,-0.0,3.4560391855868287,2.4685994182763316,0.49371988365481023,0.0,-0.49371988365551184,0.0,151.0,81.0,107.0,52.0,315.0,9.0,170.6315264615946,121.8796617582831,24.375932351634106,0.0,-24.375932351668745,0.0,ID_NORMAL_001,JOINT2_SWEEP_MEDIUM,RUN_01,50.0,0.0,NORMAL,NONE,COLD
508885.9745008,31.49,-17.72,109.09,-0.0,66.5,-0.0,2.0265108139173376,1.4185575697421722,0.4053021627836835,0.0,-0.4053021627833955,0.0,253.0,138.0,84.0,51.0,284.0,9.0,-28.969547039899282,-21.2792116112027,-1.7917946748726685,0.0,1.791794674892723,0.0,ID_NORMAL_001,JOINT2_SWEEP_MEDIUM,RUN_01,50.0,0.0,NORMAL,NONE,COLD
508886.0210486,31.6,-17.65,109.12,-0.0,66.49,-0.0,2.363162168199231,1.5038304706722032,0.6444987731452517,0.0,-0.21483292438185234,0.0,238.0,107.0,123.0,52.0,137.0,9.0,7.232379493745319,1.831942667731317,5.13873073061759,0.0,4.091906349056679,0.0,ID_NORMAL_001,JOINT2_SWEEP_MEDIUM,RUN_01,50.0,0.0,NORMAL,NONE,COLD
508886.0210486,31.7,-17.57,109.14,-0.0,66.48,-0.0,0.0,0.0,0.0,0.0,0.0,0.0,391.0,7.0,26.0,53.0,132.0,9.0,0.0,0.0,0.0,0.0,0.0,0.0,ID_NORMAL_001,JOINT2_SWEEP_MEDIUM,RUN_01,50.0,0.0,NORMAL,NONE,COLD
508886.054213,31.76,-17.53,109.15,-0.0,66.48,-0.0,1.809168869618943,1.2061125797458907,0.3015281449366333,0.0,0.0,0.0,198.0,93.0,80.0,52.0,118.0,9.0,54.55153331330266,36.36768887553296,9.091922218888085,0.0,0.0,0.0,ID_NORMAL_001,JOINT2_SWEEP_MEDIUM,RUN_01,50.0,0.0,NORMAL,NONE,COLD
508886.0978385,31.87,-17.45,109.18,-0.0,66.47,-0.0,2.52146107237071,1.8337898708151135,0.6876712015556777,0.0,-0.22922373385200115,0.0,542.0,106.0,82.0,51.0,186.0,9.0,16.327427830834313,14.387853231292297,8.851315323919676,0.0,-5.254352016102618,0.0,ID_NORMAL_001,JOINT2_SWEEP_MEDIUM,RUN_01,50.0,0.0,NORMAL,NONE,COLD
508886.0978385,31.97,-17.38,109.2,-0.0,66.46,-0.0,0.0,0.0,0.0,0.0,0.0,0.0,682.0,55.0,34.0,52.0,256.0,9.0,0.0,0.0,0.0,0.0,0.0,0.0,ID_NORMAL_001,JOINT2_SWEEP_MEDIUM,RUN_01,50.0,0.0,NORMAL,NONE,COLD
508886.1445407,32.07,-17.31,109.23,-0.0,66.45,-0.0,2.141226750576437,1.4988587254034906,0.6423680251729463,0.0,-0.21412267505744592,0.0,93.0,63.0,22.0,54.0,220.0,9.0,45.848519973840624,32.093963981688105,13.754555992152513,0.0,-4.584851997379827,0.0,ID_NORMAL_001,JOINT2_SWEEP_MEDIUM,RUN_01,50.0,0.0,NORMAL,NONE,COLD
508886.1445407,32.14,-17.26,109.24,-0.0,66.45,-0.0,0.0,0.0,0.0,0.0,0.0,0.0,169.0,13.0,12.0,52.0,301.0,9.0,0.0,0.0,0.0,0.0,0.0,0.0,ID_NORMAL_001,JOINT2_SWEEP_MEDIUM,RUN_01,50.0,0.0,NORMAL,NONE,COLD
508886.1918474,32.24,-17.19,109.27,-0.0,66.43,-0.0,2.1138654791987666,1.4797058354391217,0.634159643759645,0.0,-0.4227730958396632,0.0,473.0,68.0,29.0,52.0,214.0,9.0,44.68427264148168,31.27899084903686,13.40528179244482,0.0,-8.93685452829443,0.0,ID_NORMAL_001,JOINT2_SWEEP_MEDIUM,RUN_01,50.0,0.0,NORMAL,NONE,COLD
508886.2393001,32.34,-17.12,109.28,-0.0,66.42,-0.0,2.1073616449598824,1.4751531514719027,0.21073616449609306,0.0,-0.21073616449609306,0.0,176.0,128.0,5.0,50.0,269.0,9.0,-0.1370593082020105,-0.09594151574140923,-8.923063997754628,0.0,4.468384964284253,0.0,ID_NORMAL_001,JOINT2_SWEEP_MEDIUM,RUN_01,50.0,0.0,NORMAL,NONE,COLD
508886.2393001,32.44,-17.04,109.31,-0.0,66.42,-0.0,0.0,0.0,0.0,0.0,0.0,0.0,131.0,238.0,5.0,54.0,323.0,9.0,0.0,0.0,0.0,0.0,0.0,0.0,ID_NORMAL_001,JOINT2_SWEEP_MEDIUM,RUN_01,50.0,0.0,NORMAL,NONE,COLD
508886.2554883,32.51,-17.0,109.32,-0.0,66.41,-0.0,4.324137339646059,2.4709356226548285,0.6177339056631584,0.0,-0.6177339056640363,0.0,320.0,74.0,31.0,52.0,273.0,9.0,267.1166247445889,152.63807128261837,38.1595178206207,0.0,-38.15951782067493,0.0,ID_NORMAL_001,JOINT2_SWEEP_MEDIUM,RUN_01,50.0,0.0,NORMAL,NONE,COLD
508886.3020088,32.61,-16.92,109.34,-0.0,66.4,-0.0,2.149589966720721,1.7196719733765158,0.42991799334435804,0.0,-0.21495899667187357,0.0,213.0,58.0,39.0,52.0,251.0,9.0,-46.743852149991426,-16.149088028506327,-4.037272007109863,0.0,8.658009032163923,0.0,ID_NORMAL_001,JOINT2_SWEEP_MEDIUM,RUN_01,50.0,0.0,NORMAL,NONE,COLD
508886.3522949,32.71,-16.85,109.36,-0.0,66.39,-0.0,1.9886211094872794,1.3920347766410814,0.3977242218973711,0.0,-0.19886211094882686,0.0,301.0,116.0,24.0,54.0,241.0,9.0,-3.201060674644615,-6.515462456813122,-0.6402121349348613,0.0,0.3201060674585464,0.0,ID_NORMAL_001,JOINT2_SWEEP_MEDIUM,RUN_01,50.0,0.0,NORMAL,NONE,COLD
508886.3522949,32.78,-16.81,109.38,-0.0,66.38,-0.0,0.0,0.0,0.0,0.0,0.0,0.0,369.0,143.0,9.0,51.0,296.0,9.0,0.0,0.0,0.0,0.0,0.0,0.0,ID_NORMAL_001,JOINT2_SWEEP_MEDIUM,RUN_01,50.0,0.0,NORMAL,NONE,COLD
508886.3954081,32.88,-16.73,109.41,-0.0,66.37,-0.0,2.3194752422458196,1.85558019379659,0.6958425726737624,0.0,-0.2319475242243677,0.0,399.0,47.0,26.0,52.0,327.0,9.0,53.79965399391227,43.03972319512829,16.139896198174064,0.0,-5.379965399386258,0.0,ID_NORMAL_001,JOINT2_SWEEP_MEDIUM,RUN_01,50.0,0.0,NORMAL,NONE,COLD
508886.3954081,32.98,-16.66,109.42,-0.0,66.36,-0.0,0.0,0.0,0.0,0.0,0.0,0.0,239.0,203.0,21.0,53.0,164.0,9.0,0.0,0.0,0.0,0.0,0.0,0.0,ID_NORMAL_001,JOINT2_SWEEP_MEDIUM,RUN_01,50.0,0.0,NORMAL,NONE,COLD
508886.4415099,33.08,-16.59,109.46,-0.0,66.35,-0.0,2.1691127031602413,1.5183788922121533,0.8676450812639115,0.0,-0.216911270316132,0.0,136.0,231.0,7.0,54.0,234.0,9.0,47.05049919011062,32.93534943307709,18.820199676040232,0.0,-4.705049919013401,0.0,ID_NORMAL_001,JOINT2_SWEEP_MEDIUM,RUN_01,50.0,0.0,NORMAL,NONE,COLD
508886.4578516,33.15,-16.54,109.46,-0.0,66.35,-0.0,4.2835200628788375,3.0596571877706293,0.0,0.0,0.0,0.0,325.0,36.0,9.0,51.0,219.0,9.0,129.3872335207606,94.31566430720578,-53.09393018645842,0.0,13.273482546624036,0.0,ID_NORMAL_001,JOINT2_SWEEP_MEDIUM,RUN_01,50.0,0.0,NORMAL,NONE,COLD
508886.5170286,33.25,-16.47,109.48,-0.0,66.34,-0.0,1.6898457182521762,1.1828920027765113,0.3379691436506033,0.0,-0.16898457182506152,0.0,353.0,210.0,50.0,52.0,365.0,9.0,-43.82909485807821,-31.714436120270186,5.711157102993186,0.0,-2.8555785514925347,0.0,ID_NORMAL_001,JOINT2_SWEEP_MEDIUM,RUN_01,50.0,0.0,NORMAL,NONE,COLD
508886.5170286,33.35,-16.39,109.52,-0.0,66.33,-0.0,0.0,0.0,0.0,0.0,0.0,0.0,417.0,197.0,8.0,51.0,340.0,9.0,0.0,0.0,0.0,0.0,0.0,0.0,ID_NORMAL_001,JOINT2_SWEEP_MEDIUM,RUN_01,50.0,0.0,NORMAL,NONE,COLD
508886.5521558,33.45,-16.32,109.53,-0.0,66.32,-0.0,2.8467967833159,1.9927577483211099,0.2846796783317316,0.0,-0.2846796783317316,0.0,365.0,47.0,6.0,53.0,375.0,9.0,81.0425192549764,56.72976347848291,8.10425192550167,0.0,-8.10425192550167,0.0,ID_NORMAL_001,JOINT2_SWEEP_MEDIUM,RUN_01,50.0,0.0,NORMAL,NONE,COLD
508886.5974579,33.52,-16.27,109.55,-0.0,66.31,-0.0,1.5451822316947357,1.1037015940676795,0.4414806376269777,0.0,-0.220740318813332,0.0,310.0,247.0,31.0,54.0,306.0,9.0,-28.731881109718934,-19.62505389330356,3.46122937451004,0.0,1.4113994604824613,0.0,ID_NORMAL_001,JOINT2_SWEEP_MEDIUM,RUN_01,50.0,0.0,NORMAL,NONE,COLD
508886.5974579,33.62,-16.2,109.58,-0.0,66.3,-0.0,0.0,0.0,0.0,0.0,0.0,0.0,487.0,138.0,16.0,55.0,141.0,9.0,0.0,0.0,0.0,0.0,0.0,0.0,ID_NORMAL_001,JOINT2_SWEEP_MEDIUM,RUN_01,50.0,0.0,NORMAL,NONE,COLD
508886.6442485,33.73,-16.13,109.6,-0.0,66.29,-0.0,2.350899539770641,1.496026979854058,0.42743627995821554,0.0,-0.21371813997895592,0.0,333.0,312.0,44.0,53.0,246.0,9.0,50.24298769176219,31.9728103493035,9.135088671227718,0.0,-4.567544335610614,0.0,ID_NORMAL_001,JOINT2_SWEEP_MEDIUM,RUN_01,50.0,0.0,NORMAL,NONE,COLD
508886.6442485,33.83,-16.06,109.61,-0.0,66.28,-0.0,0.0,0.0,0.0,0.0,0.0,0.0,465.0,92.0,31.0,51.0,305.0,9.0,0.0,0.0,0.0,0.0,0.0,0.0,ID_NORMAL_001,JOINT2_SWEEP_MEDIUM,RUN_01,50.0,0.0,NORMAL,NONE,COLD
508886.6616197,33.89,-16.01,109.64,-0.0,66.28,-0.0,3.4539928107079816,2.8783273422563784,1.7269964053539908,0.0,0.0,0.0,271.0,98.0,5.0,51.0,312.0,9.0,198.83443894036617,165.69536578362278,99.41721947018308,0.0,0.0,0.0,ID_NORMAL_001,JOINT2_SWEEP_MEDIUM,RUN_01,50.0,0.0,NORMAL,NONE,COLD
508886.7080855,34.0,-15.94,109.65,-0.0,66.26,-0.0,2.36733253431597,1.5064843400193058,0.2152120485742903,0.0,-0.43042409714827473,0.0,140.0,143.0,14.0,52.0,293.0,9.0,-23.38623841865097,-29.523714283359407,-32.53542084249587,0.0,-9.263245170297216,0.0,ID_NORMAL_001,JOINT2_SWEEP_MEDIUM,RUN_01,50.0,0.0,NORMAL,NONE,COLD
508886.7540181,34.09,-15.87,109.67,-0.0,66.25,-0.0,1.9593926760525584,1.5239720813741606,0.4354205946782432,0.0,-0.2177102973392763,0.0,427.0,91.0,22.0,50.0,142.0,9.0,-8.88127078390241,0.3807261370155864,4.794166804891678,0.0,4.630998460456065,0.0,ID_NORMAL_001,JOINT2_SWEEP_MEDIUM,RUN_01,50.0,0.0,NORMAL,NONE,COLD
508886.7540181,34.16,-15.81,109.7,-0.0,66.25,-0.0,0.0,0.0,0.0,0.0,0.0,0.0,265.0,1.0,16.0,51.0,165.0,9.0,0.0,0.0,0.0,0.0,0.0,0.0,ID_NORMAL_001,JOINT2_SWEEP_MEDIUM,RUN_01,50.0,0.0,NORMAL,NONE,COLD
508886.8018561,34.26,-15.74,109.72,-0.0,66.24,-0.0,2.090388394225198,1.4632718759576238,0.4180776788449505,0.0,-0.20903883942262377,0.0,438.0,83.0,9.0,53.0,121.0,9.0,43.6972363871134,30.588065470979068,8.739447277420817,0.0,-4.369723638713513,0.0,ID_NORMAL_001,JOINT2_SWEEP_MEDIUM,RUN_01,50.0,0.0,NORMAL,NONE,COLD
508886.8018561,34.36,-15.67,109.74,-0.0,66.23,-0.0,0.0,0.0,0.0,0.0,0.0,0.0,613.0,0.0,7.0,51.0,115.0,9.0,0.0,0.0,0.0,0.0,0.0,0.0,ID_NORMAL_001,JOINT2_SWEEP_MEDIUM,RUN_01,50.0,0.0,NORMAL,NONE,COLD
508886.8499354,34.47,-15.6,109.76,-0.0,66.22,-0.0,2.287886885371848,1.4559280179639167,0.41597943370418733,0.0,-0.20798971685209366,0.0,96.0,249.0,15.0,54.0,177.0,9.0,47.585694547786574,30.281805621319005,8.651944463238392,0.0,-4.325972231619196,0.0,ID_NORMAL_001,JOINT2_SWEEP_MEDIUM,RUN_01,50.0,0.0,NORMAL,NONE,COLD
508886.8621148,34.53,-15.55,109.77,-0.0,66.21,-0.0,4.9263510456455135,4.105292538037685,0.8210585076068078,0.0,-0.8210585076079745,0.0,445.0,104.0,10.0,53.0,155.0,9.0,216.6333445810315,217.52832789601732,33.25936198815358,0.0,-50.33653463987916,0.0,ID_NORMAL_001,JOINT2_SWEEP_MEDIUM,RUN_01,50.0,0.0,NORMAL,NONE,COLD
508886.9121989,34.64,-15.48,109.8,-0.0,66.2,-0.0,2.1963058141278364,1.3976491544449998,0.598992494762163,0.0,-0.19966416492053185,0.0,232.0,365.0,17.0,53.0,87.0,9.0,-54.50922013467528,-54.061935508812844,-4.433862501189842,0.0,12.407018251914387,0.0,ID_NORMAL_001,JOINT2_SWEEP_MEDIUM,RUN_01,50.0,0.0,NORMAL,NONE,COLD
508886.9121989,34.74,-15.41,109.82,-0.0,66.2,-0.0,0.0,0.0,0.0,0.0,0.0,0.0,130.0,222.0,8.0,53.0,185.0,9.0,0.0,0.0,0.0,0.0,0.0,0.0,ID_NORMAL_001,JOINT2_SWEEP_MEDIUM,RUN_01,50.0,0.0,NORMAL,NONE,COLD
508886.9585108,34.84,-15.33,109.84,-0.0,66.19,-0.0,2.159272240682572,1.7274177925460348,0.43185444813672924,0.0,-0.21592722406836462,0.0,180.0,306.0,8.0,52.0,344.0,9.0,46.62456609382269,37.29965287505766,9.324913218769177,0.0,-4.662456609384589,0.0,ID_NORMAL_001,JOINT2_SWEEP_MEDIUM,RUN_01,50.0,0.0,NORMAL,NONE,COLD
508886.9898065,34.91,-15.28,109.85,-0.0,66.18,-0.0,2.2367290075895268,1.5976635768498404,0.3195327153696729,0.0,-0.3195327153696729,0.0,115.0,476.0,4.0,53.0,444.0,9.0,2.4749971053557527,-4.146071687210493,-3.5890468266116913,0.0,-3.3105343962746177,0.0,ID_NORMAL_001,JOINT2_SWEEP_MEDIUM,RUN_01,50.0,0.0,NORMAL,NONE,COLD
508886.9898065,35.01,-15.21,109.88,-0.0,66.16,-0.0,0.0,0.0,0.0,0.0,0.0,0.0,238.0,217.0,13.0,53.0,141.0,9.0,0.0,0.0,0.0,0.0,0.0,0.0,ID_NORMAL_001,JOINT2_SWEEP_MEDIUM,RUN_01,50.0,0.0,NORMAL,NONE,COLD
508887.034999,35.11,-15.14,109.9,-0.0,66.16,-0.0,2.212756538890614,1.5489295772234142,0.4425513077783429,0.0,0.0,0.0,209.0,65.0,44.0,53.0,87.0,9.0,48.962915004031,34.27404050282135,9.792583000811069,0.0,0.0,0.0,ID_NORMAL_001,JOINT2_SWEEP_MEDIUM,RUN_01,50.0,0.0,NORMAL,NONE,COLD
508887.0626845,35.21,-15.07,109.92,-0.0,66.15,-0.0,3.6119990631101615,2.5283993441770876,0.7223998126218784,0.0,-0.3611999063106825,0.0,317.0,106.0,13.0,50.0,126.0,9.0,50.54062686544831,35.37843880581347,10.108125373076152,0.0,-13.046537231896448,0.0,ID_NORMAL_001,JOINT2_SWEEP_MEDIUM,RUN_01,50.0,0.0,NORMAL,NONE,COLD
508887.1165635,35.28,-15.02,109.94,-0.0,66.14,-0.0,1.2992074831048965,0.9280053450749355,0.3712021380298951,0.0,-0.18560106901507942,0.0,437.0,152.0,4.0,52.0,127.0,9.0,-42.925658965783214,-29.703483707852552,-6.518266383984874,0.0,3.2591331919852253,0.0,ID_NORMAL_001,JOINT2_SWEEP_MEDIUM,RUN_01,50.0,0.0,NORMAL,NONE,COLD
508887.1165635,35.38,-14.95,109.97,-0.0,66.13,-0.0,0.0,0.0,0.0,0.0,0.0,0.0,382.0,158.0,26.0,53.0,162.0,9.0,0.0,0.0,0.0,0.0,0.0,0.0,ID_NORMAL_001,JOINT2_SWEEP_MEDIUM,RUN_01,50.0,0.0,NORMAL,NONE,COLD
508887.1617903,35.48,-14.87,109.98,-0.0,66.12,-0.0,2.21107838888938,1.768862711111606,0.22110783888906366,0.0,-0.22110783888874944,0.0,143.0,116.0,9.0,51.0,279.0,9.0,48.88867641813933,39.11094113451372,4.888867641816712,0.0,-4.888867641809765,0.0,ID_NORMAL_001,JOINT2_SWEEP_MEDIUM,RUN_01,50.0,0.0,NORMAL,NONE,COLD
508887.1617903,35.55,-14.83,110.01,-0.0,66.12,-0.0,0.0,0.0,0.0,0.0,0.0,0.0,241.0,103.0,5.0,53.0,285.0,9.0,0.0,0.0,0.0,0.0,0.0,0.0,ID_NORMAL_001,JOINT2_SWEEP_MEDIUM,RUN_01,50.0,0.0,NORMAL,NONE,COLD
508887.205552,35.65,-14.75,110.03,-0.0,66.11,-0.0,2.285103181613853,1.8280825452910583,0.45702063632267326,0.0,-0.228510318161499,0.0,278.0,200.0,15.0,54.0,301.0,9.0,52.21696550621681,41.77357240497289,10.443393101241137,0.0,-5.221696550624278,0.0,ID_NORMAL_001,JOINT2_SWEEP_MEDIUM,RUN_01,50.0,0.0,NORMAL,NONE,COLD
508887.2524786,35.75,-14.68,110.04,-0.0,66.1,-0.0,2.1309875429073974,1.491691280035163,0.21309875429084574,0.0,-0.21309875429084574,0.0,281.0,0.0,8.0,50.0,187.0,9.0,-3.284185062506696,-7.168455958031608,-5.197944920523447,0.0,0.32841850625083346,0.0,ID_NORMAL_001,JOINT2_SWEEP_MEDIUM,RUN_01,50.0,0.0,NORMAL,NONE,COLD
508887.2524786,35.85,-14.61,110.07,-0.0,66.09,-0.0,0.0,0.0,0.0,0.0,0.0,0.0,272.0,104.0,15.0,52.0,225.0,9.0,0.0,0.0,0.0,0.0,0.0,0.0,ID_NORMAL_001,JOINT2_SWEEP_MEDIUM,RUN_01,50.0,0.0,NORMAL,NONE,COLD
508887.2739959,35.92,-14.56,110.09,-0.0,66.08,-0.0,3.2531962670281507,2.323711619305763,0.9294846477228006,0.0,-0.4647423238614003,0.0,382.0,264.0,95.0,54.0,271.0,9.0,151.18979931151216,107.99271379393453,43.19708551759683,0.0,-21.598542758798416,0.0,ID_NORMAL_001,JOINT2_SWEEP_MEDIUM,RUN_01,50.0,0.0,NORMAL,NONE,COLD
508887.3163155,36.02,-14.49,110.1,-0.0,66.07,-0.0,2.362971294362159,1.6540799060534945,0.23629712943599762,0.0,-0.23629712943633344,0.0,519.0,122.0,21.0,53.0,193.0,9.0,-21.03576055934046,-15.823205162096404,-16.379822073218364,0.0,5.3980943676140765,0.0,ID_NORMAL_001,JOINT2_SWEEP_MEDIUM,RUN_01,50.0,0.0,NORMAL,NONE,COLD
508887.3691376,36.12,-14.42,110.13,-0.0,66.06,-0.0,1.893146997235198,1.3252028980647192,0.5679440991706132,0.0,-0.18931469972335838,0.0,321.0,124.0,130.0,54.0,165.0,9.0,-8.894464573340944,-6.226125201336815,6.278564648952757,0.0,0.8894464573393753,0.0,ID_NORMAL_001,JOINT2_SWEEP_MEDIUM,RUN_01,50.0,0.0,NORMAL,NONE,COLD
508887.3691376,36.22,-14.35,110.15,-0.0,66.05,-0.0,0.0,0.0,0.0,0.0,0.0,0.0,392.0,220.0,39.0,52.0,351.0,9.0,0.0,0.0,0.0,0.0,0.0,0.0,ID_NORMAL_001,JOINT2_SWEEP_MEDIUM,RUN_01,50.0,0.0,NORMAL,NONE,COLD
508887.4098568,36.29,-14.3,110.16,-0.0,66.05,-0.0,1.7190907490258003,1.2279219635898262,0.24558439271774712,0.0,0.0,0.0,381.0,192.0,38.0,52.0,443.0,9.0,42.218185762658216,30.155846973326533,6.03116939465995,0.0,0.0,0.0,ID_NORMAL_001,JOINT2_SWEEP_MEDIUM,RUN_01,50.0,0.0,NORMAL,NONE,COLD
508887.4098568,36.39,-14.22,110.2,-0.0,66.04,-0.0,0.0,0.0,0.0,0.0,0.0,0.0,173.0,191.0,23.0,52.0,344.0,9.0,0.0,0.0,0.0,0.0,0.0,0.0,ID_NORMAL_001,JOINT2_SWEEP_MEDIUM,RUN_01,50.0,0.0,NORMAL,NONE,COLD
508887.4608257,36.49,-14.15,110.22,-0.0,66.02,-0.0,1.9619807360461317,1.3733865152322782,0.3923961472091427,0.0,-0.3923961472094215,0.0,236.0,15.0,19.0,52.0,201.0,9.0,38.493684086160656,26.945578860312185,7.698736817230491,0.0,-7.698736817235961,0.0,ID_NORMAL_001,JOINT2_SWEEP_MEDIUM,RUN_01,50.0,0.0,NORMAL,NONE,COLD
508887.4608257,36.56,-14.1,110.22,-0.0,66.02,-0.0,0.0,0.0,0.0,0.0,0.0,0.0,148.0,202.0,39.0,52.0,135.0,9.0,0.0,0.0,0.0,0.0,0.0,0.0,ID_NORMAL_001,JOINT2_SWEEP_MEDIUM,RUN_01,50.0,0.0,NORMAL,NONE,COLD
508887.4828783,36.66,-14.03,110.25,-0.0,66.01,-0.0,4.534612700728918,3.1742288905104354,1.3603838102188042,0.0,-0.4534612700725051,0.0,321.0,260.0,5.0,53.0,202.0,9.0,205.62712345613176,143.938986419301,61.688137036845376,0.0,-20.562712345595642,0.0,ID_NORMAL_001,JOINT2_SWEEP_MEDIUM,RUN_01,50.0,0.0,NORMAL,NONE,COLD
508887.5372977,36.76,-13.96,110.27,-0.0,66.0,-0.0,1.8375799808097477,1.2863059865667776,0.3675159961618712,0.0,-0.18375799808106616,0.0,96.0,164.0,46.0,53.0,183.0,9.0,-49.56013333712259,-34.69209333599021,-18.244740187013292,0.0,4.956013333703475,0.0,ID_NORMAL_001,JOINT2_SWEEP_MEDIUM,RUN_01,50.0,0.0,NORMAL,NONE,COLD
508887.5632658,36.86,-13.89,110.29,-0.0,65.99,-0.0,3.85087857757671,2.6956150043036695,0.7701757155157251,0.0,-0.38508785775786253,0.0,298.0,37.0,21.0,52.0,171.0,9.0,77.52968436555034,54.27077905588595,15.505936873127839,0.0,-7.752968436558891,0.0,ID_NORMAL_001,JOINT2_SWEEP_MEDIUM,RUN_01,50.0,0.0,NORMAL,NONE,COLD
508887.5632658,36.93,-13.84,110.31,-0.0,65.98,-0.0,0.0,0.0,0.0,0.0,0.0,0.0,446.0,184.0,25.0,53.0,156.0,9.0,0.0,0.0,0.0,0.0,0.0,0.0,ID_NORMAL_001,JOINT2_SWEEP_MEDIUM,RUN_01,50.0,0.0,NORMAL,NONE,COLD
508887.6138335,37.03,-13.77,110.33,-0.0,65.97,-0.0,1.9775469319863568,1.3842828523904356,0.395509386397187,0.0,-0.19775469319873404,0.0,133.0,156.0,12.0,51.0,71.0,9.0,39.10691868208597,27.374843077459897,7.821383736415526,0.0,-3.910691868210542,0.0,ID_NORMAL_001,JOINT2_SWEEP_MEDIUM,RUN_01,50.0,0.0,NORMAL,NONE,COLD
508887.6620134,37.13,-13.7,110.35,-0.0,65.96,-0.0,2.075554329420113,1.4528880305940644,0.4151108658839341,0.0,-0.20755543294211454,0.0,110.0,132.0,47.0,52.0,136.0,9.0,2.034196780588272,1.4239377464117804,0.4068393561175682,0.0,-0.20341967805892872,0.0,ID_NORMAL_001,JOINT2_SWEEP_MEDIUM,RUN_01,50.0,0.0,NORMAL,NONE,COLD
508887.6620134,37.24,-13.62,110.37,-0.0,65.95,-0.0,0.0,0.0,0.0,0.0,0.0,0.0,117.0,175.0,97.0,53.0,186.0,9.0,0.0,0.0,0.0,0.0,0.0,0.0,ID_NORMAL_001,JOINT2_SWEEP_MEDIUM,RUN_01,50.0,0.0,NORMAL,NONE,COLD
508887.6784826,37.3,-13.57,110.4,-0.0,65.95,-0.0,3.643164203955092,3.0359701699627566,1.8215821019777616,0.0,0.0,0.0,66.0,70.0,41.0,52.0,155.0,9.0,221.21075694968013,184.3422974580777,110.60537847485315,0.0,0.0,0.0,ID_NORMAL_001,JOINT2_SWEEP_MEDIUM,RUN_01,50.0,0.0,NORMAL,NONE,COLD
508887.7271132,37.4,-13.5,110.41,-0.0,65.94,-0.0,2.0563184505358567,1.439422915375085,0.2056318450533957,0.0,-0.20563184505368795,0.0,240.0,151.0,67.0,51.0,176.0,9.0,-32.630602009103995,-32.8300957676095,-33.22908328461685,0.0,-4.22844557001623,0.0,ID_NORMAL_001,JOINT2_SWEEP_MEDIUM,RUN_01,50.0,0.0,NORMAL,NONE,COLD
508887.77146,37.51,-13.43,110.44,-0.0,65.93,-0.0,2.480449546773922,1.5784678934016012,0.6764862400292805,0.0,-0.22549541334287987,0.0,247.0,72.0,16.0,53.0,211.0,9.0,9.563961685785824,3.1354004793369428,10.617550641949533,0.0,-0.44791435418399267,0.0,ID_NORMAL_001,JOINT2_SWEEP_MEDIUM,RUN_01,50.0,0.0,NORMAL,NONE,COLD
508887.77146,37.61,-13.36,110.46,-0.0,65.92,-0.0,0.0,0.0,0.0,0.0,0.0,0.0,337.0,93.0,19.0,54.0,195.0,9.0,0.0,0.0,0.0,0.0,0.0,0.0,ID_NORMAL_001,JOINT2_SWEEP_MEDIUM,RUN_01,50.0,0.0,NORMAL,NONE,COLD
508887.8182646,37.67,-13.31,110.48,-0.0,65.91,-0.0,1.2819252811824204,1.0682710676519538,0.42730842706100924,0.0,-0.21365421353050462,0.0,154.0,120.0,112.0,52.0,125.0,9.0,27.38887377557609,22.82406147964539,9.129624591863022,0.0,-4.564812295931511,0.0,ID_NORMAL_001,JOINT2_SWEEP_MEDIUM,RUN_01,50.0,0.0,NORMAL,NONE,COLD
508887.8182646,37.77,-13.23,110.5,-0.0,65.9,-0.0,0.0,0.0,0.0,0.0,0.0,0.0,314.0,34.0,7.0,52.0,213.0,9.0,0.0,0.0,0.0,0.0,0.0,0.0,ID_NORMAL_001,JOINT2_SWEEP_MEDIUM,RUN_01,50.0,0.0,NORMAL,NONE,COLD
508887.8667948,37.88,-13.16,110.52,-0.0,65.89,-0.0,2.2666298523898907,1.4424008151572163,0.41211451861626386,0.0,-0.20605725930827834,0.0,426.0,30.0,18.0,53.0,183.0,9.0,46.705553524954944,29.721715879517053,8.491918822717434,0.0,-4.245959411361734,0.0,ID_NORMAL_001,JOINT2_SWEEP_MEDIUM,RUN_01,50.0,0.0,NORMAL,NONE,COLD
508887.8802292,37.98,-13.09,110.55,-0.0,65.88,-0.0,7.443577667164139,5.210504367015215,2.2330733001494534,0.0,-0.7443577667168371,0.0,216.0,114.0,39.0,52.0,172.0,9.0,385.3501313812998,280.4817144617366,135.54448119047643,0.0,-40.068816351697,0.0,ID_NORMAL_001,JOINT2_SWEEP_MEDIUM,RUN_01,50.0,0.0,NORMAL,NONE,COLD
508887.9282107,38.05,-13.04,110.56,-0.0,65.87,-0.0,1.458895616464846,1.0420682974749005,0.20841365949508375,0.0,-0.20841365949478757,0.0,265.0,237.0,43.0,53.0,115.0,9.0,-124.7289487100144,-86.87590156237559,-42.19667249405626,0.0,11.169807267091572,0.0,ID_NORMAL_001,JOINT2_SWEEP_MEDIUM,RUN_01,50.0,0.0,NORMAL,NONE,COLD
508887.9282107,38.15,-12.97,110.58,-0.0,65.86,-0.0,0.0,0.0,0.0,0.0,0.0,0.0,229.0,97.0,12.0,52.0,187.0,9.0,0.0,0.0,0.0,0.0,0.0,0.0,ID_NORMAL_001,JOINT2_SWEEP_MEDIUM,RUN_01,50.0,0.0,NORMAL,NONE,COLD
508887.9759146,38.25,-12.9,110.6,-0.0,65.86,-0.0,2.096264664883179,1.4673852654182105,0.4192529329765464,0.0,0.0,0.0,455.0,51.0,6.0,52.0,168.0,9.0,43.94325545237724,30.760278816663757,8.788651090473575,0.0,0.0,0.0,ID_NORMAL_001,JOINT2_SWEEP_MEDIUM,RUN_01,50.0,0.0,NORMAL,NONE,COLD
508887.9759146,38.31,-12.85,110.62,-0.0,65.85,-0.0,0.0,0.0,0.0,0.0,0.0,0.0,419.0,163.0,18.0,52.0,233.0,9.0,0.0,0.0,0.0,0.0,0.0,0.0,ID_NORMAL_001,JOINT2_SWEEP_MEDIUM,RUN_01,50.0,0.0,NORMAL,NONE,COLD
508888.0235857,38.42,-12.78,110.65,-0.0,65.84,-0.0,2.307477695728524,1.4683948972818017,0.6293120988350792,0.0,-0.20977069961149433,0.0,246.0,193.0,11.0,52.0,216.0,9.0,48.40412105713315,30.802622490903204,13.201123924673249,0.0,-4.40037464155358,0.0,ID_NORMAL_001,JOINT2_SWEEP_MEDIUM,RUN_01,50.0,0.0,NORMAL,NONE,COLD
508888.0709459,38.52,-12.71,110.66,-0.0,65.83,-0.0,2.1114775711442153,1.4780342998008982,0.21114775711422648,0.0,-0.21114775711452655,0.0,435.0,6.0,4.0,51.0,140.0,9.0,-4.138498670012341,0.20353382218302915,-8.829446285958532,0.0,-0.029076260318283358,0.0,ID_NORMAL_001,JOINT2_SWEEP_MEDIUM,RUN_01,50.0,0.0,NORMAL,NONE,COLD
508888.0709459,38.62,-12.63,110.69,-0.0,65.82,-0.0,0.0,0.0,0.0,0.0,0.0,0.0,459.0,38.0,66.0,53.0,145.0,9.0,0.0,0.0,0.0,0.0,0.0,0.0,ID_NORMAL_001,JOINT2_SWEEP_MEDIUM,RUN_01,50.0,0.0,NORMAL,NONE,COLD
508888.0837792,38.69,-12.59,110.7,-0.0,65.81,-0.0,5.454559627156761,3.116891215518208,0.7792228038799327,0.0,-0.7792228038788254,0.0,450.0,245.0,30.0,53.0,101.0,9.0,425.0317246601197,242.8752712343587,60.71881780861934,0.0,-60.71881780853305,0.0,ID_NORMAL_001,JOINT2_SWEEP_MEDIUM,RUN_01,50.0,0.0,NORMAL,NONE,COLD
508888.1336959,38.79,-12.51,110.72,-0.0,65.81,-0.0,2.0033375606021506,1.6026700484816994,0.40066751212034474,0.0,0.0,0.0,277.0,69.0,56.0,53.0,234.0,9.0,-69.13962795907729,-30.33496138983018,-7.583740347466777,0.0,15.61046311088152,0.0,ID_NORMAL_001,JOINT2_SWEEP_MEDIUM,RUN_01,50.0,0.0,NORMAL,NONE,COLD
508888.1801991,38.89,-12.44,110.75,-0.0,65.8,-0.0,2.150389649628707,1.5052727547400795,0.6451168948886273,0.0,-0.21503896496297764,0.0,313.0,41.0,46.0,53.0,259.0,9.0,3.1621929019898136,-2.0944213236382323,5.256614225630334,0.0,-4.624175645232507,0.0,ID_NORMAL_001,JOINT2_SWEEP_MEDIUM,RUN_01,50.0,0.0,NORMAL,NONE,COLD
508888.1801991,38.99,-12.37,110.77,-0.0,65.79,-0.0,0.0,0.0,0.0,0.0,0.0,0.0,254.0,105.0,92.0,51.0,295.0,9.0,0.0,0.0,0.0,0.0,0.0,0.0,ID_NORMAL_001,JOINT2_SWEEP_MEDIUM,RUN_01,50.0,0.0,NORMAL,NONE,COLD
508888.2287946,39.06,-12.32,110.78,-0.0,65.78,-0.0,1.4404625941542109,1.0289018529672673,0.20578037059356313,0.0,-0.20578037059356313,0.0,205.0,28.0,16.0,53.0,302.0,9.0,29.64189264510672,21.172780460789976,4.234556092160251,0.0,-4.234556092160251,0.0,ID_NORMAL_001,JOINT2_SWEEP_MEDIUM,RUN_01,50.0,0.0,NORMAL,NONE,COLD
508888.2287946,39.16,-12.25,110.81,-0.0,65.76,-0.0,0.0,0.0,0.0,0.0,0.0,0.0,186.0,78.0,18.0,52.0,43.0,9.0,0.0,0.0,0.0,0.0,0.0,0.0,ID_NORMAL_001,JOINT2_SWEEP_MEDIUM,RUN_01,50.0,0.0,NORMAL,NONE,COLD
508888.2745534,39.26,-12.18,110.83,-0.0,65.76,-0.0,2.185371994067609,1.529760395847311,0.4370743988134287,0.0,0.0,0.0,394.0,32.0,12.0,55.0,70.0,9.0,47.7585075245497,33.43095526718446,9.551701504907905,0.0,0.0,0.0,ID_NORMAL_001,JOINT2_SWEEP_MEDIUM,RUN_01,50.0,0.0,NORMAL,NONE,COLD
508888.2870572,39.36,-12.1,110.85,-0.0,65.75,-0.0,7.997568750380443,6.39805500030427,1.5995137500757477,0.0,-0.7997568750384421,0.0,423.0,86.0,20.0,52.0,220.0,9.0,464.83443149349444,389.34520796250143,92.96688629867906,0.0,-63.9611059170927,0.0,ID_NORMAL_001,JOINT2_SWEEP_MEDIUM,RUN_01,50.0,0.0,NORMAL,NONE,COLD
508888.3368876,39.43,-12.05,110.87,-0.0,65.75,-0.0,1.4047649617467823,1.003403544104819,0.4013614176421415,0.0,0.0,0.0,177.0,55.0,11.0,53.0,266.0,9.0,-132.3048537420567,-108.26024780721735,-24.04460593482723,0.0,16.049577656715694,0.0,ID_NORMAL_001,JOINT2_SWEEP_MEDIUM,RUN_01,50.0,0.0,NORMAL,NONE,COLD
508888.3368876,39.53,-11.98,110.9,-0.0,65.73,-0.0,0.0,0.0,0.0,0.0,0.0,0.0,363.0,102.0,5.0,53.0,188.0,9.0,0.0,0.0,0.0,0.0,0.0,0.0,ID_NORMAL_001,JOINT2_SWEEP_MEDIUM,RUN_01,50.0,0.0,NORMAL,NONE,COLD
508888.3882634,39.63,-11.91,110.91,-0.0,65.72,-0.0,1.9464417104026832,1.3625091972818644,0.19464417104008852,0.0,-0.19464417104036513,0.0,218.0,127.0,26.0,53.0,10.0,9.0,37.88635331995269,26.520447323966614,3.7886353319917694,0.0,-3.7886353319971535,0.0,ID_NORMAL_001,JOINT2_SWEEP_MEDIUM,RUN_01,50.0,0.0,NORMAL,NONE,COLD
508888.3882634,39.7,-11.86,110.93,-0.0,65.71,-0.0,0.0,0.0,0.0,0.0,0.0,0.0,158.0,133.0,13.0,54.0,35.0,9.0,0.0,0.0,0.0,0.0,0.0,0.0,ID_NORMAL_001,JOINT2_SWEEP_MEDIUM,RUN_01,50.0,0.0,NORMAL,NONE,COLD
508888.4334979,39.8,-11.79,110.96,-0.0,65.71,-0.0,2.210702007295136,1.5474914051066893,0.6632106021882894,0.0,0.0,0.0,45.0,78.0,21.0,51.0,147.0,9.0,48.87203365059021,34.210423555415225,14.661610095171506,0.0,0.0,0.0,ID_NORMAL_001,JOINT2_SWEEP_MEDIUM,RUN_01,50.0,0.0,NORMAL,NONE,COLD
508888.4798774,39.9,-11.72,110.97,-0.0,65.7,-0.0,2.1561250143453368,1.509287510041682,0.2156125014346409,0.0,-0.2156125014343345,0.0,216.0,42.0,12.0,54.0,378.0,9.0,-1.1767481970680953,-0.8237237379508523,-9.650774614083922,0.0,-4.648875077481318,0.0,ID_NORMAL_001,JOINT2_SWEEP_MEDIUM,RUN_01,50.0,0.0,NORMAL,NONE,COLD
508888.4798774,40.0,-11.65,110.99,-0.0,65.69,-0.0,0.0,0.0,0.0,0.0,0.0,0.0,239.0,247.0,19.0,53.0,490.0,9.0,0.0,0.0,0.0,0.0,0.0,0.0,ID_NORMAL_001,JOINT2_SWEEP_MEDIUM,RUN_01,50.0,0.0,NORMAL,NONE,COLD
508888.4937014,40.07,-11.6,111.02,-0.0,65.68,-0.0,5.063657398870778,3.6168981420505926,2.170138885230407,0.0,-0.7233796284094504,0.0,140.0,194.0,26.0,53.0,444.0,9.0,366.2946607591239,261.6390433993769,156.98342603962982,0.0,-52.327808679827044,0.0,ID_NORMAL_001,JOINT2_SWEEP_MEDIUM,RUN_01,50.0,0.0,NORMAL,NONE,COLD
508888.5413652,40.17,-11.52,111.03,-0.0,65.67,-0.0,2.0980282725482238,1.6784226180385569,0.20980282725492674,0.0,-0.20980282725492674,0.0,667.0,4.0,21.0,50.0,257.0,9.0,-62.21973752917119,-40.66976455019927,-41.12840473328233,0.0,10.774986489470527,0.0,ID_NORMAL_001,JOINT2_SWEEP_MEDIUM,RUN_01,50.0,0.0,NORMAL,NONE,COLD
508888.5896094,40.27,-11.45,111.05,-0.0,65.66,-0.0,2.072788023976675,1.4509516167836576,0.41455760479524656,0.0,-0.20727880239777058,0.0,152.0,187.0,41.0,52.0,205.0,9.0,-0.5231768496130004,-4.714991672031316,4.244132507375771,0.0,0.05231768496132662,0.0,ID_NORMAL_001,JOINT2_SWEEP_MEDIUM,RUN_01,50.0,0.0,NORMAL,NONE,COLD
508888.5896094,40.37,-11.38,111.08,-0.0,65.65,-0.0,0.0,0.0,0.0,0.0,0.0,0.0,440.0,130.0,74.0,53.0,252.0,9.0,0.0,0.0,0.0,0.0,0.0,0.0,ID_NORMAL_001,JOINT2_SWEEP_MEDIUM,RUN_01,50.0,0.0,NORMAL,NONE,COLD
508888.6301597,40.44,-11.33,111.09,-0.0,65.64,-0.0,1.7262511014067647,1.2330365010048445,0.24660730020109153,0.0,-0.24660730020109153,0.0,271.0,164.0,32.0,53.0,238.0,9.0,42.57061235868652,30.407580256204966,6.081516051244017,0.0,-6.081516051244017,0.0,ID_NORMAL_001,JOINT2_SWEEP_MEDIUM,RUN_01,50.0,0.0,NORMAL,NONE,COLD
508888.6301597,40.54,-11.26,111.11,-0.0,65.63,-0.0,0.0,0.0,0.0,0.0,0.0,0.0,110.0,32.0,29.0,54.0,204.0,9.0,0.0,0.0,0.0,0.0,0.0,0.0,ID_NORMAL_001,JOINT2_SWEEP_MEDIUM,RUN_01,50.0,0.0,NORMAL,NONE,COLD
508888.6929944,40.65,-11.19,111.14,-0.0,65.63,-0.0,1.7506250530677803,1.1140341246795067,0.47744319629123333,0.0,0.0,0.0,258.0,255.0,21.0,53.0,274.0,9.0,27.86080069480531,17.729600442148996,7.5984001894926845,0.0,0.0,0.0,ID_NORMAL_001,JOINT2_SWEEP_MEDIUM,RUN_01,50.0,0.0,NORMAL,NONE,COLD
508888.6938193,40.75,-11.12,111.16,-0.0,65.61,-0.0,121.22681614042381,84.8587712982958,24.245363228079594,0.0,-24.245363228079594,0.0,254.0,335.0,9.0,50.0,165.0,9.0,144837.18250104846,101521.07856073954,28813.092717338626,0.0,-29391.881903081554,0.0,ID_NORMAL_001,JOINT2_SWEEP_MEDIUM,RUN_01,50.0,0.0,NORMAL,NONE,COLD
508888.754152,40.81,-11.07,111.17,-0.0,65.61,-0.0,0.9944855770100282,0.8287379808416411,0.16574759616841653,0.0,0.0,0.0,344.0,131.0,7.0,53.0,267.0,9.0,-1992.8219772602076,-1392.7776028312855,-399.11384076466624,0.0,401.86106732822566,0.0,ID_NORMAL_001,JOINT2_SWEEP_MEDIUM,RUN_01,50.0,0.0,NORMAL,NONE,COLD
508888.754152,40.91,-10.99,111.2,-0.0,65.6,-0.0,0.0,0.0,0.0,0.0,0.0,0.0,375.0,144.0,9.0,51.0,347.0,9.0,0.0,0.0,0.0,0.0,0.0,0.0,ID_NORMAL_001,JOINT2_SWEEP_MEDIUM,RUN_01,50.0,0.0,NORMAL,NONE,COLD
508888.7937208,41.02,-10.92,111.22,-0.0,65.59,-0.0,2.779968054690629,1.7690705802575752,0.5054487372163474,0.0,-0.25272436860799413,0.0,376.0,110.0,4.0,51.0,381.0,9.0,70.2565671372722,44.708724541898015,12.773921297682554,0.0,-6.386960648836738,0.0,ID_NORMAL_001,JOINT2_SWEEP_MEDIUM,RUN_01,50.0,0.0,NORMAL,NONE,COLD
508888.8466385,41.12,-10.85,111.24,-0.0,65.58,-0.0,1.8897268788513066,1.3228088151959954,0.37794537577020765,0.0,-0.18897268788523808,0.0,325.0,199.0,12.0,51.0,158.0,9.0,-16.823126786438557,-8.433128524405424,-2.4094652926867743,0.0,1.2047326463374566,0.0,ID_NORMAL_001,JOINT2_SWEEP_MEDIUM,RUN_01,50.0,0.0,NORMAL,NONE,COLD
508888.8466385,41.18,-10.8,111.27,-0.0,65.57,-0.0,0.0,0.0,0.0,0.0,0.0,0.0,465.0,56.0,12.0,52.0,148.0,9.0,0.0,0.0,0.0,0.0,0.0,0.0,ID_NORMAL_001,JOINT2_SWEEP_MEDIUM,RUN_01,50.0,0.0,NORMAL,NONE,COLD
508888.8868155,41.29,-10.73,111.28,-0.0,65.56,-0.0,2.7378848603121178,1.7422903656531818,0.2488986236648666,0.0,-0.2488986236645129,0.0,323.0,49.0,5.0,54.0,292.0,9.0,68.1455773484213,43.36536740354123,6.19505248622332,0.0,-6.195052486214516,0.0,ID_NORMAL_001,JOINT2_SWEEP_MEDIUM,RUN_01,50.0,0.0,NORMAL,NONE,COLD
508888.8868155,41.39,-10.66,111.31,-0.0,65.55,-0.0,0.0,0.0,0.0,0.0,0.0,0.0,302.0,0.0,13.0,53.0,290.0,9.0,0.0,0.0,0.0,0.0,0.0,0.0,ID_NORMAL_001,JOINT2_SWEEP_MEDIUM,RUN_01,50.0,0.0,NORMAL,NONE,COLD
508888.9038957,41.45,-10.61,111.32,-0.0,65.55,-0.0,3.512839423758945,2.927366186465718,0.5854732372926028,0.0,0.0,0.0,566.0,4.0,11.0,52.0,261.0,9.0,205.66734695191013,171.3894557932544,34.27789115861921,0.0,0.0,0.0,ID_NORMAL_001,JOINT2_SWEEP_MEDIUM,RUN_01,50.0,0.0,NORMAL,NONE,COLD
508888.9510941,41.56,-10.54,111.34,-0.0,65.54,-0.0,2.3305874766623953,1.483101121512447,0.4237431775751999,0.0,-0.21187158878729886,0.0,49.0,83.0,60.0,52.0,299.0,9.0,-25.04855983784514,-30.599873394191928,-3.426600470702204,0.0,-4.488957013529509,0.0,ID_NORMAL_001,JOINT2_SWEEP_MEDIUM,RUN_01,50.0,0.0,NORMAL,NONE,COLD
508888.9971447,41.66,-10.47,111.36,-0.0,65.53,-0.0,2.171524366248557,1.5200670563740442,0.4343048732496497,0.0,-0.21715243662497916,0.0,49.0,158.0,15.0,53.0,292.0,9.0,-3.45409420034954,0.8027242827311979,0.2293497950597106,0.0,-0.11467489753974411,0.0,ID_NORMAL_001,JOINT2_SWEEP_MEDIUM,RUN_01,50.0,0.0,NORMAL,NONE,COLD
508888.9971447,41.76,-10.39,111.39,-0.0,65.52,-0.0,0.0,0.0,0.0,0.0,0.0,0.0,369.0,40.0,34.0,51.0,198.0,9.0,0.0,0.0,0.0,0.0,0.0,0.0,ID_NORMAL_001,JOINT2_SWEEP_MEDIUM,RUN_01,50.0,0.0,NORMAL,NONE,COLD
508889.04453,41.83,-10.34,111.4,-0.0,65.51,-0.0,1.4772513843118515,1.0551795602227618,0.21103591204465733,0.0,-0.21103591204435743,0.0,319.0,113.0,15.0,54.0,272.0,9.0,31.175309320732467,22.268078086237704,4.453615617249755,0.0,-4.453615617243427,0.0,ID_NORMAL_001,JOINT2_SWEEP_MEDIUM,RUN_01,50.0,0.0,NORMAL,NONE,COLD
508889.04453,41.93,-10.27,111.42,-0.0,65.5,-0.0,0.0,0.0,0.0,0.0,0.0,0.0,96.0,167.0,37.0,53.0,175.0,9.0,0.0,0.0,0.0,0.0,0.0,0.0,ID_NORMAL_001,JOINT2_SWEEP_MEDIUM,RUN_01,50.0,0.0,NORMAL,NONE,COLD
508889.0920838,42.03,-10.2,111.45,-0.0,65.49,-0.0,2.1028813685707375,1.4720169579995013,0.6308644105712362,0.0,-0.21028813685717834,0.0,461.0,103.0,8.0,52.0,181.0,9.0,44.22110050281875,30.954770351972808,13.26633015084594,0.0,-4.422110050284075,0.0,ID_NORMAL_001,JOINT2_SWEEP_MEDIUM,RUN_01,50.0,0.0,NORMAL,NONE,COLD
508889.095853,42.13,-10.13,111.47,-0.0,65.48,-0.0,26.53082879372969,18.57158015561012,5.306165758744807,0.0,-2.653082879370518,0.0,238.0,268.0,5.0,53.0,191.0,9.0,6480.936909191129,4536.65583643362,1240.3961962748483,0.0,-648.093690918435,0.0,ID_NORMAL_001,JOINT2_SWEEP_MEDIUM,RUN_01,50.0,0.0,NORMAL,NONE,COLD
508889.1375965,42.19,-10.08,111.49,-0.0,65.47,-0.0,1.4373495280370372,1.1977912733643112,0.47911650934562233,0.0,-0.2395582546729814,0.0,131.0,96.0,9.0,53.0,154.0,9.0,-601.1350096558904,-416.2034541685525,-115.63594934060019,0.0,57.81797467025085,0.0,ID_NORMAL_001,JOINT2_SWEEP_MEDIUM,RUN_01,50.0,0.0,NORMAL,NONE,COLD
508889.1772872,42.29,-10.01,111.51,-0.0,65.47,-0.0,2.519481893083456,1.7636373251584012,0.5038963786169418,0.0,0.0,0.0,369.0,49.0,13.0,52.0,179.0,9.0,27.2641289965399,14.256388817679529,0.6243243194206367,0.0,6.035626849872433,0.0,ID_NORMAL_001,JOINT2_SWEEP_MEDIUM,RUN_01,50.0,0.0,NORMAL,NONE,COLD
508889.1772872,42.39,-9.94,111.53,-0.0,65.46,-0.0,0.0,0.0,0.0,0.0,0.0,0.0,104.0,62.0,5.0,53.0,334.0,9.0,0.0,0.0,0.0,0.0,0.0,0.0,ID_NORMAL_001,JOINT2_SWEEP_MEDIUM,RUN_01,50.0,0.0,NORMAL,NONE,COLD
508889.2321723,42.48,-9.87,111.55,-0.0,65.45,-0.0,1.639789305556261,1.2753916820993716,0.36439762345688936,0.0,-0.1821988117283152,0.0,233.0,73.0,8.0,53.0,208.0,9.0,29.876766295742165,23.2374848966894,6.639281399052766,0.0,-3.319640699524024,0.0,ID_NORMAL_001,JOINT2_SWEEP_MEDIUM,RUN_01,50.0,0.0,NORMAL,NONE,COLD
508889.2762388,42.55,-9.83,111.57,-0.0,65.44,-0.0,1.58850827599697,0.9077190148553883,0.45385950742761355,0.0,-0.226929753713968,0.0,312.0,128.0,130.0,53.0,188.0,9.0,-1.163719140808265,-8.343586782499216,2.0301563296253637,0.0,-1.015078164819279,0.0,ID_NORMAL_001,JOINT2_SWEEP_MEDIUM,RUN_01,50.0,0.0,NORMAL,NONE,COLD
508889.2762388,42.64,-9.76,111.58,-0.0,65.43,-0.0,0.0,0.0,0.0,0.0,0.0,0.0,201.0,157.0,104.0,52.0,136.0,9.0,0.0,0.0,0.0,0.0,0.0,0.0,ID_NORMAL_001,JOINT2_SWEEP_MEDIUM,RUN_01,50.0,0.0,NORMAL,NONE,COLD
508889.2984541,42.73,-9.7,111.61,-0.0,65.42,-0.0,4.0512619774792515,2.7008413183196347,1.3504206591598573,0.0,-0.45014021972016566,0.0,534.0,72.0,53.0,51.0,141.0,9.0,182.36359566855302,121.57573044570802,60.78786522285581,0.0,-20.262621740961535,0.0,ID_NORMAL_001,JOINT2_SWEEP_MEDIUM,RUN_01,50.0,0.0,NORMAL,NONE,COLD
508889.3679436,42.82,-9.64,111.63,-0.0,65.41,-0.0,1.295159700019278,0.863439800012801,0.28781326667088253,0.0,-0.14390663333554352,0.0,410.0,66.0,170.0,53.0,115.0,9.0,-39.66213998774859,-26.44142665850172,-15.291625241047063,0.0,4.406904443085777,0.0,ID_NORMAL_001,JOINT2_SWEEP_MEDIUM,RUN_01,50.0,0.0,NORMAL,NONE,COLD
508889.3877628,42.88,-9.6,111.64,-0.0,65.41,-0.0,3.0273674042556538,2.018244936170406,0.5045612340428479,0.0,0.0,0.0,211.0,173.0,123.0,52.0,145.0,9.0,87.40048568675871,58.2669904578402,10.936262189342186,0.0,7.260970850269633,0.0,ID_NORMAL_001,JOINT2_SWEEP_MEDIUM,RUN_01,50.0,0.0,NORMAL,NONE,COLD
508889.3877628,42.97,-9.53,111.66,-0.0,65.4,-0.0,0.0,0.0,0.0,0.0,0.0,0.0,561.0,76.0,43.0,52.0,191.0,9.0,0.0,0.0,0.0,0.0,0.0,0.0,ID_NORMAL_001,JOINT2_SWEEP_MEDIUM,RUN_01,50.0,0.0,NORMAL,NONE,COLD
508889.4332816,43.05,-9.47,111.68,-0.0,65.39,-0.0,1.7575155746617401,1.318136680996305,0.4393788936656692,0.0,-0.2196894468328346,0.0,299.0,85.0,55.0,52.0,171.0,9.0,38.61076243973316,28.958071829799866,9.652690609938434,0.0,-4.826345304969217,0.0,ID_NORMAL_001,JOINT2_SWEEP_MEDIUM,RUN_01,50.0,0.0,NORMAL,NONE,COLD
508889.4332816,43.11,-9.43,111.69,-0.0,65.39,-0.0,0.0,0.0,0.0,0.0,0.0,0.0,153.0,58.0,47.0,52.0,169.0,9.0,0.0,0.0,0.0,0.0,0.0,0.0,ID_NORMAL_001,JOINT2_SWEEP_MEDIUM,RUN_01,50.0,0.0,NORMAL,NONE,COLD
508889.4816505,43.19,-9.37,111.7,-0.0,65.38,-0.0,1.653955331943806,1.2404664989578913,0.20674441649308595,0.0,-0.20674441649308595,0.0,269.0,73.0,18.0,51.0,136.0,9.0,34.19460300081755,25.645952250613924,4.274325375104472,0.0,-4.274325375104472,0.0,ID_NORMAL_001,JOINT2_SWEEP_MEDIUM,RUN_01,50.0,0.0,NORMAL,NONE,COLD
508889.4816505,43.27,-9.31,111.73,-0.0,65.37,-0.0,0.0,0.0,0.0,0.0,0.0,0.0,164.0,147.0,28.0,51.0,74.0,9.0,0.0,0.0,0.0,0.0,0.0,0.0,ID_NORMAL_001,JOINT2_SWEEP_MEDIUM,RUN_01,50.0,0.0,NORMAL,NONE,COLD
508889.5056759,43.35,-9.26,111.74,-0.0,65.37,-0.0,3.3298092778582755,2.081130798661496,0.41622615973191474,0.0,0.0,0.0,329.0,193.0,10.0,52.0,173.0,9.0,138.59537283639108,86.6221080227475,17.324421604533498,0.0,0.0,0.0,ID_NORMAL_001,JOINT2_SWEEP_MEDIUM,RUN_01,50.0,0.0,NORMAL,NONE,COLD
508889.5671055,43.4,-9.22,111.75,-0.0,65.36,-0.0,0.8139398596312323,0.651151887705009,0.16278797192633898,0.0,-0.16278797192633898,0.0,397.0,89.0,7.0,52.0,232.0,9.0,-40.95532802244692,-23.27833668119223,-4.125668860153518,0.0,-2.649992380387697,0.0,ID_NORMAL_001,JOINT2_SWEEP_MEDIUM,RUN_01,50.0,0.0,NORMAL,NONE,COLD
508889.6045596,43.47,-9.17,111.77,-0.0,65.36,-0.0,1.8689542678638613,1.334967334188486,0.5339869336752806,0.0,0.0,0.0,375.0,170.0,13.0,51.0,347.0,9.0,28.168195441774714,18.257425673378872,9.910769768390226,0.0,4.346332498409035,0.0,ID_NORMAL_001,JOINT2_SWEEP_MEDIUM,RUN_01,50.0,0.0,NORMAL,NONE,COLD
508889.6045596,43.55,-9.12,111.78,-0.0,65.34,-0.0,0.0,0.0,0.0,0.0,0.0,0.0,283.0,199.0,12.0,53.0,174.0,9.0,0.0,0.0,0.0,0.0,0.0,0.0,ID_NORMAL_001,JOINT2_SWEEP_MEDIUM,RUN_01,50.0,0.0,NORMAL,NONE,COLD
508889.6555347,43.62,-9.07,111.8,-0.0,65.34,-0.0,1.3732194732591045,0.980871052327907,0.3923484209310931,0.0,0.0,0.0,404.0,192.0,6.0,52.0,128.0,9.0,26.939024596257216,19.242160425897524,7.696864170357642,0.0,0.0,0.0,ID_NORMAL_001,JOINT2_SWEEP_MEDIUM,RUN_01,50.0,0.0,NORMAL,NONE,COLD
508889.6555347,43.67,-9.03,111.81,-0.0,65.33,-0.0,0.0,0.0,0.0,0.0,0.0,0.0,650.0,190.0,9.0,53.0,118.0,9.0,0.0,0.0,0.0,0.0,0.0,0.0,ID_NORMAL_001,JOINT2_SWEEP_MEDIUM,RUN_01,50.0,0.0,NORMAL,NONE,COLD
508889.700075,43.74,-8.98,111.83,-0.0,65.32,-0.0,1.571610430061459,1.1225788786152995,0.44903155144604,0.0,-0.22451577572317954,0.0,398.0,183.0,14.0,53.0,65.0,9.0,35.285133483970775,25.203666774264203,10.08146670970389,0.0,-5.040733354855527,0.0,ID_NORMAL_001,JOINT2_SWEEP_MEDIUM,RUN_01,50.0,0.0,NORMAL,NONE,COLD
508889.700075,43.8,-8.93,111.84,-0.0,65.32,-0.0,0.0,0.0,0.0,0.0,0.0,0.0,247.0,73.0,12.0,53.0,24.0,9.0,0.0,0.0,0.0,0.0,0.0,0.0,ID_NORMAL_001,JOINT2_SWEEP_MEDIUM,RUN_01,50.0,0.0,NORMAL,NONE,COLD
508889.7246978,43.86,-8.89,111.85,-0.0,65.31,-0.0,2.4367659239416426,1.6245106159609988,0.406127653989889,0.0,-0.406127653989889,0.0,262.0,297.0,9.0,53.0,39.0,9.0,98.96380280138236,65.97586853425099,16.4939671335481,0.0,-16.4939671335481,0.0,ID_NORMAL_001,JOINT2_SWEEP_MEDIUM,RUN_01,50.0,0.0,NORMAL,NONE,COLD
508889.778588,43.91,-8.86,111.86,-0.0,65.31,-0.0,0.9278124782646403,0.556687486958837,0.18556249565303354,0.0,0.0,0.0,378.0,190.0,33.0,52.0,34.0,9.0,-28.00051672039255,-19.814792473357095,-4.0928621235072455,0.0,7.5362061028036935,0.0,ID_NORMAL_001,JOINT2_SWEEP_MEDIUM,RUN_01,50.0,0.0,NORMAL,NONE,COLD
508889.8241947,43.97,-8.82,111.88,-0.0,65.31,-0.0,1.315596173224799,0.8770641154831473,0.4385320577414958,0.0,0.0,0.0,186.0,97.0,10.0,53.0,134.0,9.0,8.502779085475636,7.024771107953828,5.546763130432025,0.0,0.0,0.0,ID_NORMAL_001,JOINT2_SWEEP_MEDIUM,RUN_01,50.0,0.0,NORMAL,NONE,COLD
508889.8241947,44.03,-8.77,111.89,-0.0,65.3,-0.0,0.0,0.0,0.0,0.0,0.0,0.0,168.0,292.0,11.0,52.0,130.0,9.0,0.0,0.0,0.0,0.0,0.0,0.0,ID_NORMAL_001,JOINT2_SWEEP_MEDIUM,RUN_01,50.0,0.0,NORMAL,NONE,COLD
508889.8698251,44.07,-8.75,111.9,-0.0,65.3,-0.0,0.8766085765298507,0.43830428826492535,0.21915214413257947,0.0,0.0,0.0,153.0,56.0,16.0,54.0,133.0,9.0,19.211064911142685,9.605532455571343,4.802766227788231,0.0,0.0,0.0,ID_NORMAL_001,JOINT2_SWEEP_MEDIUM,RUN_01,50.0,0.0,NORMAL,NONE,COLD
508889.8698251,44.11,-8.72,111.91,-0.0,65.29,-0.0,0.0,0.0,0.0,0.0,0.0,0.0,190.0,173.0,69.0,53.0,146.0,9.0,0.0,0.0,0.0,0.0,0.0,0.0,ID_NORMAL_001,JOINT2_SWEEP_MEDIUM,RUN_01,50.0,0.0,NORMAL,NONE,COLD
508889.9073385,44.18,-8.66,111.92,-0.0,65.29,-0.0,1.8659998816867078,1.5994284700171848,0.26657141166966497,0.0,0.0,0.0,399.0,115.0,21.0,53.0,194.0,9.0,49.7422222636399,42.636190511691524,7.106031751952164,0.0,0.0,0.0,ID_NORMAL_001,JOINT2_SWEEP_MEDIUM,RUN_01,50.0,0.0,NORMAL,NONE,COLD
508889.9486257,44.23,-8.62,111.94,-0.0,65.28,-0.0,1.2110290840294171,0.9688232672236111,0.484411633611698,0.0,-0.2422058168060211,0.0,77.0,95.0,9.0,53.0,255.0,9.0,-15.86377370305941,-15.273624822466594,5.276216888864803,0.0,-5.866365769464184,0.0,ID_NORMAL_001,JOINT2_SWEEP_MEDIUM,RUN_01,50.0,0.0,NORMAL,NONE,COLD
508889.9486257,44.27,-8.6,111.94,-0.0,65.28,-0.0,0.0,0.0,0.0,0.0,0.0,0.0,192.0,122.0,17.0,54.0,283.0,9.0,0.0,0.0,0.0,0.0,0.0,0.0,ID_NORMAL_001,JOINT2_SWEEP_MEDIUM,RUN_01,50.0,0.0,NORMAL,NONE,COLD
508889.9943417,44.32,-8.57,111.96,-0.0,65.27,-0.0,1.0937089867704262,0.656225392062279,0.43748359470810827,0.0,-0.21874179735420957,0.0,349.0,2.0,13.0,52.0,277.0,9.0,23.923986954849205,14.354392172910034,9.56959478193832,0.0,-4.78479739097256,0.0,ID_NORMAL_001,JOINT2_SWEEP_MEDIUM,RUN_01,50.0,0.0,NORMAL,NONE,COLD
508890.0409593,44.37,-8.53,111.96,-0.0,65.27,-0.0,1.0725562873147092,0.858045029851836,0.0,0.0,0.0,0.0,269.0,70.0,14.0,53.0,336.0,9.0,-0.4537492158981789,4.329258428295577,-9.384515602024965,0.0,4.692257801015817,0.0,ID_NORMAL_001,JOINT2_SWEEP_MEDIUM,RUN_01,50.0,0.0,NORMAL,NONE,COLD
508890.0409593,44.42,-8.5,111.97,-0.0,65.26,-0.0,0.0,0.0,0.0,0.0,0.0,0.0,171.0,174.0,47.0,54.0,344.0,9.0,0.0,0.0,0.0,0.0,0.0,0.0,ID_NORMAL_001,JOINT2_SWEEP_MEDIUM,RUN_01,50.0,0.0,NORMAL,NONE,COLD
508890.0885759,44.45,-8.48,111.98,-0.0,65.26,-0.0,0.6300323836544199,0.42002158910292176,0.2100107945515728,0.0,0.0,0.0,215.0,101.0,70.0,51.0,320.0,9.0,13.231360148441839,8.82090676562737,4.410453382816035,0.0,0.0,0.0,ID_NORMAL_001,JOINT2_SWEEP_MEDIUM,RUN_01,50.0,0.0,NORMAL,NONE,COLD
508890.0885759,44.49,-8.45,111.99,-0.0,65.26,-0.0,0.0,0.0,0.0,0.0,0.0,0.0,70.0,372.0,104.0,52.0,314.0,9.0,0.0,0.0,0.0,0.0,0.0,0.0,ID_NORMAL_001,JOINT2_SWEEP_MEDIUM,RUN_01,50.0,0.0,NORMAL,NONE,COLD
508890.1085875,44.53,-8.42,112.0,-0.0,65.25,-0.0,1.9988406733549378,1.4991305050162034,0.4997101683390008,0.0,-0.4997101683390008,0.0,258.0,43.0,69.0,53.0,263.0,9.0,99.88410093645265,74.9130757023395,24.971025234126472,0.0,-24.971025234126472,0.0,ID_NORMAL_001,JOINT2_SWEEP_MEDIUM,RUN_01,50.0,0.0,NORMAL,NONE,COLD
508890.1502978,44.57,-8.39,112.01,-0.0,65.25,-0.0,0.9589957391600725,0.7192468043700544,0.2397489347901459,0.0,0.0,0.0,523.0,75.0,106.0,54.0,226.0,9.0,-24.930171532002074,-18.697628649001558,-6.232542883003842,0.0,11.980498056301863,0.0,ID_NORMAL_001,JOINT2_SWEEP_MEDIUM,RUN_01,50.0,0.0,NORMAL,NONE,COLD
508890.1995869,44.6,-8.36,112.01,-0.0,65.25,-0.0,0.6086538404430971,0.6086538404430971,0.0,0.0,0.0,0.0,361.0,94.0,126.0,52.0,224.0,9.0,-7.107898070740186,-2.2437610740041634,-4.8641369967386145,0.0,0.0,0.0,ID_NORMAL_001,JOINT2_SWEEP_MEDIUM,RUN_01,50.0,0.0,NORMAL,NONE,COLD
508890.1995869,44.63,-8.34,112.03,-0.0,65.24,-0.0,0.0,0.0,0.0,0.0,0.0,0.0,237.0,37.0,17.0,52.0,198.0,9.0,0.0,0.0,0.0,0.0,0.0,0.0,ID_NORMAL_001,JOINT2_SWEEP_MEDIUM,RUN_01,50.0,0.0,NORMAL,NONE,COLD
508890.2419128,44.67,-8.31,112.03,-0.0,65.24,-0.0,0.9450478313568905,0.7087858735176679,0.0,0.0,0.0,0.0,258.0,35.0,11.0,54.0,212.0,9.0,22.32788508880952,16.74591381660714,0.0,0.0,0.0,0.0,ID_NORMAL_001,JOINT2_SWEEP_MEDIUM,RUN_01,50.0,0.0,NORMAL,NONE,COLD
508890.2717971,44.7,-8.29,112.04,-0.0,65.24,-0.0,1.0038715974563825,0.6692477316376082,0.3346238658189527,0.0,0.0,0.0,163.0,44.0,11.0,52.0,205.0,9.0,1.9683836014231808,-1.323040588319703,11.197313157556318,0.0,0.0,0.0,ID_NORMAL_001,JOINT2_SWEEP_MEDIUM,RUN_01,50.0,0.0,NORMAL,NONE,COLD
508890.2717971,44.72,-8.28,112.04,-0.0,65.23,-0.0,0.0,0.0,0.0,0.0,0.0,0.0,192.0,30.0,6.0,51.0,205.0,9.0,0.0,0.0,0.0,0.0,0.0,0.0,ID_NORMAL_001,JOINT2_SWEEP_MEDIUM,RUN_01,50.0,0.0,NORMAL,NONE,COLD
508890.3116128,44.75,-8.26,112.05,-0.0,65.23,-0.0,0.7534716210084843,0.5023144140056264,0.25115720700259014,0.0,0.0,0.0,146.0,40.0,12.0,52.0,110.0,9.0,18.923982788837716,12.61598852589106,6.307994262939928,0.0,0.0,0.0,ID_NORMAL_001,JOINT2_SWEEP_MEDIUM,RUN_01,50.0,0.0,NORMAL,NONE,COLD
508890.3524433,44.78,-8.24,112.06,-0.0,65.23,-0.0,0.7347448595513452,0.48982990636753443,0.24491495318389775,0.0,0.0,0.0,123.0,47.0,7.0,52.0,109.0,9.0,-0.4586463905558907,-0.30576426037057386,-0.15288213017662727,0.0,0.0,0.0,ID_NORMAL_001,JOINT2_SWEEP_MEDIUM,RUN_01,50.0,0.0,NORMAL,NONE,COLD
508890.4018884,44.8,-8.22,112.06,-0.0,65.23,-0.0,0.4044890190341805,0.4044890190342524,0.0,0.0,0.0,0.0,190.0,51.0,13.0,54.0,126.0,9.0,-6.679243048056164,-1.7259725900476321,-4.953270458008838,0.0,0.0,0.0,ID_NORMAL_001,JOINT2_SWEEP_MEDIUM,RUN_01,50.0,0.0,NORMAL,NONE,COLD
508890.4018884,44.83,-8.2,112.07,-0.0,65.22,-0.0,0.0,0.0,0.0,0.0,0.0,0.0,108.0,36.0,16.0,51.0,72.0,9.0,0.0,0.0,0.0,0.0,0.0,0.0,ID_NORMAL_001,JOINT2_SWEEP_MEDIUM,RUN_01,50.0,0.0,NORMAL,NONE,COLD
508890.4435469,44.85,-8.19,112.07,-0.0,65.22,-0.0,0.4800940987128122,0.24004704935636348,0.0,0.0,0.0,0.0,127.0,49.0,7.0,53.0,91.0,9.0,11.524517180941574,5.762258590469763,0.0,0.0,0.0,0.0,ID_NORMAL_001,JOINT2_SWEEP_MEDIUM,RUN_01,50.0,0.0,NORMAL,NONE,COLD
508890.4435469,44.87,-8.17,112.08,-0.0,65.22,-0.0,0.0,0.0,0.0,0.0,0.0,0.0,165.0,50.0,9.0,53.0,156.0,9.0,0.0,0.0,0.0,0.0,0.0,0.0,ID_NORMAL_001,JOINT2_SWEEP_MEDIUM,RUN_01,50.0,0.0,NORMAL,NONE,COLD
508890.4902125,44.88,-8.16,112.08,-0.0,65.22,-0.0,0.21429061246197473,0.21429061246186054,0.0,0.0,0.0,0.0,72.0,25.0,9.0,52.0,125.0,9.0,4.5920466589304745,4.5920466589280275,0.0,0.0,0.0,0.0,ID_NORMAL_001,JOINT2_SWEEP_MEDIUM,RUN_01,50.0,0.0,NORMAL,NONE,COLD
508890.5163446,44.91,-8.15,112.08,-0.0,65.22,-0.0,1.1480133616049497,0.3826711205350512,0.0,0.0,0.0,0.0,124.0,12.0,9.0,51.0,156.0,9.0,35.73087306836184,6.443435770063048,0.0,0.0,0.0,0.0,ID_NORMAL_001,JOINT2_SWEEP_MEDIUM,RUN_01,50.0,0.0,NORMAL,NONE,COLD
508890.5752628,44.92,-8.14,112.08,-0.0,65.22,-0.0,0.16972684171453747,0.16972684171444702,0.0,0.0,0.0,0.0,153.0,16.0,9.0,53.0,156.0,9.0,-16.604148131282077,-3.614235990538253,0.0,0.0,0.0,0.0,ID_NORMAL_001,JOINT2_SWEEP_MEDIUM,RUN_01,50.0,0.0,NORMAL,NONE,COLD
508890.5752628,44.93,-8.13,112.09,-0.0,65.21,-0.0,0.0,0.0,0.0,0.0,0.0,0.0,120.0,14.0,9.0,52.0,186.0,9.0,0.0,0.0,0.0,0.0,0.0,0.0,ID_NORMAL_001,JOINT2_SWEEP_MEDIUM,RUN_01,50.0,0.0,NORMAL,NONE,COLD
508890.6170329,44.94,-8.12,112.09,-0.0,65.21,-0.0,0.23940569922617305,0.2394056992262581,0.0,0.0,0.0,0.0,146.0,22.0,11.0,54.0,194.0,9.0,5.7315088821984235,5.73150888220046,0.0,0.0,0.0,0.0,ID_NORMAL_001,JOINT2_SWEEP_MEDIUM,RUN_01,50.0,0.0,NORMAL,NONE,COLD
508890.6170329,44.95,-8.11,112.09,-0.0,65.21,-0.0,0.0,0.0,0.0,0.0,0.0,0.0,74.0,25.0,18.0,52.0,196.0,9.0,0.0,0.0,0.0,0.0,0.0,0.0,ID_NORMAL_001,JOINT2_SWEEP_MEDIUM,RUN_01,50.0,0.0,NORMAL,NONE,COLD
508890.6669721,44.97,-8.09,112.1,-0.0,65.21,-0.0,0.40048699225412004,0.4004869922541912,0.20024349612691775,0.0,0.0,0.0,89.0,105.0,15.0,53.0,204.0,9.0,8.019491548239175,8.019491548240602,4.009745774116739,0.0,0.0,0.0,ID_NORMAL_001,JOINT2_SWEEP_MEDIUM,RUN_01,50.0,0.0,NORMAL,NONE,COLD
508890.6669721,44.98,-8.09,112.1,-0.0,65.21,-0.0,0.0,0.0,0.0,0.0,0.0,0.0,92.0,32.0,19.0,52.0,181.0,9.0,0.0,0.0,0.0,0.0,0.0,0.0,ID_NORMAL_001,JOINT2_SWEEP_MEDIUM,RUN_01,50.0,0.0,NORMAL,NONE,COLD
508890.7108026,44.99,-8.08,112.1,-0.0,65.21,-0.0,0.2281516293517403,0.2281516293516187,0.0,0.0,0.0,0.0,18.0,61.0,9.0,53.0,176.0,9.0,5.205316597582725,5.205316597579952,0.0,0.0,0.0,0.0,ID_NORMAL_001,JOINT2_SWEEP_MEDIUM,RUN_01,50.0,0.0,NORMAL,NONE,COLD
508890.7108026,44.99,-8.08,112.1,-0.0,65.21,-0.0,0.0,0.0,0.0,0.0,0.0,0.0,39.0,30.0,1.0,52.0,187.0,9.0,0.0,0.0,0.0,0.0,0.0,0.0,ID_NORMAL_001,JOINT2_SWEEP_MEDIUM,RUN_01,50.0,0.0,NORMAL,NONE,COLD
508890.7369465,45.0,-8.08,112.1,-0.0,65.21,-0.0,0.3824984030346671,0.0,0.0,0.0,0.0,0.0,7.0,36.0,0.0,52.0,173.0,9.0,14.630502832409972,0.0,0.0,0.0,0.0,0.0,ID_NORMAL_001,JOINT2_SWEEP_MEDIUM,RUN_01,50.0,0.0,NORMAL,NONE,COLD
508890.7900892,45.0,-8.08,112.1,-0.0,65.21,-0.0,0.0,0.0,0.0,0.0,0.0,0.0,40.0,48.0,0.0,54.0,175.0,9.0,-7.197571878547618,0.0,0.0,0.0,0.0,0.0,ID_NORMAL_001,JOINT2_SWEEP_MEDIUM,RUN_01,50.0,0.0,NORMAL,NONE,COLD
508890.8185091,45.0,-8.08,112.1,-0.0,65.21,-0.0,0.0,0.0,0.0,0.0,0.0,0.0,48.0,57.0,0.0,51.0,184.0,9.0,0.0,0.0,0.0,0.0,0.0,0.0,ID_NORMAL_001,JOINT2_SWEEP_MEDIUM,RUN_01,50.0,0.0,NORMAL,NONE,COLD
508890.8185091,45.0,-8.08,112.1,-0.0,65.21,-0.0,0.0,0.0,0.0,0.0,0.0,0.0,0.0,61.0,0.0,53.0,120.0,9.0,0.0,0.0,0.0,0.0,0.0,0.0,ID_NORMAL_001,JOINT2_SWEEP_MEDIUM,RUN_01,50.0,0.0,NORMAL,NONE,COLD
508890.8652324,45.0,-8.08,112.1,-0.0,65.21,-0.0,0.0,0.0,0.0,0.0,0.0,0.0,14.0,67.0,0.0,53.0,97.0,9.0,0.0,0.0,0.0,0.0,0.0,0.0,ID_NORMAL_001,JOINT2_SWEEP_MEDIUM,RUN_01,50.0,0.0,NORMAL,NONE,COLD
508890.9123572,45.0,-8.08,112.1,-0.0,65.21,-0.0,0.0,0.0,0.0,0.0,0.0,0.0,19.0,78.0,0.0,52.0,68.0,9.0,0.0,0.0,0.0,0.0,0.0,0.0,ID_NORMAL_001,JOINT2_SWEEP_MEDIUM,RUN_01,50.0,0.0,NORMAL,NONE,COLD
508890.9123572,45.0,-8.08,112.1,-0.0,65.21,-0.0,0.0,0.0,0.0,0.0,0.0,0.0,31.0,85.0,0.0,53.0,48.0,9.0,0.0,0.0,0.0,0.0,0.0,0.0,ID_NORMAL_001,JOINT2_SWEEP_MEDIUM,RUN_01,50.0,0.0,NORMAL,NONE,COLD
508890.9275987,45.0,-8.08,112.1,-0.0,65.21,-0.0,0.0,0.0,0.0,0.0,0.0,0.0,43.0,96.0,0.0,53.0,39.0,9.0,0.0,0.0,0.0,0.0,0.0,0.0,ID_NORMAL_001,JOINT2_SWEEP_MEDIUM,RUN_01,50.0,0.0,NORMAL,NONE,COLD
508890.974666,45.0,-8.08,112.1,-0.0,65.21,-0.0,0.0,0.0,0.0,0.0,0.0,0.0,22.0,97.0,0.0,51.0,19.0,9.0,0.0,0.0,0.0,0.0,0.0,0.0,ID_NORMAL_001,JOINT2_SWEEP_MEDIUM,RUN_01,50.0,0.0,NORMAL,NONE,COLD
508891.021528,45.0,-8.08,112.1,-0.0,65.21,-0.0,0.0,0.0,0.0,0.0,0.0,0.0,0.0,97.0,0.0,51.0,39.0,9.0,0.0,0.0,0.0,0.0,0.0,0.0,ID_NORMAL_001,JOINT2_SWEEP_MEDIUM,RUN_01,50.0,0.0,NORMAL,NONE,COLD
508891.021528,45.0,-8.08,112.1,-0.0,65.21,-0.0,0.0,0.0,0.0,0.0,0.0,0.0,0.0,117.0,0.0,53.0,39.0,9.0,0.0,0.0,0.0,0.0,0.0,0.0,ID_NORMAL_001,JOINT2_SWEEP_MEDIUM,RUN_01,50.0,0.0,NORMAL,NONE,COLD
508891.0687032,45.0,-8.08,112.1,-0.0,65.21,-0.0,0.0,0.0,0.0,0.0,0.0,0.0,0.0,117.0,0.0,53.0,39.0,9.0,0.0,0.0,0.0,0.0,0.0,0.0,ID_NORMAL_001,JOINT2_SWEEP_MEDIUM,RUN_01,50.0,0.0,NORMAL,NONE,COLD
508891.0687032,45.0,-8.08,112.1,-0.0,65.21,-0.0,0.0,0.0,0.0,0.0,0.0,0.0,0.0,141.0,0.0,53.0,47.0,9.0,0.0,0.0,0.0,0.0,0.0,0.0,ID_NORMAL_001,JOINT2_SWEEP_MEDIUM,RUN_01,50.0,0.0,NORMAL,NONE,COLD
508891.1145743,45.0,-8.08,112.1,-0.0,65.21,-0.0,0.0,0.0,0.0,0.0,0.0,0.0,0.0,146.0,0.0,53.0,48.0,9.0,0.0,0.0,0.0,0.0,0.0,0.0,ID_NORMAL_001,JOINT2_SWEEP_MEDIUM,RUN_01,50.0,0.0,NORMAL,NONE,COLD
508891.1196812,45.0,-8.08,112.1,-0.0,65.21,-0.0,0.0,0.0,0.0,0.0,0.0,0.0,0.0,158.0,0.0,52.0,48.0,9.0,0.0,0.0,0.0,0.0,0.0,0.0,ID_NORMAL_001,JOINT2_SWEEP_MEDIUM,RUN_01,50.0,0.0,NORMAL,NONE,COLD
508891.1623625,45.0,-8.08,112.1,-0.0,65.21,-0.0,0.0,0.0,0.0,0.0,0.0,0.0,0.0,161.0,0.0,54.0,48.0,9.0,0.0,0.0,0.0,0.0,0.0,0.0,ID_NORMAL_001,JOINT2_SWEEP_MEDIUM,RUN_01,50.0,0.0,NORMAL,NONE,COLD
508891.2089588,45.0,-8.08,112.1,-0.0,65.21,-0.0,0.0,0.0,0.0,0.0,0.0,0.0,0.0,166.0,0.0,52.0,48.0,9.0,0.0,0.0,0.0,0.0,0.0,0.0,ID_NORMAL_001,JOINT2_SWEEP_MEDIUM,RUN_01,50.0,0.0,NORMAL,NONE,COLD
508891.2089588,45.0,-8.08,112.1,-0.0,65.21,-0.0,0.0,0.0,0.0,0.0,0.0,0.0,0.0,176.0,9.0,52.0,58.0,9.0,0.0,0.0,0.0,0.0,0.0,0.0,ID_NORMAL_001,JOINT2_SWEEP_MEDIUM,RUN_01,50.0,0.0,NORMAL,NONE,COLD
508891.2557796,45.0,-8.08,112.1,-0.0,65.21,-0.0,0.0,0.0,0.0,0.0,0.0,0.0,0.0,192.0,19.0,53.0,57.0,9.0,0.0,0.0,0.0,0.0,0.0,0.0,ID_NORMAL_001,JOINT2_SWEEP_MEDIUM,RUN_01,50.0,0.0,NORMAL,NONE,COLD
508891.302768,45.0,-8.08,112.1,-0.0,65.21,-0.0,0.0,0.0,0.0,0.0,0.0,0.0,0.0,203.0,27.0,52.0,63.0,9.0,0.0,0.0,0.0,0.0,0.0,0.0,ID_NORMAL_001,JOINT2_SWEEP_MEDIUM,RUN_01,50.0,0.0,NORMAL,NONE,COLD
508891.302768,45.0,-8.08,112.1,-0.0,65.21,-0.0,0.0,0.0,0.0,0.0,0.0,0.0,0.0,224.0,39.0,52.0,59.0,9.0,0.0,0.0,0.0,0.0,0.0,0.0,ID_NORMAL_001,JOINT2_SWEEP_MEDIUM,RUN_01,50.0,0.0,NORMAL,NONE,COLD
508891.3203138,45.0,-8.08,112.1,-0.0,65.21,-0.0,0.0,0.0,0.0,0.0,0.0,0.0,0.0,235.0,44.0,53.0,59.0,9.0,0.0,0.0,0.0,0.0,0.0,0.0,ID_NORMAL_001,JOINT2_SWEEP_MEDIUM,RUN_01,50.0,0.0,NORMAL,NONE,COLD
508891.3654717,45.0,-8.08,112.1,-0.0,65.21,-0.0,0.0,0.0,0.0,0.0,0.0,0.0,0.0,250.0,48.0,52.0,62.0,9.0,0.0,0.0,0.0,0.0,0.0,0.0,ID_NORMAL_001,JOINT2_SWEEP_MEDIUM,RUN_01,50.0,0.0,NORMAL,NONE,COLD
508891.3654717,45.0,-8.08,112.1,-0.0,65.21,-0.0,0.0,0.0,0.0,0.0,0.0,0.0,0.0,256.0,68.0,52.0,61.0,9.0,0.0,0.0,0.0,0.0,0.0,0.0,ID_NORMAL_001,JOINT2_SWEEP_MEDIUM,RUN_01,50.0,0.0,NORMAL,NONE,COLD
508891.4125404,45.0,-8.08,112.1,-0.0,65.21,-0.0,0.0,0.0,0.0,0.0,0.0,0.0,9.0,276.0,68.0,53.0,60.0,9.0,0.0,0.0,0.0,0.0,0.0,0.0,ID_NORMAL_001,JOINT2_SWEEP_MEDIUM,RUN_01,50.0,0.0,NORMAL,NONE,COLD
508891.4584066,45.0,-8.08,112.1,-0.0,65.21,-0.0,0.0,0.0,0.0,0.0,0.0,0.0,9.0,289.0,36.0,51.0,60.0,9.0,0.0,0.0,0.0,0.0,0.0,0.0,ID_NORMAL_001,JOINT2_SWEEP_MEDIUM,RUN_01,50.0,0.0,NORMAL,NONE,COLD
508891.4584066,45.0,-8.08,112.1,-0.0,65.21,-0.0,0.0,0.0,0.0,0.0,0.0,0.0,9.0,307.0,27.0,54.0,61.0,9.0,0.0,0.0,0.0,0.0,0.0,0.0,ID_NORMAL_001,JOINT2_SWEEP_MEDIUM,RUN_01,50.0,0.0,NORMAL,NONE,COLD
508891.5061412,45.0,-8.08,112.1,-0.0,65.21,-0.0,0.0,0.0,0.0,0.0,0.0,0.0,9.0,324.0,25.0,53.0,62.0,9.0,0.0,0.0,0.0,0.0,0.0,0.0,ID_NORMAL_001,JOINT2_SWEEP_MEDIUM,RUN_01,50.0,0.0,NORMAL,NONE,COLD
508891.5061412,45.0,-8.08,112.1,-0.0,65.21,-0.0,0.0,0.0,0.0,0.0,0.0,0.0,9.0,251.0,19.0,51.0,63.0,9.0,0.0,0.0,0.0,0.0,0.0,0.0,ID_NORMAL_001,JOINT2_SWEEP_MEDIUM,RUN_01,50.0,0.0,NORMAL,NONE,COLD
508891.5299762,45.0,-8.08,112.1,-0.0,65.21,-0.0,0.0,0.0,0.0,0.0,0.0,0.0,9.0,224.0,19.0,51.0,62.0,9.0,0.0,0.0,0.0,0.0,0.0,0.0,ID_NORMAL_001,JOINT2_SWEEP_MEDIUM,RUN_01,50.0,0.0,NORMAL,NONE,COLD
508891.5832597,45.0,-8.08,112.1,-0.0,65.21,-0.0,0.0,0.0,0.0,0.0,0.0,0.0,9.0,193.0,19.0,52.0,61.0,9.0,0.0,0.0,0.0,0.0,0.0,0.0,ID_NORMAL_001,JOINT2_SWEEP_MEDIUM,RUN_01,50.0,0.0,NORMAL,NONE,COLD
508891.6302469,45.0,-8.08,112.1,-0.0,65.21,-0.0,0.0,0.0,0.0,0.0,0.0,0.0,9.0,187.0,19.0,53.0,61.0,9.0,0.0,0.0,0.0,0.0,0.0,0.0,ID_NORMAL_001,JOINT2_SWEEP_MEDIUM,RUN_01,50.0,0.0,NORMAL,NONE,COLD
508891.6302469,45.0,-8.08,112.1,-0.0,65.21,-0.0,0.0,0.0,0.0,0.0,0.0,0.0,9.0,185.0,19.0,51.0,61.0,9.0,0.0,0.0,0.0,0.0,0.0,0.0,ID_NORMAL_001,JOINT2_SWEEP_MEDIUM,RUN_01,50.0,0.0,NORMAL,NONE,COLD
508891.678586,45.0,-8.08,112.1,-0.0,65.21,-0.0,0.0,0.0,0.0,0.0,0.0,0.0,9.0,179.0,19.0,54.0,61.0,9.0,0.0,0.0,0.0,0.0,0.0,0.0,ID_NORMAL_001,JOINT2_SWEEP_MEDIUM,RUN_01,50.0,0.0,NORMAL,NONE,COLD
508891.678586,45.0,-8.08,112.1,-0.0,65.21,-0.0,0.0,0.0,0.0,0.0,0.0,0.0,9.0,180.0,17.0,53.0,62.0,9.0,0.0,0.0,0.0,0.0,0.0,0.0,ID_NORMAL_001,JOINT2_SWEEP_MEDIUM,RUN_01,50.0,0.0,NORMAL,NONE,COLD
508891.721455,45.0,-8.08,112.1,-0.0,65.21,-0.0,0.0,0.0,0.0,0.0,0.0,0.0,1.0,166.0,17.0,53.0,59.0,9.0,0.0,0.0,0.0,0.0,0.0,0.0,ID_NORMAL_001,JOINT2_SWEEP_MEDIUM,RUN_01,50.0,0.0,NORMAL,NONE,COLD
508891.721455,45.0,-8.08,112.1,-0.0,65.21,-0.0,0.0,0.0,0.0,0.0,0.0,0.0,0.0,166.0,17.0,53.0,60.0,9.0,0.0,0.0,0.0,0.0,0.0,0.0,ID_NORMAL_001,JOINT2_SWEEP_MEDIUM,RUN_01,50.0,0.0,NORMAL,NONE,COLD
508891.7715835,45.0,-8.08,112.1,-0.0,65.21,-0.0,0.0,0.0,0.0,0.0,0.0,0.0,0.0,167.0,17.0,52.0,61.0,9.0,0.0,0.0,0.0,0.0,0.0,0.0,ID_NORMAL_001,JOINT2_SWEEP_MEDIUM,RUN_01,50.0,0.0,NORMAL,NONE,COLD
508891.817995,45.0,-8.08,112.1,-0.0,65.21,-0.0,0.0,0.0,0.0,0.0,0.0,0.0,25.0,166.0,17.0,52.0,62.0,9.0,0.0,0.0,0.0,0.0,0.0,0.0,ID_NORMAL_001,JOINT2_SWEEP_MEDIUM,RUN_01,50.0,0.0,NORMAL,NONE,COLD
508891.817995,45.0,-8.08,112.1,-0.0,65.21,-0.0,0.0,0.0,0.0,0.0,0.0,0.0,0.0,166.0,18.0,54.0,62.0,9.0,0.0,0.0,0.0,0.0,0.0,0.0,ID_NORMAL_001,JOINT2_SWEEP_MEDIUM,RUN_01,50.0,0.0,NORMAL,NONE,COLD
508891.8649763,45.0,-8.08,112.1,-0.0,65.21,-0.0,0.0,0.0,0.0,0.0,0.0,0.0,0.0,166.0,17.0,52.0,62.0,9.0,0.0,0.0,0.0,0.0,0.0,0.0,ID_NORMAL_001,JOINT2_SWEEP_MEDIUM,RUN_01,50.0,0.0,NORMAL,NONE,COLD
508891.8649763,45.0,-8.08,112.1,-0.0,65.21,-0.0,0.0,0.0,0.0,0.0,0.0,0.0,0.0,166.0,17.0,52.0,59.0,9.0,0.0,0.0,0.0,0.0,0.0,0.0,ID_NORMAL_001,JOINT2_SWEEP_MEDIUM,RUN_01,50.0,0.0,NORMAL,NONE,COLD
508891.9114978,45.0,-8.08,112.1,-0.0,65.21,-0.0,0.0,0.0,0.0,0.0,0.0,0.0,0.0,166.0,19.0,52.0,60.0,9.0,0.0,0.0,0.0,0.0,0.0,0.0,ID_NORMAL_001,JOINT2_SWEEP_MEDIUM,RUN_01,50.0,0.0,NORMAL,NONE,COLD
508891.9220532,45.0,-8.08,112.1,-0.0,65.21,-0.0,0.0,0.0,0.0,0.0,0.0,0.0,0.0,166.0,18.0,52.0,60.0,9.0,0.0,0.0,0.0,0.0,0.0,0.0,ID_NORMAL_001,JOINT2_SWEEP_MEDIUM,RUN_01,50.0,0.0,NORMAL,NONE,COLD
508891.9740109,45.0,-8.08,112.1,-0.0,65.21,-0.0,0.0,0.0,0.0,0.0,0.0,0.0,0.0,167.0,15.0,52.0,60.0,9.0,0.0,0.0,0.0,0.0,0.0,0.0,ID_NORMAL_001,JOINT2_SWEEP_MEDIUM,RUN_01,50.0,0.0,NORMAL,NONE,COLD
508891.9740109,45.0,-8.08,112.1,-0.0,65.21,-0.0,0.0,0.0,0.0,0.0,0.0,0.0,0.0,166.0,18.0,53.0,61.0,9.0,0.0,0.0,0.0,0.0,0.0,0.0,ID_NORMAL_001,JOINT2_SWEEP_MEDIUM,RUN_01,50.0,0.0,NORMAL,NONE,COLD
508892.020248,45.0,-8.08,112.1,-0.0,65.21,-0.0,0.0,0.0,0.0,0.0,0.0,0.0,0.0,166.0,17.0,51.0,61.0,9.0,0.0,0.0,0.0,0.0,0.0,0.0,ID_NORMAL_001,JOINT2_SWEEP_MEDIUM,RUN_01,50.0,0.0,NORMAL,NONE,COLD
508892.067194,45.0,-8.08,112.1,-0.0,65.21,-0.0,0.0,0.0,0.0,0.0,0.0,0.0,0.0,166.0,16.0,52.0,61.0,9.0,0.0,0.0,0.0,0.0,0.0,0.0,ID_NORMAL_001,JOINT2_SWEEP_MEDIUM,RUN_01,50.0,0.0,NORMAL,NONE,COLD
508892.067194,45.0,-8.08,112.1,-0.0,65.21,-0.0,0.0,0.0,0.0,0.0,0.0,0.0,0.0,166.0,17.0,53.0,59.0,9.0,0.0,0.0,0.0,0.0,0.0,0.0,ID_NORMAL_001,JOINT2_SWEEP_MEDIUM,RUN_01,50.0,0.0,NORMAL,NONE,COLD
508892.1141637,45.0,-8.08,112.1,-0.0,65.21,-0.0,0.0,0.0,0.0,0.0,0.0,0.0,0.0,166.0,17.0,53.0,62.0,9.0,0.0,0.0,0.0,0.0,0.0,0.0,ID_NORMAL_001,JOINT2_SWEEP_MEDIUM,RUN_01,50.0,0.0,NORMAL,NONE,COLD
508892.1141637,45.0,-8.08,112.1,-0.0,65.21,-0.0,0.0,0.0,0.0,0.0,0.0,0.0,0.0,166.0,18.0,53.0,61.0,9.0,0.0,0.0,0.0,0.0,0.0,0.0,ID_NORMAL_001,JOINT2_SWEEP_MEDIUM,RUN_01,50.0,0.0,NORMAL,NONE,COLD
508892.1311825,45.0,-8.08,112.1,-0.0,65.21,-0.0,0.0,0.0,0.0,0.0,0.0,0.0,0.0,166.0,18.0,55.0,60.0,9.0,0.0,0.0,0.0,0.0,0.0,0.0,ID_NORMAL_001,JOINT2_SWEEP_MEDIUM,RUN_01,50.0,0.0,NORMAL,NONE,COLD
508892.1768846,45.0,-8.08,112.1,-0.0,65.21,-0.0,0.0,0.0,0.0,0.0,0.0,0.0,0.0,166.0,17.0,53.0,59.0,9.0,0.0,0.0,0.0,0.0,0.0,0.0,ID_NORMAL_001,JOINT2_SWEEP_MEDIUM,RUN_01,50.0,0.0,NORMAL,NONE,COLD
508892.2235449,45.0,-8.08,112.1,-0.0,65.21,-0.0,0.0,0.0,0.0,0.0,0.0,0.0,0.0,166.0,17.0,53.0,59.0,9.0,0.0,0.0,0.0,0.0,0.0,0.0,ID_NORMAL_001,JOINT2_SWEEP_MEDIUM,RUN_01,50.0,0.0,NORMAL,NONE,COLD
508892.2235449,45.0,-8.08,112.1,-0.0,65.21,-0.0,0.0,0.0,0.0,0.0,0.0,0.0,0.0,166.0,17.0,53.0,61.0,9.0,0.0,0.0,0.0,0.0,0.0,0.0,ID_NORMAL_001,JOINT2_SWEEP_MEDIUM,RUN_01,50.0,0.0,NORMAL,NONE,COLD
508892.2699289,45.0,-8.08,112.1,-0.0,65.21,-0.0,0.0,0.0,0.0,0.0,0.0,0.0,0.0,166.0,17.0,52.0,61.0,9.0,0.0,0.0,0.0,0.0,0.0,0.0,ID_NORMAL_001,JOINT2_SWEEP_MEDIUM,RUN_01,50.0,0.0,NORMAL,NONE,COLD
508892.2699289,45.0,-8.08,112.1,-0.0,65.21,-0.0,0.0,0.0,0.0,0.0,0.0,0.0,0.0,166.0,19.0,53.0,60.0,9.0,0.0,0.0,0.0,0.0,0.0,0.0,ID_NORMAL_001,JOINT2_SWEEP_MEDIUM,RUN_01,50.0,0.0,NORMAL,NONE,COLD
508892.318089,45.0,-8.08,112.1,-0.0,65.21,-0.0,0.0,0.0,0.0,0.0,0.0,0.0,0.0,166.0,16.0,52.0,60.0,9.0,0.0,0.0,0.0,0.0,0.0,0.0,ID_NORMAL_001,JOINT2_SWEEP_MEDIUM,RUN_01,50.0,0.0,NORMAL,NONE,COLD
508892.3227356,45.0,-8.08,112.1,-0.0,65.21,-0.0,0.0,0.0,0.0,0.0,0.0,0.0,0.0,166.0,16.0,53.0,60.0,9.0,0.0,0.0,0.0,0.0,0.0,0.0,ID_NORMAL_001,JOINT2_SWEEP_MEDIUM,RUN_01,50.0,0.0,NORMAL,NONE,COLD
508892.3652582,45.0,-8.08,112.1,-0.0,65.21,-0.0,0.0,0.0,0.0,0.0,0.0,0.0,0.0,166.0,17.0,53.0,60.0,9.0,0.0,0.0,0.0,0.0,0.0,0.0,ID_NORMAL_001,JOINT2_SWEEP_MEDIUM,RUN_01,50.0,0.0,NORMAL,NONE,COLD
508892.41176,45.0,-8.08,112.1,-0.0,65.21,-0.0,0.0,0.0,0.0,0.0,0.0,0.0,0.0,166.0,17.0,53.0,61.0,9.0,0.0,0.0,0.0,0.0,0.0,0.0,ID_NORMAL_001,JOINT2_SWEEP_MEDIUM,RUN_01,50.0,0.0,NORMAL,NONE,COLD
508892.41176,45.0,-8.08,112.1,-0.0,65.21,-0.0,0.0,0.0,0.0,0.0,0.0,0.0,0.0,166.0,17.0,53.0,60.0,9.0,0.0,0.0,0.0,0.0,0.0,0.0,ID_NORMAL_001,JOINT2_SWEEP_MEDIUM,RUN_01,50.0,0.0,NORMAL,NONE,COLD
508892.4583426,45.0,-8.08,112.1,-0.0,65.21,-0.0,0.0,0.0,0.0,0.0,0.0,0.0,0.0,166.0,17.0,52.0,61.0,9.0,0.0,0.0,0.0,0.0,0.0,0.0,ID_NORMAL_001,JOINT2_SWEEP_MEDIUM,RUN_01,50.0,0.0,NORMAL,NONE,COLD
508892.4868947,45.0,-8.08,112.1,-0.0,65.21,-0.0,0.0,0.0,0.0,0.0,0.0,0.0,0.0,166.0,18.0,53.0,60.0,9.0,0.0,0.0,0.0,0.0,0.0,0.0,ID_NORMAL_001,JOINT2_SWEEP_MEDIUM,RUN_01,50.0,0.0,NORMAL,NONE,COLD
508892.4873832,45.0,-8.08,112.1,-0.0,65.21,-0.0,0.0,0.0,0.0,0.0,0.0,0.0,0.0,166.0,18.0,53.0,60.0,9.0,0.0,0.0,0.0,0.0,0.0,0.0,ID_NORMAL_001,JOINT2_SWEEP_MEDIUM,RUN_01,50.0,0.0,NORMAL,NONE,COLD
508892.5229214,45.0,-8.08,112.1,-0.0,65.21,-0.0,0.0,0.0,0.0,0.0,0.0,0.0,0.0,166.0,16.0,53.0,61.0,9.0,0.0,0.0,0.0,0.0,0.0,0.0,ID_NORMAL_001,JOINT2_SWEEP_MEDIUM,RUN_01,50.0,0.0,NORMAL,NONE,COLD
508892.5671754,45.0,-8.08,112.1,-0.0,65.21,-0.0,0.0,0.0,0.0,0.0,0.0,0.0,0.0,166.0,17.0,53.0,60.0,9.0,0.0,0.0,0.0,0.0,0.0,0.0,ID_NORMAL_001,JOINT2_SWEEP_MEDIUM,RUN_01,50.0,0.0,NORMAL,NONE,COLD
508892.6129435,45.0,-8.08,112.1,-0.0,65.21,-0.0,0.0,0.0,0.0,0.0,0.0,0.0,0.0,166.0,17.0,53.0,61.0,9.0,0.0,0.0,0.0,0.0,0.0,0.0,ID_NORMAL_001,JOINT2_SWEEP_MEDIUM,RUN_01,50.0,0.0,NORMAL,NONE,COLD
508892.6129435,45.0,-8.08,112.1,-0.0,65.21,-0.0,0.0,0.0,0.0,0.0,0.0,0.0,0.0,166.0,17.0,51.0,59.0,9.0,0.0,0.0,0.0,0.0,0.0,0.0,ID_NORMAL_001,JOINT2_SWEEP_MEDIUM,RUN_01,50.0,0.0,NORMAL,NONE,COLD
508892.6599061,45.0,-8.08,112.1,-0.0,65.21,-0.0,0.0,0.0,0.0,0.0,0.0,0.0,0.0,166.0,17.0,51.0,61.0,9.0,0.0,0.0,0.0,0.0,0.0,0.0,ID_NORMAL_001,JOINT2_SWEEP_MEDIUM,RUN_01,50.0,0.0,NORMAL,NONE,COLD
508892.6599061,45.0,-8.08,112.1,-0.0,65.21,-0.0,0.0,0.0,0.0,0.0,0.0,0.0,0.0,166.0,17.0,52.0,61.0,9.0,0.0,0.0,0.0,0.0,0.0,0.0,ID_NORMAL_001,JOINT2_SWEEP_MEDIUM,RUN_01,50.0,0.0,NORMAL,NONE,COLD
508892.7069531,45.0,-8.08,112.1,-0.0,65.21,-0.0,0.0,0.0,0.0,0.0,0.0,0.0,0.0,166.0,17.0,53.0,62.0,9.0,0.0,0.0,0.0,0.0,0.0,0.0,ID_NORMAL_001,JOINT2_SWEEP_MEDIUM,RUN_01,50.0,0.0,NORMAL,NONE,COLD
508892.7069531,45.0,-8.08,112.1,-0.0,65.21,-0.0,0.0,0.0,0.0,0.0,0.0,0.0,0.0,166.0,18.0,52.0,61.0,9.0,0.0,0.0,0.0,0.0,0.0,0.0,ID_NORMAL_001,JOINT2_SWEEP_MEDIUM,RUN_01,50.0,0.0,NORMAL,NONE,COLD
508892.7336253,45.0,-8.08,112.1,-0.0,65.21,-0.0,0.0,0.0,0.0,0.0,0.0,0.0,0.0,166.0,16.0,53.0,62.0,9.0,0.0,0.0,0.0,0.0,0.0,0.0,ID_NORMAL_001,JOINT2_SWEEP_MEDIUM,RUN_01,50.0,0.0,NORMAL,NONE,COLD
508892.7855309,45.0,-8.08,112.1,-0.0,65.21,-0.0,0.0,0.0,0.0,0.0,0.0,0.0,0.0,166.0,17.0,51.0,60.0,9.0,0.0,0.0,0.0,0.0,0.0,0.0,ID_NORMAL_001,JOINT2_SWEEP_MEDIUM,RUN_01,50.0,0.0,NORMAL,NONE,COLD
508892.8319592,45.0,-8.08,112.1,-0.0,65.21,-0.0,0.0,0.0,0.0,0.0,0.0,0.0,0.0,166.0,17.0,52.0,60.0,9.0,0.0,0.0,0.0,0.0,0.0,0.0,ID_NORMAL_001,JOINT2_SWEEP_MEDIUM,RUN_01,50.0,0.0,NORMAL,NONE,COLD
508892.8319592,45.0,-8.08,112.1,-0.0,65.21,-0.0,0.0,0.0,0.0,0.0,0.0,0.0,0.0,166.0,18.0,53.0,61.0,9.0,0.0,0.0,0.0,0.0,0.0,0.0,ID_NORMAL_001,JOINT2_SWEEP_MEDIUM,RUN_01,50.0,0.0,NORMAL,NONE,COLD
508892.8783974,45.0,-8.08,112.1,-0.0,65.21,-0.0,0.0,0.0,0.0,0.0,0.0,0.0,0.0,166.0,16.0,52.0,61.0,9.0,0.0,0.0,0.0,0.0,0.0,0.0,ID_NORMAL_001,JOINT2_SWEEP_MEDIUM,RUN_01,50.0,0.0,NORMAL,NONE,COLD
508892.8783974,45.0,-8.08,112.1,-0.0,65.21,-0.0,0.0,0.0,0.0,0.0,0.0,0.0,0.0,166.0,18.0,53.0,62.0,9.0,0.0,0.0,0.0,0.0,0.0,0.0,ID_NORMAL_001,JOINT2_SWEEP_MEDIUM,RUN_01,50.0,0.0,NORMAL,NONE,COLD
508892.9242174,45.0,-8.08,112.1,-0.0,65.21,-0.0,0.0,0.0,0.0,0.0,0.0,0.0,0.0,166.0,16.0,52.0,62.0,9.0,0.0,0.0,0.0,0.0,0.0,0.0,ID_NORMAL_001,JOINT2_SWEEP_MEDIUM,RUN_01,50.0,0.0,NORMAL,NONE,COLD
508892.9733991,45.0,-8.08,112.1,-0.0,65.21,-0.0,0.0,0.0,0.0,0.0,0.0,0.0,0.0,166.0,18.0,53.0,60.0,9.0,0.0,0.0,0.0,0.0,0.0,0.0,ID_NORMAL_001,JOINT2_SWEEP_MEDIUM,RUN_01,50.0,0.0,NORMAL,NONE,COLD
508892.9733991,45.0,-8.08,112.1,-0.0,65.21,-0.0,0.0,0.0,0.0,0.0,0.0,0.0,0.0,166.0,17.0,52.0,59.0,9.0,0.0,0.0,0.0,0.0,0.0,0.0,ID_NORMAL_001,JOINT2_SWEEP_MEDIUM,RUN_01,50.0,0.0,NORMAL,NONE,COLD
508893.0068864,45.0,-8.08,112.1,-0.0,65.21,-0.0,0.0,0.0,0.0,0.0,0.0,0.0,0.0,166.0,18.0,53.0,62.0,9.0,0.0,0.0,0.0,0.0,0.0,0.0,ID_NORMAL_001,JOINT2_SWEEP_MEDIUM,RUN_01,50.0,0.0,NORMAL,NONE,COLD
508893.0068864,45.0,-8.08,112.1,-0.0,65.21,-0.0,0.0,0.0,0.0,0.0,0.0,0.0,0.0,166.0,18.0,51.0,60.0,9.0,0.0,0.0,0.0,0.0,0.0,0.0,ID_NORMAL_001,JOINT2_SWEEP_MEDIUM,RUN_01,50.0,0.0,NORMAL,NONE,COLD
508893.0511225,45.0,-8.08,112.1,-0.0,65.21,-0.0,0.0,0.0,0.0,0.0,0.0,0.0,0.0,166.0,17.0,51.0,60.0,9.0,0.0,0.0,0.0,0.0,0.0,0.0,ID_NORMAL_001,JOINT2_SWEEP_MEDIUM,RUN_01,50.0,0.0,NORMAL,NONE,COLD
508893.09973,45.0,-8.08,112.1,-0.0,65.21,-0.0,0.0,0.0,0.0,0.0,0.0,0.0,0.0,166.0,18.0,52.0,60.0,9.0,0.0,0.0,0.0,0.0,0.0,0.0,ID_NORMAL_001,JOINT2_SWEEP_MEDIUM,RUN_01,50.0,0.0,NORMAL,NONE,COLD
508893.09973,45.0,-8.08,112.1,-0.0,65.21,-0.0,0.0,0.0,0.0,0.0,0.0,0.0,0.0,166.0,16.0,52.0,61.0,9.0,0.0,0.0,0.0,0.0,0.0,0.0,ID_NORMAL_001,JOINT2_SWEEP_MEDIUM,RUN_01,50.0,0.0,NORMAL,NONE,COLD
508893.1248977,45.0,-8.08,112.1,-0.0,65.21,-0.0,0.0,0.0,0.0,0.0,0.0,0.0,0.0,166.0,17.0,50.0,60.0,9.0,0.0,0.0,0.0,0.0,0.0,0.0,ID_NORMAL_001,JOINT2_SWEEP_MEDIUM,RUN_01,50.0,0.0,NORMAL,NONE,COLD
508893.1761885,45.0,-8.08,112.1,-0.0,65.21,-0.0,0.0,0.0,0.0,0.0,0.0,0.0,0.0,166.0,17.0,53.0,60.0,9.0,0.0,0.0,0.0,0.0,0.0,0.0,ID_NORMAL_001,JOINT2_SWEEP_MEDIUM,RUN_01,50.0,0.0,NORMAL,NONE,COLD
508893.1761885,45.0,-8.08,112.1,-0.0,65.21,-0.0,0.0,0.0,0.0,0.0,0.0,0.0,0.0,166.0,16.0,53.0,60.0,9.0,0.0,0.0,0.0,0.0,0.0,0.0,ID_NORMAL_001,JOINT2_SWEEP_MEDIUM,RUN_01,50.0,0.0,NORMAL,NONE,COLD
508893.2229457,45.0,-8.08,112.1,-0.0,65.21,-0.0,0.0,0.0,0.0,0.0,0.0,0.0,0.0,167.0,17.0,51.0,60.0,9.0,0.0,0.0,0.0,0.0,0.0,0.0,ID_NORMAL_001,JOINT2_SWEEP_MEDIUM,RUN_01,50.0,0.0,NORMAL,NONE,COLD
508893.2683509,45.0,-8.08,112.1,-0.0,65.21,-0.0,0.0,0.0,0.0,0.0,0.0,0.0,0.0,166.0,17.0,53.0,60.0,9.0,0.0,0.0,0.0,0.0,0.0,0.0,ID_NORMAL_001,JOINT2_SWEEP_MEDIUM,RUN_01,50.0,0.0,NORMAL,NONE,COLD
508893.2683509,45.0,-8.08,112.1,-0.0,65.21,-0.0,0.0,0.0,0.0,0.0,0.0,0.0,0.0,166.0,16.0,51.0,60.0,9.0,0.0,0.0,0.0,0.0,0.0,0.0,ID_NORMAL_001,JOINT2_SWEEP_MEDIUM,RUN_01,50.0,0.0,NORMAL,NONE,COLD
508893.3143021,45.0,-8.08,112.1,-0.0,65.21,-0.0,0.0,0.0,0.0,0.0,0.0,0.0,0.0,166.0,18.0,51.0,61.0,9.0,0.0,0.0,0.0,0.0,0.0,0.0,ID_NORMAL_001,JOINT2_SWEEP_MEDIUM,RUN_01,50.0,0.0,NORMAL,NONE,COLD
508893.3143021,45.0,-8.08,112.1,-0.0,65.21,-0.0,0.0,0.0,0.0,0.0,0.0,0.0,0.0,166.0,17.0,52.0,62.0,9.0,0.0,0.0,0.0,0.0,0.0,0.0,ID_NORMAL_001,JOINT2_SWEEP_MEDIUM,RUN_01,50.0,0.0,NORMAL,NONE,COLD
508893.3358036,45.0,-8.08,112.1,-0.0,65.21,-0.0,0.0,0.0,0.0,0.0,0.0,0.0,0.0,166.0,17.0,52.0,62.0,9.0,0.0,0.0,0.0,0.0,0.0,0.0,ID_NORMAL_001,JOINT2_SWEEP_MEDIUM,RUN_01,50.0,0.0,NORMAL,NONE,COLD
508893.3919766,45.0,-8.08,112.1,-0.0,65.21,-0.0,0.0,0.0,0.0,0.0,0.0,0.0,0.0,167.0,19.0,52.0,60.0,9.0,0.0,0.0,0.0,0.0,0.0,0.0,ID_NORMAL_001,JOINT2_SWEEP_MEDIUM,RUN_01,50.0,0.0,NORMAL,NONE,COLD
508893.3919766,45.0,-8.08,112.1,-0.0,65.21,-0.0,0.0,0.0,0.0,0.0,0.0,0.0,0.0,166.0,18.0,55.0,59.0,9.0,0.0,0.0,0.0,0.0,0.0,0.0,ID_NORMAL_001,JOINT2_SWEEP_MEDIUM,RUN_01,50.0,0.0,NORMAL,NONE,COLD
508893.4374335,45.0,-8.08,112.1,-0.0,65.21,-0.0,0.0,0.0,0.0,0.0,0.0,0.0,0.0,166.0,18.0,51.0,60.0,9.0,0.0,0.0,0.0,0.0,0.0,0.0,ID_NORMAL_001,JOINT2_SWEEP_MEDIUM,RUN_01,50.0,0.0,NORMAL,NONE,COLD
508893.4850339,45.0,-8.08,112.1,-0.0,65.21,-0.0,0.0,0.0,0.0,0.0,0.0,0.0,0.0,166.0,18.0,53.0,61.0,9.0,0.0,0.0,0.0,0.0,0.0,0.0,ID_NORMAL_001,JOINT2_SWEEP_MEDIUM,RUN_01,50.0,0.0,NORMAL,NONE,COLD
508893.4850339,45.0,-8.08,112.1,-0.0,65.21,-0.0,0.0,0.0,0.0,0.0,0.0,0.0,0.0,166.0,17.0,53.0,59.0,9.0,0.0,0.0,0.0,0.0,0.0,0.0,ID_NORMAL_001,JOINT2_SWEEP_MEDIUM,RUN_01,50.0,0.0,NORMAL,NONE,COLD
508893.5265684,45.0,-8.08,112.1,-0.0,65.21,-0.0,0.0,0.0,0.0,0.0,0.0,0.0,0.0,166.0,18.0,52.0,61.0,9.0,0.0,0.0,0.0,0.0,0.0,0.0,ID_NORMAL_001,JOINT2_SWEEP_MEDIUM,RUN_01,50.0,0.0,NORMAL,NONE,COLD
508893.555311,45.0,-8.08,112.1,-0.0,65.21,-0.0,0.0,0.0,0.0,0.0,0.0,0.0,0.0,166.0,17.0,52.0,61.0,9.0,0.0,0.0,0.0,0.0,0.0,0.0,ID_NORMAL_001,JOINT2_SWEEP_MEDIUM,RUN_01,50.0,0.0,NORMAL,NONE,COLD
508893.555311,45.0,-8.08,112.1,-0.0,65.21,-0.0,0.0,0.0,0.0,0.0,0.0,0.0,0.0,166.0,16.0,52.0,59.0,9.0,0.0,0.0,0.0,0.0,0.0,0.0,ID_NORMAL_001,JOINT2_SWEEP_MEDIUM,RUN_01,50.0,0.0,NORMAL,NONE,COLD
508893.6079988,45.0,-8.08,112.1,-0.0,65.21,-0.0,0.0,0.0,0.0,0.0,0.0,0.0,0.0,166.0,17.0,53.0,59.0,9.0,0.0,0.0,0.0,0.0,0.0,0.0,ID_NORMAL_001,JOINT2_SWEEP_MEDIUM,RUN_01,50.0,0.0,NORMAL,NONE,COLD
508893.6554448,45.0,-8.08,112.1,-0.0,65.21,-0.0,0.0,0.0,0.0,0.0,0.0,0.0,0.0,166.0,17.0,54.0,62.0,9.0,0.0,0.0,0.0,0.0,0.0,0.0,ID_NORMAL_001,JOINT2_SWEEP_MEDIUM,RUN_01,50.0,0.0,NORMAL,NONE,COLD
508893.6554448,45.0,-8.08,112.1,-0.0,65.21,-0.0,0.0,0.0,0.0,0.0,0.0,0.0,0.0,166.0,17.0,53.0,60.0,9.0,0.0,0.0,0.0,0.0,0.0,0.0,ID_NORMAL_001,JOINT2_SWEEP_MEDIUM,RUN_01,50.0,0.0,NORMAL,NONE,COLD
508893.701525,45.0,-8.08,112.1,-0.0,65.21,-0.0,0.0,0.0,0.0,0.0,0.0,0.0,0.0,166.0,17.0,54.0,61.0,9.0,0.0,0.0,0.0,0.0,0.0,0.0,ID_NORMAL_001,JOINT2_SWEEP_MEDIUM,RUN_01,50.0,0.0,NORMAL,NONE,COLD
508893.701525,45.0,-8.08,112.1,-0.0,65.21,-0.0,0.0,0.0,0.0,0.0,0.0,0.0,0.0,166.0,18.0,53.0,59.0,9.0,0.0,0.0,0.0,0.0,0.0,0.0,ID_NORMAL_001,JOINT2_SWEEP_MEDIUM,RUN_01,50.0,0.0,NORMAL,NONE,COLD
508893.7273504,45.0,-8.08,112.1,-0.0,65.21,-0.0,0.0,0.0,0.0,0.0,0.0,0.0,0.0,166.0,16.0,52.0,62.0,9.0,0.0,0.0,0.0,0.0,0.0,0.0,ID_NORMAL_001,JOINT2_SWEEP_MEDIUM,RUN_01,50.0,0.0,NORMAL,NONE,COLD
508893.7807464,45.0,-8.08,112.1,-0.0,65.21,-0.0,0.0,0.0,0.0,0.0,0.0,0.0,0.0,166.0,17.0,52.0,60.0,9.0,0.0,0.0,0.0,0.0,0.0,0.0,ID_NORMAL_001,JOINT2_SWEEP_MEDIUM,RUN_01,50.0,0.0,NORMAL,NONE,COLD
508893.7807464,45.0,-8.08,112.1,-0.0,65.21,-0.0,0.0,0.0,0.0,0.0,0.0,0.0,0.0,166.0,18.0,51.0,60.0,9.0,0.0,0.0,0.0,0.0,0.0,0.0,ID_NORMAL_001,JOINT2_SWEEP_MEDIUM,RUN_01,50.0,0.0,NORMAL,NONE,COLD
508893.8279264,45.0,-8.08,112.1,-0.0,65.21,-0.0,0.0,0.0,0.0,0.0,0.0,0.0,0.0,166.0,17.0,53.0,60.0,9.0,0.0,0.0,0.0,0.0,0.0,0.0,ID_NORMAL_001,JOINT2_SWEEP_MEDIUM,RUN_01,50.0,0.0,NORMAL,NONE,COLD
508893.8747667,45.0,-8.08,112.1,-0.0,65.21,-0.0,0.0,0.0,0.0,0.0,0.0,0.0,0.0,166.0,15.0,52.0,61.0,9.0,0.0,0.0,0.0,0.0,0.0,0.0,ID_NORMAL_001,JOINT2_SWEEP_MEDIUM,RUN_01,50.0,0.0,NORMAL,NONE,COLD
508893.8747667,45.0,-8.08,112.1,-0.0,65.21,-0.0,0.0,0.0,0.0,0.0,0.0,0.0,0.0,166.0,18.0,53.0,61.0,9.0,0.0,0.0,0.0,0.0,0.0,0.0,ID_NORMAL_001,JOINT2_SWEEP_MEDIUM,RUN_01,50.0,0.0,NORMAL,NONE,COLD
508893.921778,45.0,-8.08,112.1,-0.0,65.21,-0.0,0.0,0.0,0.0,0.0,0.0,0.0,0.0,166.0,17.0,52.0,62.0,9.0,0.0,0.0,0.0,0.0,0.0,0.0,ID_NORMAL_001,JOINT2_SWEEP_MEDIUM,RUN_01,50.0,0.0,NORMAL,NONE,COLD
508893.921778,45.0,-8.08,112.1,-0.0,65.21,-0.0,0.0,0.0,0.0,0.0,0.0,0.0,0.0,166.0,17.0,53.0,60.0,9.0,0.0,0.0,0.0,0.0,0.0,0.0,ID_NORMAL_001,JOINT2_SWEEP_MEDIUM,RUN_01,50.0,0.0,NORMAL,NONE,COLD
508893.9377477,45.0,-8.08,112.1,-0.0,65.21,-0.0,0.0,0.0,0.0,0.0,0.0,0.0,0.0,166.0,16.0,53.0,59.0,9.0,0.0,0.0,0.0,0.0,0.0,0.0,ID_NORMAL_001,JOINT2_SWEEP_MEDIUM,RUN_01,50.0,0.0,NORMAL,NONE,COLD
508893.984514,45.0,-8.08,112.1,-0.0,65.21,-0.0,0.0,0.0,0.0,0.0,0.0,0.0,0.0,166.0,16.0,50.0,63.0,9.0,0.0,0.0,0.0,0.0,0.0,0.0,ID_NORMAL_001,JOINT2_SWEEP_MEDIUM,RUN_01,50.0,0.0,NORMAL,NONE,COLD
508894.0308976,45.0,-8.08,112.1,-0.0,65.21,-0.0,0.0,0.0,0.0,0.0,0.0,0.0,0.0,166.0,16.0,53.0,60.0,9.0,0.0,0.0,0.0,0.0,0.0,0.0,ID_NORMAL_001,JOINT2_SWEEP_MEDIUM,RUN_01,50.0,0.0,NORMAL,NONE,COLD
508894.0308976,45.0,-8.08,112.1,-0.0,65.21,-0.0,0.0,0.0,0.0,0.0,0.0,0.0,0.0,166.0,16.0,52.0,61.0,9.0,0.0,0.0,0.0,0.0,0.0,0.0,ID_NORMAL_001,JOINT2_SWEEP_MEDIUM,RUN_01,50.0,0.0,NORMAL,NONE,COLD
508894.0775107,45.0,-8.08,112.1,-0.0,65.21,-0.0,0.0,0.0,0.0,0.0,0.0,0.0,0.0,166.0,18.0,52.0,61.0,9.0,0.0,0.0,0.0,0.0,0.0,0.0,ID_NORMAL_001,JOINT2_SWEEP_MEDIUM,RUN_01,50.0,0.0,NORMAL,NONE,COLD
508894.0775107,45.0,-8.08,112.1,-0.0,65.21,-0.0,0.0,0.0,0.0,0.0,0.0,0.0,0.0,166.0,17.0,52.0,61.0,9.0,0.0,0.0,0.0,0.0,0.0,0.0,ID_NORMAL_001,JOINT2_SWEEP_MEDIUM,RUN_01,50.0,0.0,NORMAL,NONE,COLD
508894.1238977,45.0,-8.08,112.1,-0.0,65.21,-0.0,0.0,0.0,0.0,0.0,0.0,0.0,0.0,166.0,18.0,52.0,61.0,9.0,0.0,0.0,0.0,0.0,0.0,0.0,ID_NORMAL_001,JOINT2_SWEEP_MEDIUM,RUN_01,50.0,0.0,NORMAL,NONE,COLD
508894.1296315,45.0,-8.08,112.1,-0.0,65.21,-0.0,0.0,0.0,0.0,0.0,0.0,0.0,0.0,166.0,17.0,53.0,59.0,9.0,0.0,0.0,0.0,0.0,0.0,0.0,ID_NORMAL_001,JOINT2_SWEEP_MEDIUM,RUN_01,50.0,0.0,NORMAL,NONE,COLD
508894.1723499,45.0,-8.08,112.1,-0.0,65.21,-0.0,0.0,0.0,0.0,0.0,0.0,0.0,0.0,166.0,18.0,56.0,59.0,9.0,0.0,0.0,0.0,0.0,0.0,0.0,ID_NORMAL_001,JOINT2_SWEEP_MEDIUM,RUN_01,50.0,0.0,NORMAL,NONE,COLD
508894.2178156,45.0,-8.08,112.1,-0.0,65.21,-0.0,0.0,0.0,0.0,0.0,0.0,0.0,0.0,166.0,16.0,54.0,60.0,9.0,0.0,0.0,0.0,0.0,0.0,0.0,ID_NORMAL_001,JOINT2_SWEEP_MEDIUM,RUN_01,50.0,0.0,NORMAL,NONE,COLD
508894.2178156,45.0,-8.08,112.1,-0.0,65.21,-0.0,0.0,0.0,0.0,0.0,0.0,0.0,0.0,166.0,17.0,54.0,60.0,9.0,0.0,0.0,0.0,0.0,0.0,0.0,ID_NORMAL_001,JOINT2_SWEEP_MEDIUM,RUN_01,50.0,0.0,NORMAL,NONE,COLD
508894.263517,45.0,-8.08,112.1,-0.0,65.21,-0.0,0.0,0.0,0.0,0.0,0.0,0.0,0.0,166.0,18.0,51.0,60.0,9.0,0.0,0.0,0.0,0.0,0.0,0.0,ID_NORMAL_001,JOINT2_SWEEP_MEDIUM,RUN_01,50.0,0.0,NORMAL,NONE,COLD
508894.3100271,45.0,-8.08,112.1,-0.0,65.21,-0.0,0.0,0.0,0.0,0.0,0.0,0.0,0.0,167.0,17.0,54.0,60.0,9.0,0.0,0.0,0.0,0.0,0.0,0.0,ID_NORMAL_001,JOINT2_SWEEP_MEDIUM,RUN_01,50.0,0.0,NORMAL,NONE,COLD
508894.3100271,45.0,-8.08,112.1,-0.0,65.21,-0.0,0.0,0.0,0.0,0.0,0.0,0.0,0.0,166.0,17.0,52.0,60.0,9.0,0.0,0.0,0.0,0.0,0.0,0.0,ID_NORMAL_001,JOINT2_SWEEP_MEDIUM,RUN_01,50.0,0.0,NORMAL,NONE,COLD
508894.3290117,45.0,-8.08,112.1,-0.0,65.21,-0.0,0.0,0.0,0.0,0.0,0.0,0.0,0.0,166.0,16.0,53.0,59.0,9.0,0.0,0.0,0.0,0.0,0.0,0.0,ID_NORMAL_001,JOINT2_SWEEP_MEDIUM,RUN_01,50.0,0.0,NORMAL,NONE,COLD
508894.3726136,45.0,-8.08,112.1,-0.0,65.21,-0.0,0.0,0.0,0.0,0.0,0.0,0.0,0.0,166.0,19.0,53.0,63.0,9.0,0.0,0.0,0.0,0.0,0.0,0.0,ID_NORMAL_001,JOINT2_SWEEP_MEDIUM,RUN_01,50.0,0.0,NORMAL,NONE,COLD
508894.4188459,45.0,-8.08,112.1,-0.0,65.21,-0.0,0.0,0.0,0.0,0.0,0.0,0.0,0.0,166.0,17.0,52.0,61.0,9.0,0.0,0.0,0.0,0.0,0.0,0.0,ID_NORMAL_001,JOINT2_SWEEP_MEDIUM,RUN_01,50.0,0.0,NORMAL,NONE,COLD
508894.4188459,45.0,-8.08,112.1,-0.0,65.21,-0.0,0.0,0.0,0.0,0.0,0.0,0.0,0.0,166.0,17.0,53.0,60.0,9.0,0.0,0.0,0.0,0.0,0.0,0.0,ID_NORMAL_001,JOINT2_SWEEP_MEDIUM,RUN_01,50.0,0.0,NORMAL,NONE,COLD
508894.466228,45.0,-8.08,112.1,-0.0,65.21,-0.0,0.0,0.0,0.0,0.0,0.0,0.0,0.0,166.0,17.0,52.0,61.0,9.0,0.0,0.0,0.0,0.0,0.0,0.0,ID_NORMAL_001,JOINT2_SWEEP_MEDIUM,RUN_01,50.0,0.0,NORMAL,NONE,COLD
508894.466228,45.0,-8.08,112.1,-0.0,65.21,-0.0,0.0,0.0,0.0,0.0,0.0,0.0,0.0,166.0,17.0,53.0,62.0,9.0,0.0,0.0,0.0,0.0,0.0,0.0,ID_NORMAL_001,JOINT2_SWEEP_MEDIUM,RUN_01,50.0,0.0,NORMAL,NONE,COLD
508894.5137465,45.0,-8.08,112.1,-0.0,65.21,-0.0,0.0,0.0,0.0,0.0,0.0,0.0,0.0,166.0,17.0,52.0,61.0,9.0,0.0,0.0,0.0,0.0,0.0,0.0,ID_NORMAL_001,JOINT2_SWEEP_MEDIUM,RUN_01,50.0,0.0,NORMAL,NONE,COLD
508894.5137465,45.0,-8.08,112.1,-0.0,65.21,-0.0,0.0,0.0,0.0,0.0,0.0,0.0,0.0,166.0,17.0,53.0,60.0,9.0,0.0,0.0,0.0,0.0,0.0,0.0,ID_NORMAL_001,JOINT2_SWEEP_MEDIUM,RUN_01,50.0,0.0,NORMAL,NONE,COLD
508894.5410533,45.0,-8.08,112.1,-0.0,65.21,-0.0,0.0,0.0,0.0,0.0,0.0,0.0,0.0,167.0,17.0,51.0,60.0,9.0,0.0,0.0,0.0,0.0,0.0,0.0,ID_NORMAL_001,JOINT2_SWEEP_MEDIUM,RUN_01,50.0,0.0,NORMAL,NONE,COLD
508894.5918844,45.0,-8.08,112.1,-0.0,65.21,-0.0,0.0,0.0,0.0,0.0,0.0,0.0,0.0,166.0,17.0,52.0,60.0,9.0,0.0,0.0,0.0,0.0,0.0,0.0,ID_NORMAL_001,JOINT2_SWEEP_MEDIUM,RUN_01,50.0,0.0,NORMAL,NONE,COLD
508894.6385094,45.0,-8.08,112.1,-0.0,65.21,-0.0,0.0,0.0,0.0,0.0,0.0,0.0,0.0,166.0,17.0,52.0,63.0,9.0,0.0,0.0,0.0,0.0,0.0,0.0,ID_NORMAL_001,JOINT2_SWEEP_MEDIUM,RUN_01,50.0,0.0,NORMAL,NONE,COLD
508894.6385094,45.0,-8.08,112.1,-0.0,65.21,-0.0,0.0,0.0,0.0,0.0,0.0,0.0,0.0,166.0,17.0,54.0,58.0,9.0,0.0,0.0,0.0,0.0,0.0,0.0,ID_NORMAL_001,JOINT2_SWEEP_MEDIUM,RUN_01,50.0,0.0,NORMAL,NONE,COLD
508894.6777234,45.0,-8.08,112.1,-0.0,65.21,-0.0,0.0,0.0,0.0,0.0,0.0,0.0,0.0,166.0,18.0,53.0,62.0,9.0,0.0,0.0,0.0,0.0,0.0,0.0,ID_NORMAL_001,JOINT2_SWEEP_MEDIUM,RUN_01,50.0,0.0,NORMAL,NONE,COLD
508894.6783726,45.0,-8.08,112.1,-0.0,65.21,-0.0,0.0,0.0,0.0,0.0,0.0,0.0,0.0,166.0,18.0,53.0,61.0,9.0,0.0,0.0,0.0,0.0,0.0,0.0,ID_NORMAL_001,JOINT2_SWEEP_MEDIUM,RUN_01,50.0,0.0,NORMAL,NONE,COLD
508894.7299418,45.0,-8.08,112.1,-0.0,65.21,-0.0,0.0,0.0,0.0,0.0,0.0,0.0,0.0,166.0,16.0,52.0,62.0,9.0,0.0,0.0,0.0,0.0,0.0,0.0,ID_NORMAL_001,JOINT2_SWEEP_MEDIUM,RUN_01,50.0,0.0,NORMAL,NONE,COLD
508894.7774656,45.0,-8.08,112.1,-0.0,65.21,-0.0,0.0,0.0,0.0,0.0,0.0,0.0,0.0,166.0,17.0,54.0,60.0,9.0,0.0,0.0,0.0,0.0,0.0,0.0,ID_NORMAL_001,JOINT2_SWEEP_MEDIUM,RUN_01,50.0,0.0,NORMAL,NONE,COLD
508894.7774656,45.0,-8.08,112.1,-0.0,65.21,-0.0,0.0,0.0,0.0,0.0,0.0,0.0,0.0,166.0,17.0,54.0,61.0,9.0,0.0,0.0,0.0,0.0,0.0,0.0,ID_NORMAL_001,JOINT2_SWEEP_MEDIUM,RUN_01,50.0,0.0,NORMAL,NONE,COLD
508894.8240725,45.0,-8.08,112.1,-0.0,65.21,-0.0,0.0,0.0,0.0,0.0,0.0,0.0,0.0,166.0,17.0,54.0,61.0,9.0,0.0,0.0,0.0,0.0,0.0,0.0,ID_NORMAL_001,JOINT2_SWEEP_MEDIUM,RUN_01,50.0,0.0,NORMAL,NONE,COLD
508894.8240725,45.0,-8.08,112.1,-0.0,65.21,-0.0,0.0,0.0,0.0,0.0,0.0,0.0,0.0,166.0,16.0,54.0,59.0,9.0,0.0,0.0,0.0,0.0,0.0,0.0,ID_NORMAL_001,JOINT2_SWEEP_MEDIUM,RUN_01,50.0,0.0,NORMAL,NONE,COLD
508894.8704444,45.0,-8.08,112.1,-0.0,65.21,-0.0,0.0,0.0,0.0,0.0,0.0,0.0,0.0,166.0,17.0,52.0,62.0,9.0,0.0,0.0,0.0,0.0,0.0,0.0,ID_NORMAL_001,JOINT2_SWEEP_MEDIUM,RUN_01,50.0,0.0,NORMAL,NONE,COLD
508894.8704444,45.0,-8.08,112.1,-0.0,65.21,-0.0,0.0,0.0,0.0,0.0,0.0,0.0,0.0,166.0,18.0,52.0,61.0,9.0,0.0,0.0,0.0,0.0,0.0,0.0,ID_NORMAL_001,JOINT2_SWEEP_MEDIUM,RUN_01,50.0,0.0,NORMAL,NONE,COLD
508894.9174009,45.0,-8.08,112.1,-0.0,65.21,-0.0,0.0,0.0,0.0,0.0,0.0,0.0,0.0,166.0,17.0,53.0,59.0,9.0,0.0,0.0,0.0,0.0,0.0,0.0,ID_NORMAL_001,JOINT2_SWEEP_MEDIUM,RUN_01,50.0,0.0,NORMAL,NONE,COLD
508894.9303291,45.0,-8.08,112.1,-0.0,65.21,-0.0,0.0,0.0,0.0,0.0,0.0,0.0,0.0,166.0,17.0,52.0,61.0,9.0,0.0,0.0,0.0,0.0,0.0,0.0,ID_NORMAL_001,JOINT2_SWEEP_MEDIUM,RUN_01,50.0,0.0,NORMAL,NONE,COLD
508894.9797003,45.0,-8.08,112.1,-0.0,65.21,-0.0,0.0,0.0,0.0,0.0,0.0,0.0,0.0,166.0,16.0,52.0,62.0,9.0,0.0,0.0,0.0,0.0,0.0,0.0,ID_NORMAL_001,JOINT2_SWEEP_MEDIUM,RUN_01,50.0,0.0,NORMAL,NONE,COLD
508894.9797003,45.0,-8.08,112.1,-0.0,65.21,-0.0,0.0,0.0,0.0,0.0,0.0,0.0,0.0,166.0,18.0,51.0,63.0,9.0,0.0,0.0,0.0,0.0,0.0,0.0,ID_NORMAL_001,JOINT2_SWEEP_MEDIUM,RUN_01,50.0,0.0,NORMAL,NONE,COLD
508895.0266018,45.0,-8.08,112.1,-0.0,65.21,-0.0,0.0,0.0,0.0,0.0,0.0,0.0,0.0,166.0,17.0,52.0,61.0,9.0,0.0,0.0,0.0,0.0,0.0,0.0,ID_NORMAL_001,JOINT2_SWEEP_MEDIUM,RUN_01,50.0,0.0,NORMAL,NONE,COLD
508895.0728185,45.0,-8.08,112.1,-0.0,65.21,-0.0,0.0,0.0,0.0,0.0,0.0,0.0,0.0,166.0,16.0,52.0,61.0,9.0,0.0,0.0,0.0,0.0,0.0,0.0,ID_NORMAL_001,JOINT2_SWEEP_MEDIUM,RUN_01,50.0,0.0,NORMAL,NONE,COLD
508895.0728185,45.0,-8.08,112.1,-0.0,65.21,-0.0,0.0,0.0,0.0,0.0,0.0,0.0,0.0,166.0,18.0,51.0,58.0,9.0,0.0,0.0,0.0,0.0,0.0,0.0,ID_NORMAL_001,JOINT2_SWEEP_MEDIUM,RUN_01,50.0,0.0,NORMAL,NONE,COLD
508895.1200619,45.0,-8.08,112.1,-0.0,65.21,-0.0,0.0,0.0,0.0,0.0,0.0,0.0,0.0,166.0,17.0,53.0,62.0,9.0,0.0,0.0,0.0,0.0,0.0,0.0,ID_NORMAL_001,JOINT2_SWEEP_MEDIUM,RUN_01,50.0,0.0,NORMAL,NONE,COLD
508895.1200619,45.0,-8.08,112.1,-0.0,65.21,-0.0,0.0,0.0,0.0,0.0,0.0,0.0,0.0,166.0,18.0,54.0,62.0,9.0,0.0,0.0,0.0,0.0,0.0,0.0,ID_NORMAL_001,JOINT2_SWEEP_MEDIUM,RUN_01,50.0,0.0,NORMAL,NONE,COLD
508895.1413063,45.0,-8.08,112.1,-0.0,65.21,-0.0,0.0,0.0,0.0,0.0,0.0,0.0,0.0,166.0,17.0,51.0,58.0,9.0,0.0,0.0,0.0,0.0,0.0,0.0,ID_NORMAL_001,JOINT2_SWEEP_MEDIUM,RUN_01,50.0,0.0,NORMAL,NONE,COLD
508895.1965135,45.0,-8.08,112.1,-0.0,65.21,-0.0,0.0,0.0,0.0,0.0,0.0,0.0,0.0,166.0,17.0,52.0,61.0,9.0,0.0,0.0,0.0,0.0,0.0,0.0,ID_NORMAL_001,JOINT2_SWEEP_MEDIUM,RUN_01,50.0,0.0,NORMAL,NONE,COLD
508895.1965135,45.0,-8.08,112.1,-0.0,65.21,-0.0,0.0,0.0,0.0,0.0,0.0,0.0,0.0,166.0,16.0,53.0,61.0,9.0,0.0,0.0,0.0,0.0,0.0,0.0,ID_NORMAL_001,JOINT2_SWEEP_MEDIUM,RUN_01,50.0,0.0,NORMAL,NONE,COLD
508895.2440965,45.0,-8.08,112.1,-0.0,65.21,-0.0,0.0,0.0,0.0,0.0,0.0,0.0,0.0,166.0,18.0,51.0,59.0,9.0,0.0,0.0,0.0,0.0,0.0,0.0,ID_NORMAL_001,JOINT2_SWEEP_MEDIUM,RUN_01,50.0,0.0,NORMAL,NONE,COLD
508895.2907427,45.0,-8.08,112.1,-0.0,65.21,-0.0,0.0,0.0,0.0,0.0,0.0,0.0,0.0,166.0,16.0,53.0,61.0,9.0,0.0,0.0,0.0,0.0,0.0,0.0,ID_NORMAL_001,JOINT2_SWEEP_MEDIUM,RUN_01,50.0,0.0,NORMAL,NONE,COLD
508895.2907427,45.0,-8.08,112.1,-0.0,65.21,-0.0,0.0,0.0,0.0,0.0,0.0,0.0,0.0,166.0,16.0,53.0,60.0,9.0,0.0,0.0,0.0,0.0,0.0,0.0,ID_NORMAL_001,JOINT2_SWEEP_MEDIUM,RUN_01,50.0,0.0,NORMAL,NONE,COLD
508895.3310467,45.0,-8.08,112.1,-0.0,65.21,-0.0,0.0,0.0,0.0,0.0,0.0,0.0,0.0,166.0,17.0,52.0,60.0,9.0,0.0,0.0,0.0,0.0,0.0,0.0,ID_NORMAL_001,JOINT2_SWEEP_MEDIUM,RUN_01,50.0,0.0,NORMAL,NONE,COLD
508895.3841225,45.0,-8.08,112.1,-0.0,65.21,-0.0,0.0,0.0,0.0,0.0,0.0,0.0,0.0,166.0,16.0,53.0,59.0,9.0,0.0,0.0,0.0,0.0,0.0,0.0,ID_NORMAL_001,JOINT2_SWEEP_MEDIUM,RUN_01,50.0,0.0,NORMAL,NONE,COLD
508895.3841225,45.0,-8.08,112.1,-0.0,65.21,-0.0,0.0,0.0,0.0,0.0,0.0,0.0,0.0,166.0,16.0,52.0,60.0,9.0,0.0,0.0,0.0,0.0,0.0,0.0,ID_NORMAL_001,JOINT2_SWEEP_MEDIUM,RUN_01,50.0,0.0,NORMAL,NONE,COLD
508895.4293557,45.0,-8.08,112.1,-0.0,65.21,-0.0,0.0,0.0,0.0,0.0,0.0,0.0,0.0,166.0,18.0,53.0,60.0,9.0,0.0,0.0,0.0,0.0,0.0,0.0,ID_NORMAL_001,JOINT2_SWEEP_MEDIUM,RUN_01,50.0,0.0,NORMAL,NONE,COLD
508895.4293557,45.0,-8.08,112.1,-0.0,65.21,-0.0,0.0,0.0,0.0,0.0,0.0,0.0,0.0,166.0,17.0,52.0,62.0,9.0,0.0,0.0,0.0,0.0,0.0,0.0,ID_NORMAL_001,JOINT2_SWEEP_MEDIUM,RUN_01,50.0,0.0,NORMAL,NONE,COLD
508895.4762215,45.0,-8.08,112.1,-0.0,65.21,-0.0,0.0,0.0,0.0,0.0,0.0,0.0,0.0,166.0,17.0,53.0,59.0,9.0,0.0,0.0,0.0,0.0,0.0,0.0,ID_NORMAL_001,JOINT2_SWEEP_MEDIUM,RUN_01,50.0,0.0,NORMAL,NONE,COLD
508895.4762215,45.0,-8.08,112.1,-0.0,65.21,-0.0,0.0,0.0,0.0,0.0,0.0,0.0,0.0,166.0,17.0,52.0,59.0,9.0,0.0,0.0,0.0,0.0,0.0,0.0,ID_NORMAL_001,JOINT2_SWEEP_MEDIUM,RUN_01,50.0,0.0,NORMAL,NONE,COLD
508895.5231794,45.0,-8.08,112.1,-0.0,65.21,-0.0,0.0,0.0,0.0,0.0,0.0,0.0,0.0,166.0,16.0,52.0,60.0,9.0,0.0,0.0,0.0,0.0,0.0,0.0,ID_NORMAL_001,JOINT2_SWEEP_MEDIUM,RUN_01,50.0,0.0,NORMAL,NONE,COLD
508895.5316683,45.0,-8.08,112.1,-0.0,65.21,-0.0,0.0,0.0,0.0,0.0,0.0,0.0,0.0,166.0,16.0,53.0,61.0,9.0,0.0,0.0,0.0,0.0,0.0,0.0,ID_NORMAL_001,JOINT2_SWEEP_MEDIUM,RUN_01,50.0,0.0,NORMAL,NONE,COLD
508895.5859826,45.0,-8.08,112.1,-0.0,65.21,-0.0,0.0,0.0,0.0,0.0,0.0,0.0,0.0,166.0,16.0,54.0,61.0,9.0,0.0,0.0,0.0,0.0,0.0,0.0,ID_NORMAL_001,JOINT2_SWEEP_MEDIUM,RUN_01,50.0,0.0,NORMAL,NONE,COLD
508895.5859826,45.0,-8.08,112.1,-0.0,65.21,-0.0,0.0,0.0,0.0,0.0,0.0,0.0,0.0,166.0,18.0,52.0,60.0,9.0,0.0,0.0,0.0,0.0,0.0,0.0,ID_NORMAL_001,JOINT2_SWEEP_MEDIUM,RUN_01,50.0,0.0,NORMAL,NONE,COLD
508895.6313358,45.0,-8.08,112.1,-0.0,65.21,-0.0,0.0,0.0,0.0,0.0,0.0,0.0,0.0,166.0,17.0,54.0,62.0,10.0,0.0,0.0,0.0,0.0,0.0,0.0,ID_NORMAL_001,JOINT2_SWEEP_MEDIUM,RUN_01,50.0,0.0,NORMAL,NONE,COLD
508895.6782165,45.0,-8.08,112.1,-0.0,65.21,-0.0,0.0,0.0,0.0,0.0,0.0,0.0,0.0,166.0,18.0,52.0,60.0,9.0,0.0,0.0,0.0,0.0,0.0,0.0,ID_NORMAL_001,JOINT2_SWEEP_MEDIUM,RUN_01,50.0,0.0,NORMAL,NONE,COLD
508895.6782165,45.0,-8.08,112.1,-0.0,65.21,-0.0,0.0,0.0,0.0,0.0,0.0,0.0,0.0,166.0,16.0,54.0,62.0,9.0,0.0,0.0,0.0,0.0,0.0,0.0,ID_NORMAL_001,JOINT2_SWEEP_MEDIUM,RUN_01,50.0,0.0,NORMAL,NONE,COLD
508895.7260282,45.0,-8.08,112.1,-0.0,65.21,-0.0,0.0,0.0,0.0,0.0,0.0,0.0,0.0,166.0,18.0,51.0,60.0,9.0,0.0,0.0,0.0,0.0,0.0,0.0,ID_NORMAL_001,JOINT2_SWEEP_MEDIUM,RUN_01,50.0,0.0,NORMAL,NONE,COLD
508895.7260282,45.0,-8.08,112.1,-0.0,65.21,-0.0,0.0,0.0,0.0,0.0,0.0,0.0,0.0,166.0,17.0,52.0,61.0,9.0,0.0,0.0,0.0,0.0,0.0,0.0,ID_NORMAL_001,JOINT2_SWEEP_MEDIUM,RUN_01,50.0,0.0,NORMAL,NONE,COLD
508895.7430497,45.0,-8.08,112.1,-0.0,65.21,-0.0,0.0,0.0,0.0,0.0,0.0,0.0,0.0,166.0,18.0,52.0,63.0,9.0,0.0,0.0,0.0,0.0,0.0,0.0,ID_NORMAL_001,JOINT2_SWEEP_MEDIUM,RUN_01,50.0,0.0,NORMAL,NONE,COLD
508895.7870659,45.0,-8.08,112.1,-0.0,65.21,-0.0,0.0,0.0,0.0,0.0,0.0,0.0,0.0,166.0,17.0,55.0,62.0,9.0,0.0,0.0,0.0,0.0,0.0,0.0,ID_NORMAL_001,JOINT2_SWEEP_MEDIUM,RUN_01,50.0,0.0,NORMAL,NONE,COLD
508895.8347525,45.0,-8.08,112.1,-0.0,65.21,-0.0,0.0,0.0,0.0,0.0,0.0,0.0,0.0,166.0,17.0,53.0,60.0,9.0,0.0,0.0,0.0,0.0,0.0,0.0,ID_NORMAL_001,JOINT2_SWEEP_MEDIUM,RUN_01,50.0,0.0,NORMAL,NONE,COLD
508895.8347525,45.0,-8.08,112.1,-0.0,65.21,-0.0,0.0,0.0,0.0,0.0,0.0,0.0,0.0,166.0,16.0,54.0,60.0,9.0,0.0,0.0,0.0,0.0,0.0,0.0,ID_NORMAL_001,JOINT2_SWEEP_MEDIUM,RUN_01,50.0,0.0,NORMAL,NONE,COLD
508895.8820966,45.0,-8.08,112.1,-0.0,65.21,-0.0,0.0,0.0,0.0,0.0,0.0,0.0,0.0,166.0,17.0,52.0,60.0,9.0,0.0,0.0,0.0,0.0,0.0,0.0,ID_NORMAL_001,JOINT2_SWEEP_MEDIUM,RUN_01,50.0,0.0,NORMAL,NONE,COLD
508895.8820966,45.0,-8.08,112.1,-0.0,65.21,-0.0,0.0,0.0,0.0,0.0,0.0,0.0,0.0,166.0,17.0,53.0,61.0,9.0,0.0,0.0,0.0,0.0,0.0,0.0,ID_NORMAL_001,JOINT2_SWEEP_MEDIUM,RUN_01,50.0,0.0,NORMAL,NONE,COLD
508895.9286794,45.0,-8.08,112.1,-0.0,65.21,-0.0,0.0,0.0,0.0,0.0,0.0,0.0,0.0,166.0,18.0,53.0,60.0,9.0,0.0,0.0,0.0,0.0,0.0,0.0,ID_NORMAL_001,JOINT2_SWEEP_MEDIUM,RUN_01,50.0,0.0,NORMAL,NONE,COLD
508895.935057,45.0,-8.08,112.1,-0.0,65.21,-0.0,0.0,0.0,0.0,0.0,0.0,0.0,0.0,165.0,18.0,53.0,62.0,9.0,0.0,0.0,0.0,0.0,0.0,0.0,ID_NORMAL_001,JOINT2_SWEEP_MEDIUM,RUN_01,50.0,0.0,NORMAL,NONE,COLD
508895.9776041,45.0,-8.08,112.1,-0.0,65.21,-0.0,0.0,0.0,0.0,0.0,0.0,0.0,0.0,166.0,17.0,54.0,62.0,9.0,0.0,0.0,0.0,0.0,0.0,0.0,ID_NORMAL_001,JOINT2_SWEEP_MEDIUM,RUN_01,50.0,0.0,NORMAL,NONE,COLD
508896.0220905,45.0,-8.08,112.1,-0.0,65.21,-0.0,0.0,0.0,0.0,0.0,0.0,0.0,0.0,166.0,16.0,53.0,60.0,9.0,0.0,0.0,0.0,0.0,0.0,0.0,ID_NORMAL_001,JOINT2_SWEEP_MEDIUM,RUN_01,50.0,0.0,NORMAL,NONE,COLD
508896.0220905,45.0,-8.08,112.1,-0.0,65.21,-0.0,0.0,0.0,0.0,0.0,0.0,0.0,0.0,166.0,18.0,52.0,61.0,9.0,0.0,0.0,0.0,0.0,0.0,0.0,ID_NORMAL_001,JOINT2_SWEEP_MEDIUM,RUN_01,50.0,0.0,NORMAL,NONE,COLD
508896.0729185,45.0,-8.08,112.1,-0.0,65.21,-0.0,0.0,0.0,0.0,0.0,0.0,0.0,0.0,166.0,18.0,54.0,58.0,9.0,0.0,0.0,0.0,0.0,0.0,0.0,ID_NORMAL_001,JOINT2_SWEEP_MEDIUM,RUN_01,50.0,0.0,NORMAL,NONE,COLD
508896.1152798,45.0,-8.08,112.1,-0.0,65.21,-0.0,0.0,0.0,0.0,0.0,0.0,0.0,0.0,166.0,17.0,53.0,60.0,9.0,0.0,0.0,0.0,0.0,0.0,0.0,ID_NORMAL_001,JOINT2_SWEEP_MEDIUM,RUN_01,50.0,0.0,NORMAL,NONE,COLD
508896.1152798,45.0,-8.08,112.1,-0.0,65.21,-0.0,0.0,0.0,0.0,0.0,0.0,0.0,0.0,166.0,18.0,53.0,61.0,9.0,0.0,0.0,0.0,0.0,0.0,0.0,ID_NORMAL_001,JOINT2_SWEEP_MEDIUM,RUN_01,50.0,0.0,NORMAL,NONE,COLD
508896.1376794,45.0,-8.08,112.1,-0.0,65.21,-0.0,0.0,0.0,0.0,0.0,0.0,0.0,0.0,166.0,17.0,52.0,59.0,9.0,0.0,0.0,0.0,0.0,0.0,0.0,ID_NORMAL_001,JOINT2_SWEEP_MEDIUM,RUN_01,50.0,0.0,NORMAL,NONE,COLD
508896.1775617,45.0,-8.08,112.1,-0.0,65.21,-0.0,0.0,0.0,0.0,0.0,0.0,0.0,0.0,166.0,17.0,52.0,62.0,9.0,0.0,0.0,0.0,0.0,0.0,0.0,ID_NORMAL_001,JOINT2_SWEEP_MEDIUM,RUN_01,50.0,0.0,NORMAL,NONE,COLD
508896.2260668,45.0,-8.08,112.1,-0.0,65.21,-0.0,0.0,0.0,0.0,0.0,0.0,0.0,0.0,166.0,17.0,53.0,62.0,9.0,0.0,0.0,0.0,0.0,0.0,0.0,ID_NORMAL_001,JOINT2_SWEEP_MEDIUM,RUN_01,50.0,0.0,NORMAL,NONE,COLD
508896.2260668,45.0,-8.08,112.1,-0.0,65.21,-0.0,0.0,0.0,0.0,0.0,0.0,0.0,0.0,166.0,17.0,52.0,61.0,9.0,0.0,0.0,0.0,0.0,0.0,0.0,ID_NORMAL_001,JOINT2_SWEEP_MEDIUM,RUN_01,50.0,0.0,NORMAL,NONE,COLD
508896.2741975,45.0,-8.08,112.1,-0.0,65.21,-0.0,0.0,0.0,0.0,0.0,0.0,0.0,0.0,166.0,18.0,52.0,61.0,9.0,0.0,0.0,0.0,0.0,0.0,0.0,ID_NORMAL_001,JOINT2_SWEEP_MEDIUM,RUN_01,50.0,0.0,NORMAL,NONE,COLD
508896.2741975,45.0,-8.08,112.1,-0.0,65.21,-0.0,0.0,0.0,0.0,0.0,0.0,0.0,0.0,166.0,16.0,52.0,61.0,9.0,0.0,0.0,0.0,0.0,0.0,0.0,ID_NORMAL_001,JOINT2_SWEEP_MEDIUM,RUN_01,50.0,0.0,NORMAL,NONE,COLD
508896.3195677,45.0,-8.08,112.1,-0.0,65.21,-0.0,0.0,0.0,0.0,0.0,0.0,0.0,0.0,166.0,18.0,51.0,61.0,9.0,0.0,0.0,0.0,0.0,0.0,0.0,ID_NORMAL_001,JOINT2_SWEEP_MEDIUM,RUN_01,50.0,0.0,NORMAL,NONE,COLD
508896.3195677,45.0,-8.08,112.1,-0.0,65.21,-0.0,0.0,0.0,0.0,0.0,0.0,0.0,0.0,166.0,18.0,51.0,61.0,9.0,0.0,0.0,0.0,0.0,0.0,0.0,ID_NORMAL_001,JOINT2_SWEEP_MEDIUM,RUN_01,50.0,0.0,NORMAL,NONE,COLD
508896.3466708,45.0,-8.08,112.1,-0.0,65.21,-0.0,0.0,0.0,0.0,0.0,0.0,0.0,0.0,166.0,18.0,52.0,59.0,9.0,0.0,0.0,0.0,0.0,0.0,0.0,ID_NORMAL_001,JOINT2_SWEEP_MEDIUM,RUN_01,50.0,0.0,NORMAL,NONE,COLD
508896.4103735,45.0,-8.08,112.1,-0.0,65.21,-0.0,0.0,0.0,0.0,0.0,0.0,0.0,0.0,166.0,17.0,50.0,60.0,9.0,0.0,0.0,0.0,0.0,0.0,0.0,ID_NORMAL_001,JOINT2_SWEEP_MEDIUM,RUN_01,50.0,0.0,NORMAL,NONE,COLD
508896.4440258,45.0,-8.08,112.1,-0.0,65.21,-0.0,0.0,0.0,0.0,0.0,0.0,0.0,0.0,166.0,17.0,51.0,61.0,9.0,0.0,0.0,0.0,0.0,0.0,0.0,ID_NORMAL_001,JOINT2_SWEEP_MEDIUM,RUN_01,50.0,0.0,NORMAL,NONE,COLD
508896.4440258,45.0,-8.08,112.1,-0.0,65.21,-0.0,0.0,0.0,0.0,0.0,0.0,0.0,0.0,166.0,16.0,53.0,60.0,9.0,0.0,0.0,0.0,0.0,0.0,0.0,ID_NORMAL_001,JOINT2_SWEEP_MEDIUM,RUN_01,50.0,0.0,NORMAL,NONE,COLD
508896.4945927,45.0,-8.08,112.1,-0.0,65.21,-0.0,0.0,0.0,0.0,0.0,0.0,0.0,0.0,166.0,18.0,52.0,61.0,9.0,0.0,0.0,0.0,0.0,0.0,0.0,ID_NORMAL_001,JOINT2_SWEEP_MEDIUM,RUN_01,50.0,0.0,NORMAL,NONE,COLD
508896.4945927,45.0,-8.08,112.1,-0.0,65.21,-0.0,0.0,0.0,0.0,0.0,0.0,0.0,0.0,166.0,17.0,52.0,62.0,9.0,0.0,0.0,0.0,0.0,0.0,0.0,ID_NORMAL_001,JOINT2_SWEEP_MEDIUM,RUN_01,50.0,0.0,NORMAL,NONE,COLD
508896.5370464,45.0,-8.08,112.1,-0.0,65.21,-0.0,0.0,0.0,0.0,0.0,0.0,0.0,0.0,166.0,17.0,52.0,60.0,9.0,0.0,0.0,0.0,0.0,0.0,0.0,ID_NORMAL_001,JOINT2_SWEEP_MEDIUM,RUN_01,50.0,0.0,NORMAL,NONE,COLD
508896.5401008,45.0,-8.08,112.1,-0.0,65.21,-0.0,0.0,0.0,0.0,0.0,0.0,0.0,0.0,166.0,17.0,54.0,60.0,9.0,0.0,0.0,0.0,0.0,0.0,0.0,ID_NORMAL_001,JOINT2_SWEEP_MEDIUM,RUN_01,50.0,0.0,NORMAL,NONE,COLD
508896.5856972,45.0,-8.08,112.1,-0.0,65.21,-0.0,0.0,0.0,0.0,0.0,0.0,0.0,0.0,166.0,17.0,53.0,63.0,9.0,0.0,0.0,0.0,0.0,0.0,0.0,ID_NORMAL_001,JOINT2_SWEEP_MEDIUM,RUN_01,50.0,0.0,NORMAL,NONE,COLD
508896.6388947,45.0,-8.08,112.1,-0.0,65.21,-0.0,0.0,0.0,0.0,0.0,0.0,0.0,0.0,166.0,19.0,54.0,60.0,9.0,0.0,0.0,0.0,0.0,0.0,0.0,ID_NORMAL_001,JOINT2_SWEEP_MEDIUM,RUN_01,50.0,0.0,NORMAL,NONE,COLD
508896.6388947,45.0,-8.08,112.1,-0.0,65.21,-0.0,0.0,0.0,0.0,0.0,0.0,0.0,0.0,166.0,17.0,54.0,61.0,9.0,0.0,0.0,0.0,0.0,0.0,0.0,ID_NORMAL_001,JOINT2_SWEEP_MEDIUM,RUN_01,50.0,0.0,NORMAL,NONE,COLD
508896.6831397,45.0,-8.08,112.1,-0.0,65.21,-0.0,0.0,0.0,0.0,0.0,0.0,0.0,0.0,166.0,17.0,53.0,61.0,9.0,0.0,0.0,0.0,0.0,0.0,0.0,ID_NORMAL_001,JOINT2_SWEEP_MEDIUM,RUN_01,50.0,0.0,NORMAL,NONE,COLD
508896.6831397,45.0,-8.08,112.1,-0.0,65.21,-0.0,0.0,0.0,0.0,0.0,0.0,0.0,0.0,166.0,17.0,51.0,60.0,9.0,0.0,0.0,0.0,0.0,0.0,0.0,ID_NORMAL_001,JOINT2_SWEEP_MEDIUM,RUN_01,50.0,0.0,NORMAL,NONE,COLD
508896.7246304,45.0,-8.08,112.1,-0.0,65.21,-0.0,0.0,0.0,0.0,0.0,0.0,0.0,0.0,166.0,17.0,53.0,59.0,9.0,0.0,0.0,0.0,0.0,0.0,0.0,ID_NORMAL_001,JOINT2_SWEEP_MEDIUM,RUN_01,50.0,0.0,NORMAL,NONE,COLD
508896.7436777,45.0,-8.08,112.1,-0.0,65.21,-0.0,0.0,0.0,0.0,0.0,0.0,0.0,0.0,166.0,17.0,52.0,61.0,9.0,0.0,0.0,0.0,0.0,0.0,0.0,ID_NORMAL_001,JOINT2_SWEEP_MEDIUM,RUN_01,50.0,0.0,NORMAL,NONE,COLD
508896.7863083,45.0,-8.08,112.1,-0.0,65.21,-0.0,0.0,0.0,0.0,0.0,0.0,0.0,0.0,166.0,17.0,54.0,60.0,9.0,0.0,0.0,0.0,0.0,0.0,0.0,ID_NORMAL_001,JOINT2_SWEEP_MEDIUM,RUN_01,50.0,0.0,NORMAL,NONE,COLD
508896.7863083,45.0,-8.08,112.1,-0.0,65.21,-0.0,0.0,0.0,0.0,0.0,0.0,0.0,0.0,166.0,18.0,54.0,62.0,9.0,0.0,0.0,0.0,0.0,0.0,0.0,ID_NORMAL_001,JOINT2_SWEEP_MEDIUM,RUN_01,50.0,0.0,NORMAL,NONE,COLD
508896.8343595,45.0,-8.08,112.1,-0.0,65.21,-0.0,0.0,0.0,0.0,0.0,0.0,0.0,0.0,166.0,16.0,52.0,60.0,9.0,0.0,0.0,0.0,0.0,0.0,0.0,ID_NORMAL_001,JOINT2_SWEEP_MEDIUM,RUN_01,50.0,0.0,NORMAL,NONE,COLD
508896.8646907,45.0,-8.08,112.1,-0.0,65.21,-0.0,0.0,0.0,0.0,0.0,0.0,0.0,0.0,166.0,17.0,54.0,62.0,9.0,0.0,0.0,0.0,0.0,0.0,0.0,ID_NORMAL_001,JOINT2_SWEEP_MEDIUM,RUN_01,50.0,0.0,NORMAL,NONE,COLD
508896.8646907,45.0,-8.08,112.1,-0.0,65.21,-0.0,0.0,0.0,0.0,0.0,0.0,0.0,0.0,166.0,17.0,52.0,57.0,9.0,0.0,0.0,0.0,0.0,0.0,0.0,ID_NORMAL_001,JOINT2_SWEEP_MEDIUM,RUN_01,50.0,0.0,NORMAL,NONE,COLD
